LCLid,stdorToU,Acorn_grouped,cluster,avg_daily_mean,avg_daily_max,avg_daily_std,avg_daily_sum,avg_cv,avg_peak_ratio,avg_load_factor,variability
MAC003083,Std,Affluent,0,0.09275380882268583,0.7099053435114503,0.12716238841688182,4.44618778610687,1.3134179111519884,7.493657575535083,0.1653284820658508,0.03600740376862988
MAC001761,Std,Adversity,0,0.16838601132259062,0.8638699043887147,0.17603582441305987,8.043564261598746,0.9986156976193514,5.0319415636281555,0.2407183991080966,0.07712745319999062
MAC001140,Std,Affluent,0,0.13912485345418663,0.4956465258308158,0.09160846544047985,6.62996827794562,0.6451800816723076,3.5292852191711512,0.32122871204735826,0.03544172633183781
MAC004493,ToU,Adversity,1,0.5618316197083831,1.3564037269565217,0.2530905485159176,26.85546707863354,0.4765846231130411,2.5215345674250464,0.4465272498098325,0.21956507852838517
MAC002029,ToU,Affluent,0,0.2823096367785498,0.9460861231259967,0.2013215278615796,13.503840508293461,0.6654992569197375,3.2145055349786844,0.34176411176671734,0.1129830555468622
MAC001803,Std,Affluent,0,0.026051569638950577,0.12312302839116726,0.02978157856564964,1.2414321766561516,0.9302645001909416,3.718116370006244,0.37781985154308784,0.025578941904916306
MAC000976,ToU,Adversity,0,0.16360542506420775,0.5679476844544096,0.12175366968481216,7.838615845440957,0.6933799357952509,3.256490504892933,0.3508221700323794,0.04252366522662503
MAC000582,ToU,Adversity,1,0.39607819896872287,1.3000637692753627,0.27162459948044326,18.92240869304348,0.6780707910174639,3.2372612792055055,0.33784244003488506,0.12321095031647764
MAC004532,Std,Adversity,1,0.2891970228629641,1.5044657560398507,0.3187726719836763,13.849210461519302,1.1097339431078506,5.287417927979416,0.20662102536429872,0.07778243131866328
MAC002980,Std,Affluent,0,0.2640130216369203,0.9493371905785125,0.21967237201580384,12.65573223041322,0.8344735960383614,3.665820509541967,0.2894352189652504,0.07845691636871706
MAC003179,Std,Adversity,0,0.06818901433513577,0.3097214953271027,0.0610588201937768,3.269442990654205,0.8872771282316022,4.500014906623719,0.24992842335561982,0.011157792498080145
MAC000611,ToU,Comfortable,0,0.1135815879231901,0.6622917261248186,0.1253342598848464,5.440431058345428,1.0527894205934103,5.596070854354521,0.20994470990016767,0.03353964306010486
MAC004897,Std,Comfortable,1,0.37627636666489006,3.4827348783783787,0.7382586694424721,17.764718149163446,2.0091735421399495,10.143024337760918,0.10635010807674525,0.2567142675395471
MAC001099,Std,Affluent,1,0.37850682888134546,1.165417797586727,0.25149252586467497,18.11838461236802,0.6614350343524112,3.097254529233442,0.3405299338260164,0.10022517077200754
MAC000785,ToU,Affluent,0,0.33418155973246116,0.9471174754772389,0.1712710288344484,15.991177680323053,0.5000986208889047,2.8332741536706076,0.3846121885464473,0.09512581418329137
MAC004692,Std,Adversity,0,0.2522964382232316,1.047864321273032,0.2303255376849246,12.0959614760469,0.8452943149992838,4.023370081049598,0.2855226510663105,0.08302014360462437
MAC001529,ToU,Affluent,0,0.06119538169397803,0.3395879629629629,0.06093132291465643,2.928728395061729,0.9374575406553161,5.269738614665556,0.22602624759650786,0.016643680411357605
MAC004029,Std,Affluent,0,0.23039240389652613,0.7390629140728476,0.15685472838094633,11.008110925993376,0.673907036632317,3.214131568202431,0.3332506665030695,0.07773654459530593
MAC003999,Std,Comfortable,0,0.29392812976443805,0.938915188954635,0.15177428863089298,14.080706116568049,0.639191153113194,3.7702426656129386,0.3160216466636592,0.16668003529181954
MAC003750,Std,Comfortable,1,0.32693464038032316,1.3650540002,0.2684704168018306,15.6081039982,0.8234007249894757,4.243762528668504,0.25246659680766215,0.06752980659164608
MAC004202,Std,Comfortable,0,0.07389708226622008,0.2862145061728395,0.06694060036845657,3.5348425925925926,0.9165607027100046,3.910641514535408,0.30638297647040047,0.0249460998179173
MAC001319,ToU,Affluent,0,0.09668561203773361,0.489784733282443,0.0953212739720035,4.626687023358777,0.9769049831138429,5.098956618827028,0.22585478523758254,0.034560938678606684
MAC000041,Std,Adversity,0,0.1764786997119547,0.6888051477941177,0.15634301589214658,8.413280637745098,0.8574746117639966,3.882332734185684,0.28371531237574094,0.07839736845513584
MAC002957,Std,Comfortable,0,0.06489295249399213,0.3505867768595043,0.07404537641680561,3.1139123966942153,1.0674115785213927,4.972612668998402,0.24805187120048108,0.02871450250441855
MAC004376,Std,Adversity,0,0.12439457139865105,0.5527642951185495,0.09759430693224566,5.956984657880058,0.7275453531879172,4.0961906807416835,0.31426411259567927,0.032161452255348694
MAC005232,Std,Affluent,0,0.04587545381352253,0.3183320104497354,0.05992899204795732,2.1957804231481477,1.0948366532237113,5.038534753849947,0.3139929938640161,0.037720739821887644
MAC005439,Std,Adversity,0,0.10183270855677641,0.7061284677372263,0.15773434170286207,4.885140145839417,1.5543944908674483,7.052870067782455,0.15961351129982773,0.05642418190588952
MAC004358,Std,Adversity,0,0.09574679019328218,0.4044192201949861,0.08061016186020745,4.584612813649026,0.8332166648164469,4.174897779090383,0.2686860891210601,0.024334532129481393
MAC003617,ToU,Comfortable,0,0.07863348997626517,0.20181075697211148,0.039652182260534075,3.769482071713146,0.4907688724485772,2.5194455789648726,0.43917064093839797,0.011843244851476592
MAC005054,Std,Adversity,0,0.21385936113056178,0.8599610590342678,0.16866991259679562,10.23663084190031,0.8161680087614069,3.979778191537687,0.30615368761664896,0.0739893735378837
MAC005303,Std,Adversity,0,0.26020817072492086,0.9976506017402944,0.18409742303532076,12.455481926773759,0.8416263237073843,4.402641425488209,0.2917140643399091,0.16059984045589598
MAC003260,Std,Affluent,1,0.35204364778136954,1.2102287319470697,0.28630789192104344,16.8595009442344,0.8003256294341118,3.442290226329222,0.3039985563202153,0.10526315897812757
MAC003125,Std,Comfortable,0,0.13055357057008288,0.42533893129771,0.07475148126127358,6.246024427480918,0.5711979591023154,3.1559183817330823,0.3786109953030128,0.051394078327984614
MAC005122,ToU,Affluent,0,0.281456923281617,0.7874281240625001,0.14738658274451621,13.447673436875004,0.5129258747273854,2.8089813822660705,0.3842555638763765,0.09102423137258617
MAC004107,ToU,Comfortable,1,0.4346599011640828,1.0198621754977029,0.23271139276382535,20.789408880857582,0.5346534524633376,2.368492386260092,0.4456765105690124,0.1262126676158557
MAC003509,Std,Comfortable,0,0.060049145441309626,0.3745360621832359,0.0741077265417472,2.8792982454191027,1.2178693600175736,6.014339585359362,0.20602513959672014,0.016210655227403753
MAC004816,Std,Adversity,0,0.061279254591296045,0.1823836206896552,0.03277283746928355,2.9354482758620697,0.54858826844617,2.9649133649681088,0.40518111478116847,0.027531810152054206
MAC003912,Std,Affluent,0,0.15968210704010077,0.5002601617886179,0.11105548630742527,7.602601625203253,0.6713404375386883,3.0819859755914476,0.34650755806790634,0.05214215445929616
MAC000925,Std,Adversity,0,0.2992653369285088,1.0437116262790698,0.20930052171665156,14.295739530697677,0.6502062698865473,3.349521363257772,0.32688786483457205,0.08023288467810853
MAC000032,Std,Adversity,1,0.26962503214027544,1.9254663392900848,0.4465473894955353,12.793317009424724,1.71419630559429,8.199387302585137,0.14456512013883333,0.17492920475325363
MAC002560,ToU,Affluent,0,0.07611180853477602,0.2759284525790348,0.05098557886111588,3.63232612312812,0.6155102318495075,3.3632073431130083,0.3742458630427492,0.027024480225517265
MAC000053,Std,Comfortable,0,0.1724427669702013,0.7453914105521472,0.15938144563462614,8.254714109202453,0.8865491160530516,4.222998993046304,0.26314887001343823,0.050261102865325584
MAC001240,Std,Comfortable,1,0.3881050101613249,1.295674277929985,0.31264210906733725,18.60095890578387,0.8112861814996386,3.4141422067839646,0.3068350248315831,0.10783612445461394
MAC001430,Std,Affluent,0,0.19828642352440912,1.2225135634719713,0.20438804320027024,9.492904160036167,1.063448431619198,6.369596409099858,0.19405800764416778,0.08292715166403776
MAC005396,ToU,Comfortable,0,0.11821189738863001,0.6297074828571427,0.11980360256770275,5.6638585035374165,0.9295916496929663,5.0430324610566455,0.24296325478067887,0.03821660810304221
MAC005271,ToU,Affluent,0,0.06439243298398609,0.5928311171542552,0.1087070758167412,3.0801595744680847,1.6145787599755326,8.952155317448863,0.16177805737756112,0.037788051228789116
MAC001126,Std,Adversity,0,0.15116324468047523,0.5000362536253777,0.1279063821497941,7.217194864199396,0.8707817571501586,3.6324093062557385,0.3111744167130226,0.10414092750218618
MAC000338,Std,Affluent,0,0.24913823173576352,0.9192468156050954,0.19492392029256736,11.940863057802549,0.8012710483043801,3.75676425172757,0.2999484996698962,0.08706812702132463
MAC004070,Std,Affluent,0,0.16434803026258463,0.41603686666666667,0.07487882185386335,7.836755760983103,0.5404329157354584,2.770158221635769,0.5180486504868264,0.11236955059694
MAC002735,Std,Affluent,0,0.15077757712970824,0.5918529885298869,0.1315258246159363,7.224132471405492,0.8553662620745899,3.852758571235804,0.28552342562249144,0.039517751070445487
MAC001128,Std,Adversity,0,0.0703942223901581,0.2266540787009064,0.043598071815972715,3.3709773415407858,0.6109639606816514,3.159378610686104,0.3606591377351932,0.010644270277603748
MAC000547,Std,Comfortable,1,0.6125218291373276,1.4688046332850937,0.3100648504691842,29.33967873198263,0.4851769457581786,2.390460793605905,0.43368138078132984,0.22540795425065627
MAC000039,Std,Comfortable,0,0.18921272686077095,0.9012156879901961,0.18895480442677062,9.062372551960785,0.9192018749301171,4.490309472026131,0.2567047121097002,0.06686840003247428
MAC002552,ToU,Affluent,0,0.19113121073594827,1.0714392655574043,0.21023600139256846,9.155442590848583,1.004069367900118,5.243579154267877,0.23955431624839257,0.09549545880941096
MAC002630,Std,Comfortable,0,0.21662434119778476,1.036157186077844,0.22784549613170574,10.377836825149698,1.0260841993805792,4.78187444008219,0.2286463164088414,0.05736146273683834
MAC000097,Std,Comfortable,1,0.4066238778011782,1.7090270929802958,0.3666848539217325,19.500559113177346,0.8871432856657798,4.24833605728377,0.25181650321636806,0.13956605841301153
MAC004641,ToU,Comfortable,0,0.19938698275820402,1.5149933110367892,0.26638094340634105,9.55844816036789,1.3491899520448827,7.7294493392451855,0.15967942438708435,0.06596919657405254
MAC000531,Std,Affluent,0,0.10952861312496122,0.40289062485795457,0.0816023774237708,5.241302556676138,0.8862807284813564,4.389025492564319,0.2948650177352097,0.06227524949795115
MAC004256,Std,Adversity,0,0.26163738702316747,0.9225996914992272,0.1434001253730893,12.536109737094279,0.5363328654217898,3.5002378764866875,0.32929900719009075,0.051540903042745244
MAC004011,Std,Adversity,0,0.1742447145387455,0.6169668872516558,0.13552852694642842,8.348316224834434,0.7788950864191835,3.5248011143425573,0.30869427652275466,0.046681975246400643
MAC003079,Std,Adversity,0,0.1023168727329327,0.3940076335877862,0.08107477281587575,4.897946564885496,0.7748170911156728,3.757527035119807,0.29537877636967913,0.024201768118511886
MAC004575,Std,Adversity,1,0.3646122826924961,1.8656909555276384,0.44338161935542847,17.481652014447228,1.3198423956207932,5.618070158288987,0.20280527291930972,0.148541877254708
MAC001333,Std,Affluent,0,0.05383465066587159,0.2698093023255814,0.0501787596865203,2.5786697674418604,0.896503005554263,4.838407389918357,0.24616481458346873,0.015391892819347937
MAC004046,Std,Affluent,0,0.10380007304720136,0.6081202997493734,0.1250452485775189,4.977964909774436,1.073259703591653,5.572306718567106,0.26710813179443954,0.06595844087274033
MAC001197,Std,Comfortable,0,0.11942785578009536,0.4428179056145676,0.08790744678315945,5.709298937481031,0.744758498878484,3.7423229393423405,0.3247203377002888,0.04755643700468933
MAC002869,ToU,Affluent,1,0.5812186859805023,1.5950060615151516,0.42508256692225677,27.737927260757576,0.7161142049880928,2.744273913874946,0.3914517400120256,0.20644361620054236
MAC005410,Std,Comfortable,0,0.1343900358555407,0.6093337876021797,0.12572476646587558,6.442897820163486,0.9299004158768494,4.536112218427571,0.24448581901153035,0.054625019860506586
MAC000364,Std,Adversity,0,0.053885814034002236,0.2889500690707351,0.052599087141566435,2.578625519833564,0.9344173066228754,5.136286128757408,0.23217608402391401,0.019850201856716487
MAC000288,ToU,Affluent,0,0.21349132848505997,1.1288633863387976,0.2289138003283478,10.208674861338798,1.0655553651448113,5.368996898808156,0.1995685959987712,0.06345380013320816
MAC005461,Std,Adversity,0,0.19663203754369762,0.8721649620437956,0.15267130392968625,9.418388320145985,0.7641225355841339,4.40127365356865,0.24484105433822906,0.028291107932232606
MAC002381,Std,Affluent,0,0.19541721137881818,0.8189687947994058,0.16149479361961447,9.36632243536404,0.8143574729424016,4.143291915304723,0.27595289214030094,0.042812078873961025
MAC001772,ToU,Affluent,0,0.08731222115063066,0.5847958867088607,0.13132632696654334,4.186829114556961,1.4343410064191735,6.793139653733197,0.16354886295668583,0.045230027352135924
MAC004458,Std,Affluent,1,0.6562168995319828,2.060461629455445,0.5572080501183588,31.403955446658422,0.8499632845294955,3.250943412412146,0.32114022346200294,0.20799942673481087
MAC002366,Std,Adversity,0,0.0884717176705733,0.3411424332344214,0.062276171936121366,4.232789317507419,0.6866614684181147,3.8139815036005182,0.29230482551503134,0.019900825175130445
MAC005421,Std,Affluent,1,0.5011071207152041,1.260663030559345,0.27317971711013106,23.985965891541614,0.5220012334823444,2.4603006623957464,0.4329900493978547,0.14863708526908184
MAC001591,Std,Comfortable,0,0.06970222501872468,0.24110835913312698,0.050428440398780916,3.340616099071208,0.7204548248482406,3.4797810399861198,0.3048215867612888,0.01712101170727913
MAC002534,ToU,Affluent,0,0.15830059026388893,0.7409033333333334,0.15084163492422023,7.577216666000001,0.9533419380553569,4.77292245817723,0.22752712352824328,0.04777285790467392
MAC004746,ToU,Affluent,1,0.2870155778255229,1.2635093002861233,0.2951808905001928,13.761939918454933,1.0149115822255517,4.417716351827867,0.2533889147172664,0.08201968723617116
MAC000410,Std,Adversity,0,0.057495105963165684,0.46688020781250006,0.08943788205315274,2.7375833328125,1.3068544945548752,6.882790117321559,0.2806611438518228,0.04483916590005345
MAC001235,Std,Affluent,1,0.37974427530524113,1.0943789955859973,0.24095910138079873,18.18597869101979,0.6237183475261844,2.8742205669831282,0.3602170105717922,0.08706977593886153
MAC001985,Std,Comfortable,0,0.12391373949417334,0.8032627404458598,0.16595326939726276,5.938764332484077,1.3409269627664107,6.60822204848497,0.17163081652950016,0.04762207863348893
MAC003306,Std,Comfortable,0,0.11440787275377057,0.657914121946565,0.13153058988403768,5.482118320419848,1.126820162871548,5.678222092558548,0.193224019575205,0.03072442190255638
MAC004788,Std,ACORN-U,0,0.10119597878938157,0.5955365857962699,0.11373472329381014,4.840446198278338,1.085220746525853,5.7094174261766275,0.20789696470770896,0.02722899794750717
MAC001066,Std,Affluent,1,0.33622240233569334,1.0966621429864256,0.2474486506343315,16.07630618401207,0.7311979594727993,3.2489631111406916,0.3187415795422725,0.06083192479925493
MAC002417,Std,Comfortable,0,0.04178904349858309,0.22328912071535023,0.03543432503567098,1.9989701937406854,0.8111209926477317,5.216187411534829,0.24408269722693088,0.008709574186968222
MAC005495,ToU,Comfortable,0,0.2632964085948777,0.9302386530014642,0.17485292656571727,12.602661785944363,0.7621321571986486,4.0352910792695385,0.29071470560703794,0.15307089049794095
MAC001671,Std,Adversity,0,0.14696289972065493,0.5111373798722046,0.09600858311243013,7.0139776354632595,0.6526970005374086,3.474460948230956,0.31284801559547576,0.024331058836313677
MAC003426,Std,Comfortable,1,0.4343441382294172,2.0150560936170208,0.4017298314833414,20.771847202321084,0.9484652816652193,4.827552512435771,0.23838514219741958,0.11756952138734875
MAC001225,Std,Adversity,0,0.21545871731444527,0.48854490121765604,0.08614870924426977,10.278550989497719,0.4012654190526149,2.287536630795638,0.46415939406772294,0.06343415559606444
MAC003157,ToU,Affluent,1,0.38694458395318876,1.0392164439597313,0.21651064237318482,18.53530201543624,0.5513153398494053,2.6737768359682867,0.3961276900171691,0.14400785861425489
MAC003603,Std,Affluent,1,0.8070903857369033,1.6553727818540438,0.23347825517140805,38.61201183688361,0.31027436483691884,2.1497535829994483,0.5480434985919816,0.3249822367847733
MAC001050,Std,Adversity,0,0.2250473010669864,0.9006182622754494,0.19451338761187528,10.718950597005987,0.8451771416475892,3.9851507572854277,0.2677594762132071,0.061632741843820026
MAC003132,Std,Comfortable,0,0.21552078106502448,0.6780413477794794,0.12163240103175105,10.30834762633997,0.5610386029769591,3.1116849105057502,0.35467466894277766,0.03601840425896502
MAC001870,Std,Comfortable,0,0.12083966621792404,0.47206694644351455,0.10808125456629747,5.759326360669457,0.8895200201675887,3.8640061526260303,0.30367694536094714,0.05393373583167791
MAC005058,Std,Adversity,0,0.1480886506206155,0.8496599071762869,0.173421930676843,7.0874087379095165,1.1151581434833764,5.538534681799377,0.204982960019622,0.05644425665793047
MAC000130,Std,Adversity,0,0.0782144146473845,0.29954635315203954,0.060969445833772375,3.7481792333745365,0.7569632399492279,3.6914919315031134,0.29460435803477064,0.016411333792985528
MAC001068,Std,Adversity,0,0.11235908369520449,0.4039229607250756,0.08630846503647528,5.365684290030212,0.7391265969663071,3.553597929464345,0.30087655355174253,0.03184935469613563
MAC001653,ToU,Affluent,1,0.43849529997278996,1.3134257475247526,0.31340513748855253,18.434297044554455,0.7727159410749904,3.0188287317634654,0.3968161681587066,0.1305069976108492
MAC001641,Std,Affluent,1,0.6459721720872742,1.3922690505443238,0.21746293698233593,30.798409014618972,0.3197075060698968,2.0923089406190387,0.5184311642069288,0.18726781170804055
MAC004837,ToU,Comfortable,0,0.12750927102932086,0.6885484811866859,0.13275603218086213,6.112308249493489,1.0367381690802726,5.493049166644352,0.20936535069945786,0.04610534194968864
MAC004144,ToU,Affluent,0,0.0634750537381313,0.29695384646153844,0.05879281329251688,3.041629231384616,0.887951852610587,4.859836500225364,0.24793856941874956,0.051149138172753815
MAC005548,Std,Adversity,0,0.10571095000838429,0.6215953079178886,0.1311493449211964,5.0706994133431085,1.2080370385441914,5.804372839598344,0.18512622663874276,0.031891422599585266
MAC001905,Std,Affluent,0,0.1102378121136728,0.6213876585443038,0.11613988161977111,5.266093355221519,1.0334001512313542,5.60745243976483,0.22599129915977076,0.05438254789334228
MAC002851,Std,Affluent,1,0.46178173229891367,1.2890803040909093,0.30366487083291116,22.103013639848495,0.6315196475423913,2.7500444150877037,0.3968230369232537,0.1760501848049949
MAC002250,Std,Affluent,0,0.06932740276956566,0.27443215339233035,0.040195890229143834,3.3194823008849568,0.5608882802624473,3.8690171581760917,0.29184442100524133,0.0072950384689888115
MAC005471,Std,Comfortable,0,0.1046577040064062,0.46045693459854,0.09918715734319188,5.017169343211677,0.8545923681550307,4.41077518880144,0.28173424522868296,0.06752145184242092
MAC001130,Std,Affluent,0,0.12381546233836029,0.39122187020602217,0.11110672089166147,5.923847860380348,0.8837401107024221,3.0847806254507275,0.3440403437321064,0.033668923532477336
MAC002076,Std,Adversity,0,0.19097203389264092,0.8471364359550562,0.16660189791246255,9.141385231781705,0.8460566661115285,4.334953895861321,0.26775929623992184,0.047506811900792104
MAC002876,Std,Affluent,0,0.14704062535208146,0.5710262720853859,0.1148059389769024,7.032561575862069,0.7634666404446085,3.85262977992781,0.30098215208279694,0.04845972355120545
MAC004495,Std,Adversity,0,0.2557781905027738,1.0689329206211184,0.20077850345766163,12.249918014037265,0.7597879299102334,4.131367363066331,0.2732515543143204,0.07112785272258604
MAC000376,Std,Affluent,0,0.19085545786678718,0.805615811373093,0.2023648347610356,9.135678223578365,0.9678410895726993,3.809903511154096,0.32040896470755,0.10339969774111527
MAC002834,Std,Comfortable,0,0.17763061259884863,0.6412515157575758,0.1354492466454206,8.50932424318182,0.742750675720404,3.555351447765303,0.2991030103208715,0.038362675080869546
MAC004373,Std,Affluent,0,0.1055536378457694,0.45916596917712693,0.08952659635957856,5.061885634728036,0.7578236658150791,3.914091718831569,0.3398454558344306,0.045565835821668316
MAC003040,Std,Adversity,0,0.2018632223565437,0.4462743900914635,0.05705158283855245,9.670236280335363,0.28190366796830024,2.2038176236630194,0.4875254179914512,0.027187124615370963
MAC001312,Std,Comfortable,0,0.08486806075366686,0.2839725611280488,0.053257912362975564,4.058667683079268,0.507453393246489,2.707752806540309,0.4531137033436345,0.05452250924843019
MAC004168,Std,Adversity,0,0.10526355717497227,0.3224446155384616,0.05695822668219019,5.02787076923077,0.5214822719299158,3.0061529926506947,0.3985595591526287,0.03897254312213275
MAC004171,Std,Affluent,0,0.16583514747792275,0.7289169218461539,0.14024821597759887,7.943776920769233,0.7548558184425672,4.118210939298972,0.3055045714954879,0.06250932145006403
MAC004105,Std,Affluent,0,0.08806837460562156,0.4033307808575803,0.07035895314425927,4.215935681316998,0.7340684696031721,4.311038933582568,0.303320510191552,0.030086494943231918
MAC004589,Std,Adversity,0,0.17243106013235718,0.8507429050083472,0.16704897515098943,8.259322204507514,0.9247442992084103,4.820803951683682,0.2353705911929925,0.05123971552564312
MAC002247,ToU,Affluent,0,0.18047320083214546,0.628685214626391,0.14591366885871007,8.331829888712239,0.773405913575165,3.476514906648662,0.36366382923699647,0.0868009708583498
MAC004738,Std,Affluent,0,0.07960486542216395,0.5662889845493561,0.10974018027434787,3.8160758228898426,1.3660628351638047,7.068226189330766,0.15823282816710132,0.014385351648946096
MAC001678,Std,Affluent,0,0.11954904716258574,0.6054641746105918,0.11391864948915877,5.69836448598131,0.8923417690867574,4.837500194637139,0.26635839703798764,0.050022300419365576
MAC000016,Std,Adversity,0,0.027475443321526145,0.09676039119804405,0.02084929777358456,1.307195599022005,0.9649014220821474,3.333695986598349,0.35351569754802364,0.03895604098909855
MAC002323,Std,Comfortable,0,0.1877501032199552,0.6424431320531756,0.1237432463077301,8.961518464106351,0.6468865773305565,3.35492327629363,0.3345494093352006,0.03424977189622713
MAC002280,ToU,Affluent,0,0.24250200650566475,0.711693215781711,0.13918217295516053,11.607675516224187,0.6339036801211667,3.170455485351591,0.37382703730617833,0.12882539051851336
MAC004697,ToU,Affluent,0,0.051355295077372215,0.2873769911504424,0.057276546464754045,2.4551309734513276,1.0590114979544893,5.402790990972783,0.248697095231043,0.029774865362762706
MAC000979,Std,Adversity,0,0.13993354537924182,0.5249357249626306,0.10294454099840254,6.694221226008969,0.7178093681235193,3.658646017488184,0.3122956700892266,0.0481169345046937
MAC001924,Std,Comfortable,0,0.07609754572111782,0.562951218761726,0.1034344631511801,3.5896772979362113,1.3316688189549504,7.515753023556393,0.16864372763677965,0.047921569439143656
MAC000204,Std,Adversity,0,0.07397059135999512,0.3803733075435202,0.0815503652221751,3.5356692456479686,1.0704016622807822,5.128456680925336,0.23376517131227512,0.03726452682639204
MAC001801,Std,Affluent,0,0.06481365988670941,0.27992744447949536,0.05311528599488008,3.1038201889589905,0.6607615588336558,3.6680326387963222,0.4523336904094622,0.04558877233917483
MAC002894,ToU,Comfortable,0,0.28166513527560927,0.830731465568369,0.1731436406125034,13.409891267710048,0.6123100621255291,2.9326186128149088,0.36175852315844176,0.05482147954051095
MAC002368,Std,Adversity,0,0.17045769140402176,0.5560712170623145,0.10184596406577026,8.125807122403563,0.5973979240618728,3.249007468220985,0.354255873290894,0.04767846580257805
MAC002923,Std,Comfortable,1,0.5308422095585019,1.4895526305921056,0.2673534510868392,25.4269967125,0.5198938183141731,2.9193729740475947,0.38318318864452255,0.2364006265921854
MAC002866,Std,Adversity,0,0.12801907388822065,0.7554227280303032,0.13912289011077292,6.1292424245454535,1.0005561472438,5.419911814148299,0.2363810803521714,0.043536119881507795
MAC003190,Std,Comfortable,0,0.2094148717359906,0.5302584273408241,0.10646016800642248,10.03359737865169,0.5045920988480604,2.5105079890543025,0.43757619759218197,0.0186197265156494
MAC000723,Std,Comfortable,0,0.13236246131106305,0.9081510256598243,0.20259494208937154,6.276935482697949,1.4804210060709586,7.392929783040877,0.19464448041022625,0.09908462257357739
MAC001882,Std,Adversity,0,0.23551951937689974,0.5512784810126583,0.10562032632452811,11.244832278481011,0.4495831956734199,2.3428546466652156,0.43763182477294,0.0325442743878462
MAC004143,Std,Affluent,0,0.1385095348132446,0.6342107683076922,0.14129779268672835,6.626316921846154,0.9868039640923544,4.606004786358711,0.24505326507664751,0.07119596325857101
MAC005306,ToU,Affluent,0,0.17305262659313383,0.7873641243641228,0.15874928954904077,8.296145917536816,0.8859481461148345,4.480131409815905,0.2546260725942856,0.051788096998585234
MAC005095,Std,Adversity,0,0.08067598940375119,0.6326879881435256,0.10657334659549789,3.858578783775352,1.3074066854883075,7.802415609853647,0.15102222269415802,0.023113189361618047
MAC000736,Std,Comfortable,0,0.2579181050946048,1.1924868033724345,0.28744388733092535,12.34568621612903,1.1000656425147688,4.673926138014948,0.2265717178585076,0.08615071878926342
MAC002399,Std,Affluent,0,0.1189951015085455,0.6452652752608049,0.12694203688031097,5.700217585096871,0.9812493327207279,5.024113774313952,0.24294070825918476,0.032825373907418166
MAC003650,Std,Comfortable,0,0.27156087326926176,1.3014664041501975,0.26653816653713613,12.995930831225296,0.9977145025750663,4.964850910714586,0.22085621799133354,0.07399132375420629
MAC005218,Std,Affluent,0,0.08237658409468578,0.5751820572559367,0.1167242328590269,3.943348284300792,1.3582416407806415,6.896994810869445,0.18618432845694116,0.04956018945992751
MAC003469,Std,Comfortable,0,0.13407755051093312,0.6849242714563105,0.14973872017246972,6.3983805823300965,1.0726774186893981,5.066195887509971,0.22928631235472965,0.05786328463021235
MAC000267,Std,Adversity,0,0.22580142381865057,0.8593687424908424,0.1833717011001418,10.760754579120881,0.814966573252742,3.8327056602535317,0.2871548382614386,0.06779996665958306
MAC003739,Std,Comfortable,0,0.13119794906574073,0.4864979996,0.10213863464934637,6.2855039995999995,0.6866596250696325,3.361435482128627,0.3865038801433533,0.07119892360501327
MAC001453,Std,Comfortable,0,0.13503100662213585,0.6797615378461539,0.1380421421708469,6.472981538153846,0.9414025338636377,4.685162485313247,0.25957646934154865,0.05519113230925275
MAC000008,Std,Comfortable,1,0.3632931510533096,1.1098110086238533,0.2020178995151906,17.354192660733943,0.5713286053109229,3.1851964197274305,0.3703062102575024,0.10121477386407123
MAC003871,Std,Comfortable,0,0.06924205004819241,0.29022718052738333,0.05504596307297144,3.3103468559837737,0.7666881293682469,4.063884936666808,0.2790251748818132,0.013317139230993685
MAC004491,ToU,Comfortable,0,0.22544015373865264,0.8429055920496897,0.16665868508355397,10.806957766459629,0.7350778919757374,3.7225905049198067,0.29684103352929864,0.060391103774908035
MAC003223,Std,Affluent,1,0.39968764334094126,1.7686421853107344,0.3738183080994469,19.1376516032015,0.9365484733683195,4.488798260875578,0.24048576410016892,0.10591954737596944
MAC004830,Std,Comfortable,0,0.038520176458211444,0.18980752532561507,0.041344230967659046,1.8471707670043418,1.0556706340840556,4.805647833493695,0.2315853026486254,0.009790095532482602
MAC001963,Std,Affluent,0,0.11641205941276088,0.6577551667726552,0.12806736232797267,5.570503974244833,1.0220331968513492,5.419785897167898,0.22720480537958046,0.047128916956874954
MAC002708,Std,Comfortable,0,0.16828671979314108,0.8246861852852853,0.16504742900893551,8.065108106756758,0.9370644917574954,4.800831298818494,0.23495883015287822,0.05846819746411107
MAC000573,Std,Adversity,0,0.3058035534513192,1.1149826089855073,0.2110067668015466,14.641208692753624,0.6603709829478932,3.553252814754177,0.312522270087747,0.07474274193723542
MAC003131,Std,Adversity,0,0.14943364215127772,0.5232259545038169,0.10625119165739377,7.150616794351148,0.8091686329751294,4.136682287998092,0.31465620110064485,0.03723117043379698
MAC002934,Std,Adversity,0,0.15373504841477093,0.9688121914332785,0.1839256712576609,7.354775947940694,1.1810851632279422,6.43622020625508,0.1784187934977837,0.06217138980244935
MAC005551,ToU,Comfortable,0,0.19382557483984814,0.5582913617862371,0.14525851400138026,9.280814055344072,0.753179798351643,2.90150203192197,0.3632457636102766,0.042593978601329345
MAC003643,ToU,Comfortable,0,0.13404134601860698,0.5076679849802371,0.10328957210078601,6.410043479051383,0.710123633931634,3.522504690591548,0.3454467738205927,0.04315902407619985
MAC000469,Std,Affluent,0,0.2108675310465913,0.6350091319634704,0.14241045380100537,10.102878994292238,0.6914136544000111,3.1970035199406968,0.373141925779147,0.18114269024168908
MAC000125,Std,Comfortable,0,0.21369194938240693,0.8976242278121136,0.18394415369747233,10.240250927441288,0.8568179851059822,4.287636725621841,0.2705278605709067,0.09300075097911119
MAC000729,Std,Affluent,0,0.22439451214909106,0.3852679611650486,0.07486799955304,10.752157281359228,0.35116848716768373,1.7854418109527819,0.6089676737046524,0.07225803812675811
MAC000341,Std,Comfortable,0,0.22361386600358849,0.7922882757241378,0.1501031995097131,10.716244138068962,0.6590112044167123,3.4953947171180615,0.30803756876925126,0.02978801530989984
MAC000429,Std,Affluent,0,0.14536604643326104,0.5240926969101123,0.10932227494437852,6.916473315168539,0.5514499175404094,2.7863902271516303,0.4956856546161733,0.09135150937118018
MAC003517,Std,Adversity,0,0.16717811793524975,0.7152417146198832,0.1453528710812025,7.984846002534114,0.8231056318553791,4.153770150286976,0.27523574806252676,0.057506746332511405
MAC003947,ToU,Comfortable,0,0.1083796395544256,0.5000165284297521,0.09287004734564235,5.186603305454546,0.7825163339917809,4.187921004031468,0.3142602765562256,0.03659495798937336
MAC002402,Std,Adversity,0,0.24502236297922939,0.593073025186289,0.14441080808408385,11.693956780774963,0.5953733400959145,2.422225169133535,0.43527594051085183,0.03411751451022579
MAC002303,Std,Comfortable,0,0.10279498944926432,0.5944903986706056,0.09890298899627935,4.8971920234859665,0.9478196424902318,5.707678912281079,0.21587865644372187,0.014488919767980637
MAC001340,Std,Adversity,0,0.10021087762934591,0.3766162068807339,0.08187357553509172,4.806584095107033,0.7402217167781059,3.873419167891958,0.3042978875740286,0.08892903091319632
MAC003626,ToU,Comfortable,0,0.1599191964541706,0.6409802755424061,0.13543910556958252,7.650471399999998,0.7209889492257923,3.51015596127516,0.3441636646362813,0.08523153661589912
MAC004850,Std,Comfortable,0,0.09891744435711243,0.6936968550943398,0.12090463402040005,4.73948427710692,1.1659517722564638,6.743134234371315,0.18774437428107316,0.028532001767854122
MAC000330,Std,Affluent,0,0.12020359755065188,0.30361103448275867,0.05678550122591984,5.721833103448276,0.47538416979013315,2.5540358399954384,0.40714043391580007,0.021306039980327346
MAC002373,Std,Adversity,0,0.109956030006015,0.48086464606060614,0.09332514409927274,5.249042424040403,0.7930271204306932,4.224295823212635,0.28748476256741734,0.03804539574493692
MAC001890,Std,Comfortable,0,0.0969462290399301,0.29323575933544305,0.06276898300369223,4.636523734018986,0.6306412749455622,2.9397402246967936,0.36365319745949765,0.02540056920523057
MAC001960,Std,Affluent,0,0.108775621692592,0.4060461054054054,0.07366596684399766,5.197344992527822,0.6266765924064116,3.4932916827980773,0.3574279329222044,0.03403313186663222
MAC000870,Std,Adversity,0,0.08107181507433674,0.2841140740740741,0.047708830423383454,3.874284444296297,0.5511267892070815,3.352056066150973,0.39411304944295106,0.019596468954363074
MAC000797,ToU,Affluent,0,0.2372072591403999,0.9282776079754597,0.17390031565574088,11.358004601380369,0.7115220704534813,3.897408254889398,0.28044848893246827,0.07890112513596942
MAC003404,Std,Comfortable,0,0.12688885555458945,0.5125865396153845,0.09871639433330137,6.027032693461538,0.7544558049290161,3.917435805232621,0.28960267770521336,0.03712246439598284
MAC002911,Std,Adversity,0,0.09574358478401032,0.323092561983471,0.05586973737598374,4.5946380165289264,0.6233827385817404,3.5751569044747074,0.36570706278497195,0.03258753203352028
MAC005256,ToU,Comfortable,0,0.13431890697002005,0.5984230767904509,0.1126480194822822,6.4398885936339525,0.8164006345045413,4.31306950279737,0.2866470529356046,0.04162663040732975
MAC003889,Std,Affluent,0,0.22943487150363262,0.8431178859756097,0.17068431002764764,10.994475609552847,0.7229318487901187,3.6164613689910894,0.3015577261187952,0.054964149763216764
MAC001034,ToU,Adversity,0,0.1629723014140602,0.559426647005988,0.10365149509140721,7.799976048203591,0.6287678820165368,3.3789006564389177,0.3312438766198432,0.025568166014652807
MAC003301,Std,Adversity,0,0.25404970515740016,1.0054580158396946,0.2145553361522956,12.162103054770991,0.8081171487172162,3.915285051883715,0.29346678108717683,0.08743386476955439
MAC003331,ToU,Comfortable,0,0.2932645848412484,0.9963919690248568,0.20480759439142607,14.03554110879541,0.6911011980745158,3.4077141390047365,0.3155931835095094,0.09451223082494295
MAC003721,Std,Comfortable,0,0.08533081885457809,0.31460678622754484,0.06183605971213535,4.075005987824351,0.715977336228226,3.6012327330476883,0.319019716223054,0.022722462759550404
MAC004646,Std,Comfortable,1,0.5719420257543103,2.2114648782608692,0.5000363935617037,27.40439296739131,1.0604429675319558,4.995862145917377,0.24763246201168013,0.33195366565699524
MAC004394,Std,Affluent,0,0.11113949531513048,0.47242178756983233,0.09371469346582756,5.3261787708100545,0.8111844652040421,4.095348656401119,0.2817052758140556,0.023840620589715953
MAC000552,Std,Adversity,0,0.16638829879819828,0.8530014497101447,0.1691015724476847,7.935995654057971,0.9851104590866475,4.9577445024831865,0.22390486209739702,0.05246975788086648
MAC001011,Std,Affluent,1,0.29583388370791314,0.9639255297872341,0.20831528601945729,14.044119145106384,0.6157481672845236,3.037186354974765,0.4158668593251448,0.19926824908128116
MAC002310,Std,Affluent,0,0.23303581742552296,1.29092023633678,0.2367854584220763,11.158392910044316,1.0701998514998667,5.956470008776326,0.19497824190942756,0.08892909616017708
MAC003375,Std,Comfortable,0,0.21858901152431218,0.6514971213051824,0.13766091410550205,10.454082533973128,0.6291580338074702,2.9626016942120286,0.3631737345869878,0.03698163350258604
MAC002755,Std,Comfortable,1,0.41072368345414983,0.7459304081694402,0.12471516533985978,19.561822994856282,0.3116895113807478,1.9145940400151513,0.5729776217746608,0.2546247243139571
MAC004177,Std,Adversity,0,0.15835077755818872,0.4054846153846154,0.06200583441888594,7.56916461523077,0.503149272324734,3.072511146613102,0.3916925779204559,0.14387100757770752
MAC002176,ToU,Comfortable,0,0.2252978499006502,0.7813737867313915,0.16641182239343688,10.79788349514563,0.7331773040850205,3.458220963457915,0.3165125486390153,0.06552194310878377
MAC003826,Std,Affluent,0,0.22110602961939946,1.264127271111111,0.22275379606053905,10.597985856363639,0.9667634657106113,5.52290629484664,0.22478890554957132,0.07246307410198159
MAC002318,ToU,Adversity,0,0.1044551501052321,0.34741654342688333,0.07555895001699968,4.997104874298374,0.7201555557667714,3.331335707990693,0.3197989518939124,0.025027444694078593
MAC005470,ToU,Affluent,0,0.08975463910138937,0.5084496351824818,0.10387403211048714,4.300054014744527,1.1757379059290634,5.910846294428378,0.18493687581467563,0.025289218084899583
MAC002383,Std,Comfortable,0,0.13010750792688874,0.5486849924219912,0.10936828245815178,6.228369984992571,0.8383725945577402,4.224540385393978,0.25347431625546635,0.027425061908279626
MAC003144,Std,Adversity,1,0.40040043721885976,1.0901241622483222,0.24977322156980317,19.11244966157718,0.5769702682940212,2.61875380664076,0.42165490182154214,0.1285127124727042
MAC000026,Std,Affluent,0,0.25954017731243917,0.8642068547123624,0.16942258524488962,12.424178703916766,0.5782730595246002,3.103032301184664,0.4051887066229884,0.11427124830331263
MAC002820,Std,Affluent,0,0.2665980254821594,0.9412696953030303,0.21648992264519998,12.745216665303031,0.7812131695043207,3.480631541479346,0.33167413920366046,0.10243130918027042
MAC000264,Std,Affluent,0,0.1794354322032397,0.4121978021978022,0.06454696253674216,8.593185592185591,0.36245158568179264,2.310489079400902,0.46069957776470066,0.044227101196783004
MAC004600,Std,Comfortable,0,0.1570958494681789,0.5592954924874791,0.10939157971066427,7.49710183639399,0.6788986393785874,3.4834523249665463,0.32674280344881373,0.034711988698999836
MAC003905,Std,Comfortable,0,0.13826317562366058,0.43357520223577223,0.09367654298435164,6.613607722560976,0.6870407461806329,3.272642053799263,0.3424956231293549,0.07812158302294625
MAC002405,Std,Comfortable,0,0.2251566978745424,1.2246005949329366,0.2249568176151122,10.768962740536514,0.9609943266592013,5.257944027574881,0.22594607543690384,0.06122725754759532
MAC004881,Std,Affluent,0,0.1910023378772953,0.6517716838010204,0.12489621366716482,9.128400510204084,0.6282723743066972,3.35697430342618,0.32681092269222695,0.06360059682657583
MAC004709,ToU,Adversity,0,0.0784046343626039,0.3171842539363483,0.08589018723336382,3.6707035162479063,0.8031938926356862,3.8393701827625715,0.3066292281470833,0.13195239432680106
MAC003231,Std,Affluent,1,0.42776510361442716,1.3473686619815672,0.28365370909569765,20.50420276543779,0.6468991915773599,3.112491117818356,0.34286372455679603,0.08923215072447452
MAC001216,Std,Comfortable,0,0.1335326475927062,0.3700455235204856,0.06276039231050523,6.396159332321699,0.4407517874340587,2.662572020830951,0.4323296316334127,0.028412936262597083
MAC000590,ToU,Adversity,0,0.10442590247969614,0.37522206095791005,0.0862309462932952,5.002769230769229,0.8266751480355288,3.680284347699925,0.2895599753848332,0.04225205255237883
MAC000680,ToU,Adversity,0,0.09985610484904703,0.6082708639824305,0.11227802468039513,4.787367496339678,1.0770860580075396,5.882524004358413,0.21516721637146327,0.033407518399159584
MAC003841,Std,Adversity,0,0.23018205320728238,1.1453070715151519,0.22427462794913397,11.021444448484848,0.9222688919619201,4.921623646782493,0.23492722303464356,0.09724351237688286
MAC005219,Std,Affluent,0,0.11379111696899735,0.7053232188654356,0.1371218155205171,5.435804749076517,1.1177195463133018,6.028919036616818,0.21792493353183712,0.04842592596120162
MAC004863,Std,Affluent,1,0.7091252680382121,3.0006876562972296,0.9329842352881225,33.91086146435768,1.3601379196596661,4.56955680252681,0.23911060313721502,0.3109554642294233
MAC003274,ToU,Comfortable,0,0.24304212028733652,1.1676931812499998,0.25980269558063407,11.597606060227271,1.0364364433633388,4.753950245054303,0.22872311243548094,0.09608088818545735
MAC001596,ToU,Affluent,0,0.05744069609311198,0.3997858585858585,0.07506977336163223,2.746713130505051,0.9218942609464771,5.280061571754461,0.3996916947034384,0.04250302723305835
MAC001217,Std,Comfortable,0,0.18605969924522076,0.8934582702579665,0.1976388416882189,8.915004552352048,1.037710605078196,4.772377376624052,0.229102109190833,0.06127602101804865
MAC002528,Std,Affluent,0,0.06855644989435099,0.5336555738768717,0.08817716870266057,3.2763410981697167,1.2043332809716,7.386643124726558,0.1819872208479999,0.019406485519759747
MAC005181,Std,Affluent,0,0.07732672103285976,0.575094737236842,0.10396627641708116,3.706609210921053,1.308469180888979,7.374290886406602,0.16740201090921972,0.024377256106441973
MAC004889,Std,Adversity,0,0.16177562545089744,0.7402240723431499,0.14289592130376463,7.751028169654287,0.8629077283677855,4.5383100345188,0.24381700059897274,0.03977883784783726
MAC002895,ToU,Affluent,0,0.1436950246498446,0.49378253690280055,0.09701465311676238,6.874731466062602,0.6739181196275655,3.406393473774435,0.32438744786246926,0.023960382376303525
MAC001186,Std,Comfortable,0,0.11080768234657913,0.2884181818181818,0.04388278873312575,5.291790908939393,0.40151097979598094,2.64849781783841,0.42141922608455745,0.040435609646984116
MAC001438,Std,Comfortable,0,0.15711854657517924,0.8199033725460123,0.18483511784430165,7.531210119018408,1.1346568582301428,5.240279055696892,0.2209285807400836,0.07069185880929069
MAC001440,ToU,Adversity,0,0.16691062146638616,0.6315880548238898,0.12457961937165024,8.000251148238897,0.7357329278382564,3.742631562221536,0.299145317641656,0.02933164398958044
MAC003028,Std,Comfortable,0,0.2811525895341608,0.779415060770578,0.16694795044362987,13.47158143730298,0.5746614595703616,2.757833736529064,0.39857682843827336,0.12876868905572608
MAC000638,Std,Comfortable,0,0.21300718722410408,0.9980727810771468,0.18278231814723003,10.199755460698686,0.8378348219461348,4.628825392815847,0.24469549472371233,0.0570424305123392
MAC000799,Std,Comfortable,0,0.20346300655073837,0.9972130193786978,0.1875558323080113,9.75460651079882,0.9274654536930869,4.931347682209459,0.2487123389488342,0.06309072616504238
MAC002254,Std,Comfortable,0,0.27915694773120747,1.350203537315634,0.2199903748764533,13.357617990412976,0.7489627686206364,4.613671473825588,0.2829255222564175,0.053845571394982444
MAC000057,Std,Affluent,0,0.2235049773983954,0.7206871160736198,0.1360954624063179,10.713026992024542,0.5225117378464291,2.946062168982452,0.41443782850322,0.09938215749281634
MAC000249,Std,Adversity,1,0.8924170408760562,2.1663817835376538,0.43424210237962835,42.78248860805605,0.4982890591446463,2.494449587179982,0.4250729043014302,0.3176524986829928
MAC001179,ToU,Adversity,0,0.238161378605405,0.8560996971299094,0.16515559938111474,11.408957703927497,0.659212991556281,3.4869878830568304,0.31150951254020637,0.06908009309717289
MAC001614,ToU,Affluent,0,0.18750816086595648,0.7377399380804953,0.15731677537921668,8.971297212848299,0.8089396332953894,3.871815714918993,0.2832841862673579,0.05350140414750999
MAC005364,Std,Adversity,0,0.25788016339664804,1.2171472970270272,0.2422113064860405,12.354431080540545,1.061591997592289,5.636298626936204,0.21675372436591517,0.1276037492435281
MAC001520,Std,Adversity,0,0.09104868228530995,0.48402003127889065,0.09722555841041591,4.350020031432976,0.9893834954994133,4.907603753545845,0.25673450707663215,0.05378705500371166
MAC004146,Std,Affluent,0,0.07964012521658702,0.49082307707692296,0.10337918213879785,3.8072261540000008,1.269693854658907,5.867205571355444,0.1985132001256201,0.018038354461097767
MAC000526,Std,Affluent,0,0.23678978759022476,0.7145653403409091,0.13773943461923677,11.329482954545455,0.5962989063382892,2.9818158224232025,0.406214534629682,0.0883577400709999
MAC003450,Std,Comfortable,0,0.16633186285211876,0.7570368215116278,0.1533816368559207,7.949017442635658,0.8775402499220203,4.462508153053146,0.25603697388411495,0.05149681865121086
MAC003834,Std,Comfortable,0,0.27718632997861953,1.042765655959596,0.23233058372923512,13.261577778181815,0.8387875422540572,3.8386055071205476,0.27551386235013436,0.08194588544277424
MAC000956,Std,Affluent,0,0.10048045909356855,0.502297459342302,0.10870204902495353,4.8077847535127045,0.9079119517010584,4.47329284489374,0.32231416301794596,0.07072455223056766
MAC005401,ToU,Adversity,0,0.18059323699666235,1.1358231297959185,0.23685058193551384,8.650530612108842,1.25617651640656,6.4235718958169095,0.23279795964382827,0.11859361741828932
MAC002210,Std,Affluent,0,0.24393813531246214,1.0533725501633984,0.18576836665783572,11.66983170098039,0.7475184367945876,4.295646277239993,0.2710355631245884,0.06817861393053994
MAC004689,ToU,Comfortable,0,0.08651560474522228,0.35885427152428806,0.07015942951548411,4.139088777386934,0.7776934249329741,3.921412414063511,0.2891804977347093,0.02286302792182244
MAC005530,Std,Adversity,0,0.23917482498791864,0.6866023393274853,0.17062569873758304,11.446953216228072,0.707358282442427,2.7963383800849333,0.38490693090172934,0.05053734709744715
MAC005404,Std,Affluent,1,0.4033555775909684,1.2727891157823128,0.2863584398735823,19.332213608163265,0.7750179123037805,3.428759509744361,0.31456172054140635,0.20319651850818637
MAC000064,ToU,Affluent,0,0.2770975222319841,1.1787889564417178,0.25558253876553494,13.288877297791414,0.9068520183991848,4.280491511405781,0.26226426402734254,0.1313756734914711
MAC004578,Std,Comfortable,0,0.10601283335322267,0.6644016673333333,0.12145024472926186,5.0748933335,1.0740646471067101,6.09310350318573,0.20213727431059886,0.04398915211733757
MAC003640,Std,Adversity,0,0.30143567163831053,0.8584743100790512,0.18803432595239408,14.41803952905138,0.6488539520785221,2.9415101559781323,0.3629242367091555,0.1074805993701062
MAC003585,Std,Comfortable,1,0.39566582623171104,2.008690941535433,0.43623353511185625,18.949244087007877,1.103444404442709,5.2126514034913525,0.22423357060381588,0.1280153922152655
MAC003516,Std,Adversity,0,0.07937772619889183,0.40433528265107216,0.06973213293883654,3.7996042883040935,0.8465761394196658,4.855576763083601,0.27091689430579935,0.02090883394823072
MAC000730,Std,Affluent,1,0.3530526942613601,2.3459149589442823,0.43871548180385206,16.825802054252204,1.2401802511014333,6.697365830554182,0.16239852747950279,0.08100045703650323
MAC002693,Std,Affluent,0,0.1721063197474736,0.7451741743243242,0.16657183966329925,8.251463963813814,0.9817089816090974,4.453501138245314,0.24634746899222895,0.06457099347922664
MAC000286,ToU,Comfortable,0,0.26199517485330126,0.8951147521857922,0.1582499385809664,12.557695353278689,0.5945718591251261,3.3770474049867425,0.32220387801274747,0.042042465179895155
MAC001299,ToU,Affluent,0,0.21237752047479805,0.9106057841704718,0.19783848811480992,10.157025875494675,0.8285257910922854,4.056426870944298,0.299018519631281,0.11544290544349653
MAC000644,Std,Adversity,0,0.24118571824297902,0.6765130821220929,0.12472170755360211,11.527678779796508,0.5450805526680823,3.026686782951718,0.37434734658715657,0.1235963392082786
MAC001838,Std,Comfortable,0,0.2035346264706889,0.840642970300158,0.2400678849886215,9.75888467535545,1.1962968158204248,4.362995630993553,0.2990750188891782,0.13302346557256417
MAC004683,ToU,Comfortable,0,0.1439090884565075,0.8218224452261306,0.16361418087718868,6.8688073703517585,1.0769752692459118,5.463792241251073,0.2279627374604261,0.06244427417173784
MAC004815,Std,Affluent,0,0.3479623500392165,0.7934841962643676,0.1409305039590527,16.666350575574715,0.402738084883016,2.2665832862282342,0.46199845290256814,0.029695196662285397
MAC005540,Std,Adversity,0,0.10216304452993386,0.6775571853372434,0.11901312079969883,4.887888563343109,1.0748638221106759,6.328921755227744,0.2144750736051854,0.03951693513274692
MAC002374,Std,Affluent,0,0.1648323070089869,0.9171191342960285,0.23929854645071227,7.895729244765341,1.419232839494568,5.606984800912106,0.2177845733470675,0.08685645374477877
MAC001736,ToU,Affluent,1,0.5117160173231325,1.618107530645161,0.3542813855982553,24.49140143620071,0.6838792902751626,3.2134599479652675,0.33257796330220674,0.15784890082736355
MAC003945,Std,Affluent,0,0.16213893027037785,0.652042976033058,0.13370029948166268,7.745429752561982,0.8100438351966479,3.9722776748340882,0.2980171107068193,0.05623446189244307
MAC000481,Std,Adversity,0,0.22004552267212318,0.5052732392957746,0.10238025654793158,10.536729577323944,0.4721558614576644,2.311881857276499,0.45264994424057947,0.03278778426637622
MAC003405,Std,Comfortable,0,0.1045079442813182,0.5350519228846156,0.10300493334719464,5.004699999807693,0.9336292315719942,4.894803968070343,0.23802443467698764,0.030920773139837238
MAC000354,ToU,Adversity,1,0.33730986692643833,0.8771367395027626,0.2893314323638028,16.090017962430938,0.884534785548713,3.2207350764983236,0.3544344873279164,0.27711706925730756
MAC000122,Std,Affluent,0,0.11142184822036512,0.6738726817058096,0.1427226791784975,5.334552533374537,1.2606774324864014,5.956438786935722,0.186522431035224,0.02283931437785607
MAC003581,ToU,Comfortable,0,0.2911989878574215,0.9497544194499016,0.1867326938208513,13.937111983497054,0.63782154905642,3.267995947309012,0.3265660102578911,0.06760504683693534
MAC000608,Std,Adversity,0,0.06204838657826955,0.08181277213352683,0.012044800207347665,2.963226415094339,0.20239147873138993,1.3401566517657113,0.7673937321907485,0.007777637316448213
MAC004876,Std,Affluent,1,0.489857407201879,2.6690950569074783,0.5834242774708529,23.47208490950571,1.1276618992979857,5.4178473746645555,0.23261505361394433,0.22521907684765768
MAC000922,Std,Comfortable,0,0.14418865188387042,0.8028041541543024,0.15647934774749667,6.9015089017804145,1.0668282329238217,5.505963027750347,0.2110166048570433,0.04826380452293627
MAC001628,Std,Affluent,0,0.14016314951427264,0.6830171071539658,0.12513398561572028,6.715083981026439,0.850118764723172,4.827466374133933,0.2509880510669761,0.05233720530017559
MAC000160,Std,Comfortable,0,0.1415296050972161,1.0008614467469878,0.19039823700724137,6.784250602530118,1.3010147062091129,7.01695131448784,0.17912229060798382,0.05461334520385438
MAC000610,Std,Affluent,0,0.2632811950512348,0.8505805525399132,0.18199004444473335,12.617076923512336,0.6777611162364529,3.2117961282446914,0.3302188238957277,0.08393686400371683
MAC004767,ToU,Affluent,0,0.2265179115492791,0.8358882514326648,0.18729581845229434,10.764591690257879,0.7047628944300698,3.324482737298566,0.41780284719094885,0.1749301122404769
MAC001714,Std,Adversity,0,0.07873206407149555,0.48585133020344295,0.0860217978898944,3.770364632081378,1.0700991719519604,6.099262259680059,0.1808764500698803,0.011755469077537788
MAC004931,Std,Adversity,0,0.06040356118036698,0.3268239247311828,0.0572726582679957,2.895306451612904,0.8778625765440154,4.849821855387675,0.2337041136229963,0.036863457362847095
MAC001033,ToU,Comfortable,0,0.24915312482801114,0.9161629322869953,0.19497385933972253,11.930158447384153,0.8184252353226723,4.1574244604626465,0.29401720286571037,0.14409640625600986
MAC000405,Std,Comfortable,0,0.2442451082801711,0.6369410103932583,0.10610578462602108,11.706699437640452,0.4293650305651582,2.5816052162188634,0.41500116988963337,0.04795168709352136
MAC005016,Std,Adversity,0,0.13500152696496107,0.8924311916120575,0.16457866911933702,6.466737875753605,1.1626764536968344,6.415728652985008,0.18783035035872622,0.042173980571057534
MAC004559,ToU,Adversity,0,0.04569541215954869,0.42297007481296756,0.08117169683098321,2.190938902743142,1.7467783652582418,9.424266062848647,0.11797308603575592,0.01846940591063427
MAC001747,Std,Adversity,0,0.2687878923050922,1.2101067505494503,0.22051724890842633,12.864205652276297,0.7976287188486522,4.383052247260604,0.25525528805552006,0.05310863120801305
MAC003835,Std,Adversity,0,0.24338996343917907,1.1896666660606063,0.22332756744857585,11.641941412929294,0.9035722894224718,4.895316231580845,0.22237375886025512,0.06768247046259651
MAC003788,ToU,Comfortable,0,0.14750440926707087,0.6742298391129034,0.12263857555592647,7.05972379092742,0.763359301181662,4.26180814605877,0.29688691056430366,0.045575754346412284
MAC003531,ToU,Comfortable,0,0.0747947794117647,0.29383137254901964,0.06843341656946972,3.578972549019607,0.9021171343583402,3.974536447468562,0.27495095258061364,0.026337786065923956
MAC000619,Std,Affluent,0,0.1622753735797089,0.7115211881355933,0.14626579429306885,7.761322035169491,0.8477884368450136,4.204861758190944,0.26890534920863013,0.05882459690848202
MAC003148,Std,Affluent,0,0.2496105344254538,0.8988271820469798,0.22609366656202412,11.939510068288593,1.0914231059613373,4.668275338326052,0.2888568068163559,0.24700394081977523
MAC002606,Std,Affluent,0,0.2425275568645095,0.9726666671666664,0.20527907126231532,11.616006665666667,0.790828430554496,3.7697365732953556,0.2989905517812283,0.09553859906594628
MAC002641,Std,Affluent,1,0.40056465917322626,1.2501422163173657,0.26272451675426584,19.12679192125748,0.5765696652736485,2.909817989349803,0.40796561736940096,0.20151167069969536
MAC003077,Std,Comfortable,0,0.10494335295580351,0.43883384146341464,0.08534792804067501,5.015385670731708,0.7655747102560332,3.969912207504675,0.2876291352808539,0.033630802739710086
MAC000398,Std,Affluent,0,0.24472051467353123,0.9635794652601972,0.2144449375807094,11.629161742194098,0.8440072160688727,3.8544083568514225,0.2909020372129441,0.07706487528046475
MAC005204,ToU,Affluent,0,0.10403019535910948,0.5741712785243741,0.11503521461159477,4.982881423451911,1.0527729142067999,5.369999039686586,0.22841258058413658,0.04187375247152144
MAC000018,Std,Affluent,0,0.22410668938021416,0.677783353610771,0.1294354146139369,10.727209301958382,0.5231485311740028,2.8449057822013746,0.4147449022978669,0.07578872558663492
MAC004967,Std,Comfortable,0,0.13578116061106826,0.4415253576072821,0.08808477686484477,6.489198959687907,0.6452236823423091,3.3153585989789733,0.3199236464626322,0.040620809968755514
MAC002971,ToU,Affluent,0,0.08809226128047885,0.471725619338843,0.09403106716772926,4.220606610743801,0.9763971628315876,4.940922053740296,0.2505433266170264,0.037953822111404745
MAC000679,Std,Affluent,0,0.19413032530627936,0.714105417715959,0.1783229262091193,9.2877554909224,0.8725264739890081,3.6404024769717918,0.29723713640489313,0.07558630801619406
MAC004661,ToU,Affluent,0,0.1194898698571924,0.44873244130434786,0.09800338001653351,5.71776421354515,0.692558262811887,3.1513257020536907,0.47541463662584765,0.08221321940469956
MAC005374,Std,Comfortable,0,0.07938986878472923,0.5014763194857917,0.0989830507471765,3.803564276048714,1.1624157667727828,6.106428406724527,0.19037800732075216,0.04762264309415524
MAC003782,ToU,Affluent,0,0.26964761467657544,1.0663106218436877,0.22960785738052442,12.905134268336676,0.8379145826372845,3.95980208114738,0.2669297449584886,0.08061813046552883
MAC002148,ToU,Affluent,1,0.39030034732343,1.236317229951691,0.25450431949781976,18.67751851884058,0.6385680147753267,3.15552859134026,0.3567244137844456,0.11809604183226856
MAC003959,Std,Comfortable,0,0.1879915871955779,1.3980629134105962,0.2217920152401799,9.011526488741726,1.1228326358577592,7.177076321941108,0.21298500244332977,0.04831692199540948
MAC005546,Std,Adversity,0,0.13375352532507512,0.47341788870967744,0.0853776575369717,6.392901759677417,0.6107415186600066,3.3927821499582484,0.34904521961600615,0.02832114885584617
MAC004789,ToU,Affluent,0,0.13937226134451117,0.7683816352941176,0.1325997168453646,6.673727403012913,0.8988113681756045,5.196560888487444,0.25024465118495787,0.037796064377299134
MAC003848,ToU,Adversity,1,0.37518551489792407,1.2212692327935222,0.30040766863692037,17.980975711740893,0.8193672300145283,3.4783962669579926,0.3107257765580066,0.14853378341690757
MAC002005,ToU,Affluent,0,0.22608541906086765,0.7531562992025519,0.1551730956154203,10.798614033014353,0.6485344569958688,3.236084995680939,0.3401209228289039,0.06683047240069248
MAC000243,Std,Comfortable,1,0.2818489296134716,1.256239657907543,0.2901456102271549,13.501024329075424,1.03508731162317,4.587310055229701,0.23381376371378412,0.11477693969929574
MAC003368,Std,Affluent,0,0.1565599629515151,0.7404145900191936,0.15956584311090158,7.500151632053746,0.9087316103307084,4.154386364817119,0.27755588985215485,0.11591083222168588
MAC004667,Std,Adversity,0,0.0401140214722835,0.2940217391304347,0.0537974405671047,1.9207725752508367,1.2127536106046375,6.441173672534896,0.23680696103910628,0.012412966979308729
MAC003748,Std,Affluent,0,0.3036419324283278,1.1923201150141645,0.23465381122149442,14.39591784759207,0.7629693690617297,3.92241629520435,0.2769550706546835,0.08045102733807558
MAC005434,ToU,Adversity,1,0.42532743051426164,1.8511542966521106,0.39012389613244,20.389825327074238,0.9460053170174337,4.5770865933132034,0.2334799546670005,0.12297504982388587
MAC004791,Std,Adversity,0,0.11422398551155157,0.6552797701578192,0.11682212544481362,5.4513629837876625,1.0125401361751043,5.7302943224578495,0.21018334807864028,0.03376361853206707
MAC003343,Std,Comfortable,1,0.37506156913663385,1.3035616863636363,0.2611666160377353,17.75147402987013,0.6679431140718682,3.3122342593349074,0.3471583764765272,0.12203140617675577
MAC003337,ToU,Comfortable,0,0.29874451810148356,1.0936084077433628,0.24234380810562936,14.318823010840708,0.7924249184718245,3.662512018022912,0.2939508569810713,0.10146224028639515
MAC000561,ToU,Affluent,0,0.18209081335356586,1.2304608689855068,0.2353013890455467,8.71376811695652,1.3172030326842459,6.94093738404052,0.16020898892359994,0.06660175835080366
MAC004763,Std,Adversity,1,0.3778479819766451,0.859317073601148,0.25914642171712116,18.05399569569584,0.6794376939175821,2.4435842719908125,0.43828063752561086,0.19261027257941116
MAC003317,Std,ACORN-U,1,0.46684058722817495,1.5994961818702287,0.3697488251744096,22.258041986832062,0.7888573341304905,3.4551243598558266,0.3030731002552755,0.11269793837476956
MAC005468,Std,Affluent,0,0.2773291476533539,0.9520481760583942,0.19855067990832537,13.2797635039416,0.7207393715689443,3.45404516992605,0.3031744963801305,0.04726513221569017
MAC004367,Std,Affluent,0,0.18507141273183395,0.8503417016736402,0.17015079889274456,8.871571827475593,0.8372648199796172,4.328390449603688,0.2823013069015593,0.09863759560573163
MAC001573,Std,Comfortable,0,0.10938825484358186,0.40408796296296284,0.07063821225621165,5.228986111111112,0.6413646386112362,3.67423731549775,0.30321263503375995,0.016615858095036608
MAC002659,Std,Adversity,0,0.1343393701391386,0.6248020991004499,0.13506276921450272,6.438778111094454,0.9963335047107353,4.620535606903059,0.23671156617480996,0.035681861756218236
MAC000863,Std,Affluent,1,0.5133969206854558,1.605453025052192,0.39176556747869284,24.601306889979124,0.7735494426993894,3.2951525223354032,0.322612514567897,0.22725129905576216
MAC002337,Std,Adversity,0,0.10717833595191055,0.41787931017241375,0.08542030823694588,5.1217672412068955,0.7775177465444726,3.8098831444802506,0.2941806788521378,0.02570936828892339
MAC004823,Std,Comfortable,1,0.30269695224577897,1.3130555522569447,0.27449274127140727,14.498664925694445,0.8999934245692656,4.332863433271296,0.2524348462332468,0.06980012321271871
MAC002184,Std,Affluent,0,0.22924478335962936,0.8559124802269047,0.17985397145437687,10.987954619773099,0.752813864013976,3.713347936036736,0.3318761973559884,0.11433510953951993
MAC001507,Std,Comfortable,0,0.3335952995123223,0.8787180260400619,0.16446626862737843,15.97687365007704,0.4898439851625951,2.6229337876355805,0.4100210927369497,0.07128751732836919
MAC004516,Std,Adversity,0,0.042627278387500536,0.25748258718905465,0.05102899036212473,2.0428395523631844,1.2658951152455276,6.533315047533733,0.17714154817443645,0.01768512545395835
MAC001784,Std,Comfortable,0,0.20555059901299363,0.68582807681388,0.17504059311546888,9.737932178233441,0.7310219798228786,3.2440405754024306,0.4152427443120443,0.16121057495861912
MAC003420,Std,Adversity,0,0.07603704706237914,0.3113558994197292,0.06305511053328627,3.643880077176016,0.782964668832822,3.9137556980724475,0.3065995486845573,0.031108102564210514
MAC003325,Std,Adversity,0,0.26872359176574884,0.833009048868778,0.17295070825922348,12.883911763574663,0.6455979665781538,3.123033044732188,0.3459276631084467,0.06075460344039044
MAC005549,ToU,Adversity,1,0.3848192894250068,1.0963944297653956,0.28487274906051097,18.426202350879763,0.7208683563168448,2.8286854708788156,0.3751019222220209,0.10795125974952573
MAC000227,Std,Adversity,1,0.31699702685423764,1.3096634263669502,0.273491028609193,15.174749693924666,0.8463940651917228,4.12892477940229,0.2581333357204233,0.07979039659342596
MAC001024,ToU,Affluent,0,0.06167211682467266,0.2569880418535127,0.054931972540033125,2.9538744394618837,0.8497562591606388,4.054415708766279,0.2751112055030145,0.0195975650134714
MAC002463,ToU,Adversity,0,0.07980148384735293,0.42096711509715995,0.09439970954432605,3.8226591928251126,1.1333690285175781,5.184225099896941,0.21534117213555018,0.03346288027383581
MAC000248,Std,Comfortable,1,0.2608040461061939,1.6646723509135202,0.2775874002642196,12.434823387332523,0.9994189864831822,5.997487783549053,0.22205952734399864,0.09034592526156962
MAC000176,Std,Affluent,0,0.16371404151049151,0.42936188190591074,0.07201929145269693,7.8295597106152,0.49878341721904895,2.8387758165644787,0.39699484494383097,0.061680645842403826
MAC003327,Std,Comfortable,0,0.05196131746674339,0.38902671717557247,0.10145070700265395,2.489194652862596,2.573668103540978,12.17273059391765,0.12479921030121482,0.07773548703850447
MAC004272,Std,Affluent,0,0.18288742620330817,0.8260928780185759,0.1684231465873414,8.75515944256966,0.8997950070481167,4.502320194582265,0.249449535473809,0.05546429915335337
MAC002941,Std,Affluent,0,0.30203335645234136,1.051380559472817,0.23003582046691595,14.456925862932456,0.7475863216635756,3.498507437032462,0.3039104171521228,0.08893806406811562
MAC005214,Std,Affluent,0,0.156991024349473,0.6478959156785242,0.14352125531654986,7.506513833069831,0.7696112813693143,3.643400612585121,0.3287345536620283,0.10806429250976156
MAC004916,Std,Affluent,0,0.099067698720315,0.3879328165374679,0.08004320969617629,4.748996124031008,0.7914072864089474,3.8043070995339385,0.28752145357488795,0.01711330391111091
MAC004998,Std,Affluent,0,0.14549948796734563,0.9305913828981723,0.14993613948293477,6.973698432767626,1.0222726052051918,6.3707736666202734,0.16553334442109013,0.012705238043209915
MAC000834,ToU,Comfortable,1,0.3726818328077477,0.982075557185185,0.24994612688063214,17.776737779851853,0.694686924860128,2.9591567741979743,0.4035954142830198,0.3245987262642901
MAC001560,Std,Adversity,0,0.230912041527633,0.4989337442218799,0.101869235576483,11.001764252696459,0.44481680508217036,2.169571543786637,0.47117517510334017,0.024422332522258863
MAC002707,Std,Adversity,0,0.08872317615924885,0.2455165165165165,0.041208380314399926,4.2394174174174175,0.47303444248966836,2.7952741190996053,0.38471819987900213,0.018669872159072762
MAC000704,ToU,Adversity,0,0.059959055096650574,0.30533039647577104,0.059739138020838516,2.8624170337738626,0.9696673648698835,5.021853115375357,0.22535765340240707,0.015425972829108446
MAC003062,Std,Adversity,0,0.0595065182019622,0.234375,0.04259528524443992,2.8419740853658544,0.7259371315572971,3.991814134962373,0.2690866524514441,0.016238217565026167
MAC005356,Std,Affluent,1,0.7481489062577228,1.9769594551351355,0.48172362977810945,35.84979188486487,0.6499268619270229,2.7226897844161497,0.40023676557772103,0.28917609115554016
MAC002652,Std,Adversity,0,0.195413104090911,0.6585457269865069,0.11349362808068027,9.319905546626686,0.5920205454207941,3.4089499207663585,0.34572233283004133,0.06577081596156058
MAC001463,Std,Comfortable,1,0.3656845723476106,1.307127693230769,0.2795817272927028,17.491389233230773,0.751928255778074,3.5687926148846447,0.2978993981336628,0.08676322771840413
MAC001858,ToU,Comfortable,0,0.2195513405178623,0.8601421818325437,0.17179212441245867,10.495118484360194,0.7111168767983866,3.65452125861213,0.34091564203604663,0.09753882132843787
MAC002416,Std,Adversity,0,0.07560167714944051,0.21819374068554398,0.040798621132509975,3.6255230998509673,0.5720608877387515,2.8235719303997646,0.3963126753708814,0.03659075021246075
MAC000237,Std,Affluent,1,0.5882204093132559,2.2982717129032264,0.44424076034925036,27.65829280148883,0.7569343852995908,3.8839086849222455,0.2993724435421949,0.18403620737939944
MAC003286,ToU,Affluent,0,0.2785097576694416,1.0430455413662245,0.2259158889136091,13.332294118785578,0.7812092971348037,3.6767047119111234,0.30004498437182753,0.09823175100328249
MAC003382,Std,Comfortable,0,0.11124332894724752,0.6574702491362765,0.1305328458033958,5.325765835124757,1.107896392562015,5.764348407921523,0.20242523779198746,0.05204831427948051
MAC001328,Std,Affluent,0,0.04259817256211017,0.08110076335877862,0.015932003834786858,2.0205648854961837,0.35515717789249857,1.6949700741629652,0.6368032417159747,0.027651594961715036
MAC002151,Std,Adversity,0,0.18655586403986527,0.8736956533011271,0.178578324864236,8.932346216908211,0.9301411649094825,4.638769823365554,0.2360082340421652,0.05752673062245188
MAC004392,ToU,Affluent,0,0.030670501905518868,0.13685208333333332,0.024807611231255553,1.4708145833333337,0.7343273194119768,4.026388826244829,0.3295547392647888,0.013197616399950535
MAC001250,Std,Comfortable,0,0.2984821076604701,0.860846875625,0.17082245305235375,14.279718747031245,0.5923294047910979,3.0792529194529115,0.3950669689771421,0.1796801581243081
MAC000372,Std,Affluent,0,0.25305341878018617,0.7321705980582526,0.1164242480820274,12.10514701997226,0.44719911662079287,2.84715545950906,0.43969983436358534,0.10424191888130271
MAC001821,Std,Affluent,1,0.36329467679202887,0.89734123206951,0.20784564152920887,17.399137440442335,0.5310799242721823,2.375875984265176,0.4518021687910874,0.10879483018929818
MAC001805,Std,Comfortable,1,0.5977405667937535,1.4110930589905362,0.2636559496202252,28.639947946845428,0.5419218140688101,2.8467407392130624,0.4067851832610353,0.45575154158808034
MAC003671,Std,Adversity,0,0.11359318137397185,0.5733061632206757,0.10940893928999171,5.433015904572563,0.9070093215277664,4.827009349414626,0.2515975590683516,0.046227047870454355
MAC005065,Std,Affluent,0,0.1303924362740489,0.690110934548336,0.13838157059487605,6.24236291584786,1.0630739781314469,5.456196351063186,0.2133328289317419,0.04828272983841796
MAC004855,ToU,Affluent,0,0.21042004190481775,1.068098112955975,0.22166185091551524,10.074742137987421,1.0471108041362487,5.153097937012019,0.21559828367401104,0.07967194282240062
MAC002647,Std,ACORN-U,0,0.24367896542428516,1.0116047904191616,0.2123229890123214,11.650125747155686,0.8991302739389719,4.475237802982186,0.2681485448447468,0.13122103354146036
MAC005272,Std,Adversity,0,0.050606676962589824,0.38150930851063836,0.06914274202511123,2.4254521276595744,1.351711019140322,7.447459398826496,0.15196261611690523,0.011702158182177876
MAC004027,Std,Adversity,0,0.06478645833333334,0.35073509933774827,0.06582116597221224,3.101248344370861,0.9909464851760192,5.291649988472551,0.2147401122384927,0.013036034362075873
MAC005417,Std,Affluent,0,0.1787468591170678,0.7280216777456648,0.15000805945036214,8.570526012572254,0.7960736533777021,3.8398391651789443,0.2982033277798243,0.056732108238841006
MAC000604,Std,Adversity,0,0.2689528051644939,0.7741918613372093,0.13377994471442825,12.868453488953497,0.5007707837941601,2.906945699635547,0.37905032476845724,0.06459710987565864
MAC004476,Std,Affluent,0,0.06361164535039353,0.3486431225526643,0.06300637848176359,3.046838909417596,0.8735041258421566,4.847545065831413,0.2904233751043571,0.022934426704742883
MAC000712,Std,Adversity,0,0.08352962848021503,0.4094501467741935,0.08260925569025766,4.00305718489736,0.974697364155856,4.866379926932737,0.23161755663553535,0.021338372881709557
MAC005333,Std,Affluent,0,0.18326568074455685,0.9906629387412584,0.20509620990491997,8.783271329510491,1.3307274359205636,6.643417150599537,0.20374608244886047,0.1281698377772709
MAC001289,Std,Adversity,0,0.22047112178375006,0.8320334844748861,0.16990941204819404,10.5307092826484,0.7595969963840993,3.7733791839095026,0.3044582806815533,0.07260777204067372
MAC004351,Std,Affluent,1,0.4283574872364763,1.398049203617945,0.2827635375885817,20.410370480897257,0.757081116672473,3.7399105358630056,0.3417852219347856,0.35943972894812165
MAC000335,Std,Affluent,0,0.13275637671286797,0.5097101865136298,0.10364539137933099,6.353489239598278,0.727929091466544,3.62843081122504,0.31734805511857583,0.041984995376390416
MAC004407,Std,Adversity,1,0.3949593314639844,2.202408140673212,0.46998353103144397,18.93734082903226,1.084638882661989,5.2305095344072345,0.2252526243790996,0.19445829887567212
MAC005276,Std,Affluent,1,0.31999802465237626,1.6627047863031916,0.413833299125223,15.261622343351064,1.3450174287074859,5.996383075792574,0.19024214546342308,0.22052923364755514
MAC004455,Std,Affluent,1,0.36748785000709794,1.9580433138613864,0.39872662227720285,17.620387374876234,1.0729252595296965,5.34025318519728,0.21274753738274244,0.09912290296685065
MAC003820,ToU,Comfortable,1,0.5577312548735122,1.4581454531313134,0.2547764728552414,26.62359393717171,0.4537247263309832,2.615318627066713,0.407425424559332,0.15863881060118223
MAC002666,Std,Affluent,1,0.4166822009036319,0.7737492486486484,0.1223531119845148,19.89422372357357,0.2806457433162627,1.8412787094167464,0.5684270635508886,0.08980716993981328
MAC001081,Std,Affluent,1,0.3011296251469364,1.8896123678733032,0.4381241283233087,14.399983407390645,1.6145302457060002,7.073945066234445,0.1624400259506634,0.14106437652997694
MAC004196,Std,Affluent,1,0.3530389281129881,1.0829645074074072,0.19465234269835105,16.864165125925922,0.8362474252237146,4.3834586549204495,0.30728191214703277,0.2089795868600151
MAC005137,Std,Affluent,0,0.09698603514973957,0.6341312495312498,0.13105649927550583,4.649285937187499,1.2675008676307757,6.347033726213384,0.2090897703098963,0.0469162919422168
MAC002078,Std,Affluent,0,0.12712872944888337,0.4251540929373997,0.08854116409747671,6.095218298555379,0.6644766429318867,3.270498322453466,0.33969339211793825,0.04710502097445513
MAC004529,Std,Affluent,0,0.16047960442858203,0.9096413448318803,0.17689092570413326,7.680896637359901,1.072258714677076,5.61239045056787,0.20264587001128673,0.044897776945784985
MAC005351,Std,Affluent,0,0.08318303743546551,0.4653738191632927,0.10271814623365588,3.9832928475033738,1.2377574887720753,5.621160691893218,0.19924252894169875,0.03280638833794159
MAC002628,Std,Affluent,1,0.9698989110586123,1.9871796350299402,0.33770857122124465,46.463327831137725,0.3479335183918791,2.1047469420833305,0.5055898951641745,0.5305111657773487
MAC004664,Std,Affluent,0,0.19971431912568852,0.614525083444816,0.11021440841170112,9.560413042976586,0.5265007015970036,2.9691602462789644,0.3806465397775155,0.0416523825638356
MAC003218,Std,ACORN-U,1,1.9302901314020668,6.084363619138756,1.92241260635514,91.11304308612438,1.0342074516497657,3.2584617296709113,0.31578344224335164,0.6015104959626368
MAC000750,Std,Adversity,0,0.23875875648380304,1.1380234932452276,0.24292671047311754,11.430894270044053,1.0156433690080637,4.797365424093646,0.22506590087561584,0.050506300106070164
MAC003795,Std,Comfortable,1,0.44954645317462677,1.2788245927419353,0.2560082362418563,21.544024187096774,0.523599955103626,2.6970083554733555,0.3980953213873337,0.16411582913138928
MAC000166,Std,Adversity,0,0.2007336955724749,0.6631674701204819,0.13452250209465763,9.611553011566265,0.658185157074343,3.2585470949993476,0.3368865220968143,0.048056699301189165
MAC001316,Std,Adversity,0,0.10894702399435777,0.6711358775572518,0.13248816023444945,5.221111449770992,1.2001973317543377,6.108539964054219,0.18667316242153884,0.03712295475804694
MAC004786,Std,Comfortable,0,0.18431121984480375,0.6004353446839079,0.12251025649105991,8.827020114942526,0.6545119507211825,3.252211607931709,0.3321521425153888,0.053719966512945694
MAC004523,Std,Comfortable,0,0.12700585182565569,0.4137014926616915,0.09365659667178744,6.074532338308457,0.736679436609355,3.2731341871594237,0.32763774524949973,0.047183332940057936
MAC002682,Std,Comfortable,0,0.2711864045871346,0.8381454272863569,0.1838544049941464,12.98873913028486,0.6649782743268803,3.0122445239966944,0.3606838932304614,0.06254430182202685
MAC003246,Std,Adversity,0,0.045687293262245944,0.26083208992537316,0.05033079990467901,2.168712686940299,1.2763410401367643,6.642303219871441,0.268288504209603,0.042353815362936344
MAC001597,ToU,Adversity,0,0.17320286121396508,0.8708204328173376,0.1926017321552902,8.29290557368421,1.0949212322630875,5.150120600250363,0.2166628666228336,0.07420657898472845
MAC003269,ToU,Comfortable,0,0.2796377972201954,1.0003674240530303,0.22876119428721298,13.388772724242427,0.7918147397853463,3.5089542410308585,0.3123406078308273,0.09171596051792597
MAC002978,Std,Affluent,0,0.07160902805959765,0.27674659400544965,0.05988236108334404,3.4323079019073575,0.7981246740546826,3.816190695990519,0.28933134626240337,0.02019753242605022
MAC000451,ToU,Comfortable,1,0.3439954146475017,1.0553281685915492,0.25679055808677376,16.409428167887327,0.8059315717241848,3.365877846067478,0.33360918206215756,0.16628494404454547
MAC001670,Std,Affluent,0,0.1109128581752022,1.2010108855365476,0.20101171859959843,5.2997200598755825,1.7100430975978236,10.238558448061902,0.12691653443116332,0.03502286581387965
MAC005107,Std,Comfortable,1,0.3475235264513677,1.2783734376562497,0.30114977401909165,16.664864055,1.1061888136806366,4.824888739336129,0.24555661032165074,0.3035017299807462
MAC002075,ToU,Comfortable,0,0.09584857226687135,0.618222755448718,0.12006044754752,4.5974230759615375,1.2203231571685451,6.307115191382785,0.18280127626427756,0.02790216758072511
MAC003977,ToU,ACORN-U,0,0.19818854501709707,0.8710943716887417,0.19880134346403117,9.415165564403972,0.951943651594851,4.271219612373927,0.283880923417984,0.10118468456126585
MAC000879,ToU,Adversity,0,0.22139381931409555,0.8741404944214874,0.18056712758203555,10.608283058057852,0.7954263643255952,3.9525438873052625,0.3082928581471958,0.10326933868816869
MAC002298,Std,Adversity,0,0.13194759355708996,0.41777453633952255,0.08061230011783596,6.316323607957561,0.5934731489940264,3.1136192045373363,0.37690608627253586,0.03619241976408094
MAC002684,Std,Comfortable,0,0.06808669166494087,0.38886506746626687,0.0733246275740253,3.2577571215892043,1.011946311202834,5.4107374659616285,0.2261164207199933,0.025927321506090673
MAC004543,ToU,Affluent,1,0.42882313076363193,1.2245790795765878,0.25673735766770733,20.537721051805732,0.5770045929850461,2.803428224469141,0.3808337065626477,0.10222531527746731
MAC004066,ToU,Adversity,0,0.21917244013922,1.2586768773353756,0.23265035171572634,10.49380245053599,1.0480959367498235,5.788706485838311,0.19385647856778981,0.05658963679750053
MAC002513,Std,Affluent,0,0.10005324127340957,0.8058885189683861,0.16465729905171098,4.792808652246255,1.61383505095121,8.10364811681709,0.19627734858360477,0.08576449612783792
MAC002873,Std,Comfortable,0,0.016720725204169354,0.04269545454545455,0.012416574150218379,0.8021227272727272,1.8195490905800116,5.884849197526314,0.2347168632764777,0.04302371302233413
MAC001746,Std,Adversity,1,0.3645085831043725,2.0616755902362205,0.42153171128182976,17.457363773228348,1.1669374891846471,5.799701434862906,0.19124722077759165,0.10951109363770435
MAC001676,Std,Affluent,1,0.40235264634870277,1.7512445479750782,0.39012454879021263,19.286646418847354,0.9909570427907578,4.487071177119364,0.23932089223430314,0.1316134768039688
MAC003141,Std,Affluent,0,0.23615904766895568,0.7382483209731543,0.14109716458017124,11.297538589429532,0.6100689480163715,3.1752808421733922,0.34505154870988347,0.051125017148253245
MAC004935,Std,Adversity,0,0.10952787607262075,0.40247994851228963,0.08384431113927676,5.2414644245795605,0.721011931919385,3.492325059998488,0.31558480328172495,0.03817830374203162
MAC004203,Std,Comfortable,1,0.285000614803804,1.3442314805555553,0.2992001663154088,13.605183641358025,1.0509195431543747,4.797117545306109,0.23410330705330168,0.10913693947813372
MAC000777,Std,Affluent,0,0.09311368855361471,0.48245374464023494,0.11584172641613345,4.452139500440529,1.1519764215438153,5.338222657310354,0.2290305555190065,0.06862777647657319
MAC002541,Std,Adversity,0,0.15712863255938186,1.1764276206322795,0.22049505467813632,7.519229617803661,1.266326904495655,6.793310892296267,0.19786656975256678,0.059875754516911045
MAC003244,Std,Comfortable,1,0.3296929606171383,1.1225037701886789,0.23943736058292686,15.79881131716981,0.7212798017410483,3.4146593863370205,0.31158480034330405,0.10551993452574707
MAC001232,ToU,Affluent,0,0.2133561485032978,0.6884170464231354,0.11672046743928333,10.211117198173516,0.5268507085965366,3.133434816274287,0.3614599284775418,0.04044918134683634
MAC005491,Std,Affluent,0,0.08301794045981349,0.6156769005847953,0.12475586552547946,3.9759678361111117,1.483510431143176,7.503224579359943,0.15190974336667323,0.03398346530048907
MAC002675,ToU,Affluent,0,0.08605688564439708,0.38698800629685154,0.07190016303909894,4.106701649475261,0.8084384476022066,4.351574878362685,0.27379085598126063,0.030025387902182468
MAC005047,Std,Affluent,1,0.7430529389988619,2.159766885838779,0.5392580637724882,35.493119820261434,0.6824668812593212,2.910429338012055,0.39680384670606544,0.3329732935065694
MAC000839,Std,Adversity,0,0.21241940071224064,1.4457866659259262,0.27830369074862993,10.172992592740743,1.3116290874840946,6.92885804142999,0.160746014738889,0.06146807350655313
MAC003291,Std,Adversity,0,0.24726772582003548,0.9475648851145038,0.19262394240107042,11.84347137290076,0.7677950369227791,3.7961902955738656,0.28430916849924986,0.03807618921686142
MAC002878,Std,Adversity,0,0.20210434715295705,0.5849540986885244,0.13277038242299485,9.672949180491807,0.6593994489740926,2.9018496127641713,0.3834048275208948,0.05539331586994195
MAC005055,Std,Affluent,0,0.056851250436603065,0.3989968704225352,0.07871126499398104,2.712807512050079,1.3364818058473664,6.725125701370762,0.17740537934725753,0.02272352482332092
MAC005547,Std,Adversity,0,0.16431511954828432,0.4818696925329428,0.10978813775807714,7.831169838799412,0.6807497412125992,2.968347658629993,0.36647324726834957,0.03211890311486217
MAC000853,Std,Adversity,0,0.09250133389533358,0.3219244444444444,0.0577383718283764,4.425368888888889,0.5724380418552938,3.223884517803675,0.3818096909472987,0.02891517464926944
MAC003076,Std,Adversity,0,0.29947211443818844,0.8546463411585368,0.17931473043348256,14.353591463262196,0.5999255057531538,2.8609671645558636,0.37511882978185906,0.05250416173282913
MAC005539,Std,Affluent,1,0.344590765012523,1.1715490487554903,0.22294530873788632,16.492629576134703,0.6270137584584808,3.3203712971797095,0.3345047819425617,0.07427852378976055
MAC005240,ToU,Adversity,0,0.09613261415420137,0.5532142855820105,0.11010144330255861,4.601619048015873,1.025911029676015,5.238172192026062,0.2542702058481826,0.042184319202771235
MAC002584,Std,Affluent,0,0.16143849527696258,0.8373566665000002,0.16842521642261207,7.729288333333332,0.9441615739066928,4.957165979571379,0.27658684946256706,0.07746506943456867
MAC000883,Std,Affluent,1,0.40765888787057936,1.436101006397307,0.29616234005613373,19.47594949191919,0.7365290174605624,3.573651228701987,0.3008103398871899,0.10903453513769291
MAC003550,ToU,Adversity,0,0.23400677636255385,0.8254431366666666,0.17904597110463594,11.19866666549019,0.7621084616692221,3.515424312070502,0.30545849163334565,0.058826311178909615
MAC000189,Std,Affluent,1,0.27173105600006203,1.4376416446731237,0.27901485011552335,13.01457747651332,1.2903685589697116,6.908453471427699,0.18951082975051484,0.16082748095822486
MAC004137,Std,Affluent,0,0.12704478613616701,0.7563825280120482,0.14911986870698687,6.050843370783132,1.1218270957033993,5.835007607487533,0.20295729950858826,0.051478484090080996
MAC003407,Std,ACORN-U,0,0.14346320123449963,0.6781936764822133,0.1354698359556073,6.872814228458495,0.9503185300725108,4.802384133431154,0.24455295422773154,0.056945535716743746
MAC004322,Std,Comfortable,0,0.132358985838128,0.5309055729102168,0.14059652216317045,6.348260061919503,1.1510488250197937,4.5174058383896165,0.26068395804901734,0.07766780766683352
MAC001626,ToU,Comfortable,1,0.3053078982025461,1.901241859379845,0.36138347859969755,14.547657362480619,1.178518142664694,6.279838054234203,0.1732950367090112,0.0817754508240036
MAC000990,Std,Affluent,0,0.24722834899967913,1.007000000896861,0.2413870808328056,11.775224216143501,0.9640012317943821,4.120263978708516,0.2895827589073577,0.15684790578226707
MAC000773,Std,Comfortable,0,0.1283735218800517,0.5869500732745961,0.1260937864674538,6.144252569750367,0.9578914907446568,4.518849113811222,0.2504733866270219,0.042600247410093404
MAC001733,Std,Comfortable,0,0.17811731655011007,0.6457887328638501,0.14242654106561864,8.513320814084508,0.791331775390268,3.567640282053689,0.30704124595986804,0.042591223022112934
MAC000939,ToU,Affluent,0,0.25531957253774507,0.9633522389552238,0.225216286722525,12.216665671343284,0.8663320540986055,3.9256568611305496,0.3034793778230437,0.13440254507457036
MAC003521,Std,Adversity,0,0.06802753370376918,0.280009746588694,0.05773862776287672,3.2545769980506822,0.8208178901172739,4.006156176095756,0.2745990296416641,0.017374382575869998
MAC000251,Std,Comfortable,0,0.21407373056664167,1.168070644945188,0.21179377947968298,10.257389768209503,0.9330991464428343,5.3224066271434465,0.22588921399245154,0.07381051386151952
MAC001648,Std,Adversity,0,0.06265537737739393,0.39726283048211514,0.07911554075022612,2.9978273716951773,1.2408548129848131,6.34296175082172,0.19176758948474182,0.021751305339039972
MAC000732,Std,Affluent,0,0.09110488313921843,0.3861906156891495,0.07379031574791176,4.3524398825513195,0.7488362326021367,3.9734404342333742,0.31653431028281076,0.034371864750999084
MAC003442,Std,Affluent,0,0.15228051748800298,0.43924418604651166,0.08922750928137087,7.27464534883721,0.5980082767327005,2.8904299025383966,0.3769071948234127,0.03285467631215462
MAC001818,Std,Comfortable,1,0.31382620409191886,1.7693981037914694,0.3552120682182405,15.03812480300158,1.077356227973864,5.510563305784625,0.23137753539619937,0.10368213130671435
MAC002452,ToU,Adversity,0,0.05798654316334541,0.2930596125186289,0.05877437342348003,2.7731922503725785,1.002951775444894,5.000788271627957,0.2193418904106465,0.01229454143661039
MAC004984,Std,Affluent,0,0.23746894234779434,0.6258749998697917,0.12320495016299349,11.37030729140625,0.513329447773163,2.6217014392243256,0.41703343768515144,0.06326670960678335
MAC002384,Std,Adversity,0,0.12277104247482519,0.676320950371471,0.14571931559260395,5.868855868350669,1.1883055468264174,5.468504686900366,0.2006407928842617,0.04123275667590787
MAC002804,Std,Affluent,1,0.3357508913714863,1.5844680042000006,0.34858757454165695,16.0149140044,1.0164989413422256,4.7097124418502885,0.23669893116521365,0.10240495080454909
MAC002079,Std,Adversity,1,0.6273039250424579,1.5230672016000002,0.3254490788139554,30.01509120399999,0.5356184290402892,2.4985210406815086,0.41625188989922973,0.21024367043570563
MAC000493,Std,Adversity,0,0.07721852585729834,0.49857263596614954,0.09957752005805645,3.6949830737658673,1.1283631773843896,6.074346589254238,0.21880014111232896,0.04306269528696097
MAC003714,Std,Adversity,0,0.24239235621584848,0.7816187618762472,0.15292983408885702,11.582584828942117,0.5992048410048512,3.075911341167371,0.37052690296115964,0.05050326747498814
MAC000636,Std,Affluent,0,0.042204074478012554,0.12615483870967742,0.027956602080581094,2.018892473333333,1.0632507805923122,4.362062099717915,0.325057727176262,0.050348563933586415
MAC000515,Std,Adversity,0,0.10282668902566101,0.6514539015602837,0.1424909254702473,4.926295036312057,1.2754423322429942,6.052844832749598,0.19132167784436196,0.06119731448430992
MAC001157,Std,Affluent,0,0.1859346444442507,0.700317700151286,0.15826987965124006,8.882915278971259,0.8441800738222288,3.74956627211368,0.2759749258212795,0.026526609640265673
MAC001119,Std,Adversity,0,0.17469307466070247,0.8190995466063348,0.15780271311160365,8.328070886576167,0.9157065782927051,4.768894701889224,0.2696865917442175,0.0899594799942719
MAC003446,Std,Comfortable,0,0.1183977283297082,0.8269573618217054,0.16716199533206222,5.664348835465119,1.349972615721896,6.898552903074023,0.1867967875221177,0.06844311393959111
MAC001264,ToU,Comfortable,0,0.1545177436722513,0.6197945202435312,0.11830699972937474,7.394159817047184,0.7555156675402386,4.028985012543775,0.27047389849513853,0.04050054349938213
MAC003956,Std,Affluent,0,0.2676172737824227,1.2455115903973513,0.2834270153752952,12.811000002483443,1.0624067189083959,4.741388790186236,0.22521829026480222,0.09173341241777559
MAC003723,ToU,Comfortable,1,0.34116798008107896,1.631587692,0.36865266678381264,16.307092299692307,1.0971770579325124,4.985175341847172,0.2236068861455052,0.12019493293207906
MAC003684,ToU,Comfortable,0,0.1616806896712764,0.6086474109561755,0.11048591878416712,7.73522111613546,0.6753020606318474,3.7112646744071256,0.3121296226626322,0.03029023047960011
MAC004427,Std,Adversity,0,0.09820759271187199,0.6276904764705883,0.10901489297106218,4.705091036974791,1.0448545666265545,6.1057386536670695,0.20844547579815434,0.028487996528099024
MAC000331,Std,Affluent,1,0.38175136613011146,2.5807190031680447,0.6419976882478942,18.084939391735535,1.6589628864088857,7.107760699230385,0.14438126416709998,0.2016839097213536
MAC004725,Std,Comfortable,0,0.31846934614696837,1.0315622303290415,0.21167570831291674,15.238447781402002,0.6519281521545327,3.2226680010448976,0.3347783081759498,0.09151969728492465
MAC003383,Std,Comfortable,0,0.35804543148099605,1.1831549338028169,0.24191272946713324,17.083478883098593,0.6728605909081706,3.3022900122468704,0.3153476961879143,0.0491105315235406
MAC005196,Std,Affluent,0,0.15375246824189004,0.8212147566534913,0.18368745529203012,7.36461001396574,1.159384365625354,5.498721954255041,0.21378595633906375,0.08673583527147291
MAC000960,Std,Affluent,0,0.17983990863428848,0.7495432933786079,0.15873819708885725,8.618896434125636,0.956679772636611,4.559956693738088,0.2505926247945131,0.12120651277846367
MAC002305,Std,Adversity,0,0.23635373794267314,0.6953028062038404,0.1452841048659827,11.335103397488924,0.6095103673411835,2.9012122299971472,0.36802068198973387,0.056089953994915995
MAC003496,Std,Adversity,0,0.12412986327938147,0.6331754391812866,0.1299703544275979,5.921910331773879,0.9891955506131469,4.961782720996209,0.24527200655901954,0.05523117868346012
MAC003441,Std,Affluent,1,0.36460584244464195,1.1557926360465116,0.23819509431518696,17.398269381589145,0.6794207856987557,3.3035583548679193,0.32980456737590164,0.1453096137486508
MAC004097,Std,Adversity,0,0.10525507617571607,0.30561868300153133,0.06109496172658843,5.027471669218992,0.5866777994205976,2.89386795309847,0.3892189608633518,0.029966451852035045
MAC001590,ToU,Affluent,1,0.5800936359078236,1.7700712099071207,0.46032224707418373,27.75029411517028,0.7787472227239557,3.0968579582152356,0.34580148370278546,0.24401453600128514
MAC000687,ToU,Adversity,0,0.18963714775545676,0.41137774553440704,0.07241861418229381,9.082193265153734,0.3769136304604147,2.155854419075188,0.48389880720753653,0.05037269756717584
MAC003964,Std,Adversity,0,0.09364683830470501,0.36297847748344364,0.06611450426063198,4.471576159602649,0.6731157170518304,3.730675609287332,0.32759044406496357,0.03508069109360728
MAC003027,Std,Adversity,0,0.04024939650535082,0.18849085365853654,0.0387289673553997,1.9275914637195124,0.9131077966952549,4.525536595714041,0.26296984592616124,0.0227164125430503
MAC002039,ToU,Adversity,1,0.4732045794159574,1.1612256017599998,0.247864002837051,22.6758367992,0.5124017118843374,2.431008956889562,0.4344439770310003,0.1078841960062625
MAC000915,Std,Adversity,0,0.10145528422216502,0.4142700296735906,0.08411182658108382,4.837921364985161,0.7980879102680956,3.9477532634359602,0.30851301307108553,0.037903008923277706
MAC002252,Std,Comfortable,0,0.27587391988630056,1.0102905622418874,0.21156576236493566,13.195966076548672,0.7294802721046574,3.591718652863312,0.30739265638998364,0.0935630425980019
MAC004900,Std,Affluent,1,0.508405790893318,1.7411029593307596,0.38748282687869684,24.34536035920206,0.7371656225327561,3.4143065598063687,0.31455662292106634,0.18306839481166765
MAC001551,Std,Adversity,0,0.13397629689848364,1.0994938266975307,0.18583580965712554,6.414734567283951,1.36685323702691,8.145945533414398,0.13888892814354273,0.038486791146915326
MAC004758,Std,Affluent,0,0.0996567361647432,0.5350200577363897,0.11989999347587019,4.775071633524355,1.1341874496182502,5.087715187768995,0.2530770685219033,0.042515237131214106
MAC002033,Std,Adversity,0,0.08520444239571297,0.296111821086262,0.04569336520614371,4.07735143769968,0.4784991126825104,3.177206218598987,0.4032917320349582,0.017152105999527986
MAC000841,ToU,Comfortable,0,0.15549828386253575,0.5617403560830861,0.09774302750934842,7.431808604599409,0.5290054724750728,3.212034587407175,0.41580624100559327,0.056258327554038756
MAC004022,Std,Affluent,0,0.07330429601807362,0.3534139082781456,0.07273958925160624,3.503428808112583,0.788178157196936,4.165481625185538,0.3889995456025892,0.09597440917223643
MAC004605,ToU,Affluent,0,0.2704594572537358,1.149906511352254,0.2864643873983579,12.957111853255428,1.0826657455988344,4.498312138692324,0.24778106402389607,0.1192053439993428
MAC001778,ToU,Comfortable,0,0.1390148702653422,0.6900662460567824,0.13653611074232896,6.642179810725552,0.9741792927441163,4.910652142015163,0.22825845265777037,0.030475419619147317
MAC005555,Std,Affluent,0,0.12355535395554976,0.5364170854271357,0.09048820533104844,5.919635678140703,0.6867790797676766,4.1443993053598955,0.2888451223449292,0.026238340069103853
MAC005009,Std,Affluent,1,0.7594304089324617,3.241149017254903,0.9001000700013088,36.185971248888904,1.2300549482621042,4.542008597450901,0.22780254849914744,0.32578218852139984
MAC003238,ToU,Comfortable,0,0.2009032463654155,0.7769528311320756,0.15138216453120557,9.608013208113208,0.7252982328041595,3.780601275035011,0.2957581129830011,0.04921534235203521
MAC000558,Std,Adversity,0,0.1809338036651463,0.5600580552975324,0.11116499642028767,8.658055152539912,0.6077240046509659,3.042544457502161,0.36641521120676807,0.02202623563188894
MAC002090,Std,Comfortable,0,0.14819624447761806,0.4508413459935899,0.07803861295877022,7.105261217467949,0.5228892926301169,2.9902418500042476,0.3949143703891472,0.05004579182243119
MAC003665,ToU,Affluent,0,0.14926135297311874,0.8570497007952289,0.16413804758881229,7.154053677534792,1.0700248906959338,5.741545480972017,0.19494749129195,0.044962182848776386
MAC003915,ToU,Comfortable,0,0.12650340821699424,0.802591463414634,0.13904012122963394,6.056644309146342,1.0966366517129333,6.385985278488339,0.17365925389923323,0.025509333467189078
MAC000802,Std,Adversity,0,0.2982081542957767,0.9124008855029585,0.16491858288345143,14.276924554881656,0.547544625691732,3.019983402746882,0.3679332248661727,0.0660879434537377
MAC002281,ToU,Affluent,0,0.16717218668951256,1.3927168110619461,0.29038931091697373,7.970961647492627,2.579740330734656,14.099061572512461,0.12740343501551918,0.18712975531100656
MAC000198,ToU,Comfortable,0,0.26723938934853914,0.9720871681598063,0.2310399547556189,12.785769978087169,0.9171951497241142,4.239716020935941,0.2650579091010428,0.23454842874851545
MAC002025,Std,Affluent,0,0.19247164539673764,0.7707040003200003,0.14912624639913444,9.21219200032,0.7401604676072914,3.8530059281022133,0.30021009730572684,0.058448173912954246
MAC000310,Std,Adversity,0,0.12928190405274578,0.6301428570054945,0.11393513292850267,6.184653846016484,0.8460307153037416,4.72983602453993,0.2531597004905328,0.03712381875863989
MAC005198,Std,Affluent,1,0.8723455459575054,4.1180606096179195,1.2029163633051987,41.53912386179182,1.4947383522218147,6.35675390397186,0.18995934921055896,0.6081491641840276
MAC001491,Std,Comfortable,0,0.22221588770271233,1.084583975038521,0.21009342026507763,10.623993839445301,0.9117458865228755,4.818085873991869,0.2486670135144459,0.06327161980589367
MAC005180,ToU,Affluent,1,0.2782764404534274,1.2261684211842103,0.3210406114534309,13.297221053552633,0.9543852603362798,4.09994097511192,0.3707362689026426,0.2442329439242819
MAC000502,Std,Comfortable,0,0.12356657209548712,0.5373810196883851,0.09761133931147042,5.912049574929176,0.79320594325288,4.33982257951524,0.2880053485348459,0.03364021446860903
MAC002425,Std,Adversity,0,0.08560214992642465,0.22904918032786886,0.06271129708171079,4.0717958271236965,0.7359848338685787,2.697507939958273,0.3828708930984702,0.01521907471089439
MAC005543,Std,Comfortable,0,0.2912705928291076,0.5810117475770926,0.08464993032613578,13.93750660807636,0.38060183937499237,2.3363273911425435,0.50021088027659,0.14974164340557386
MAC003790,Std,Affluent,0,0.14863620541512954,0.7398487899193549,0.14985351719534296,7.11763104798387,0.9453582463773248,4.778567459642897,0.24877300047161133,0.07336411945370369
MAC001203,Std,Affluent,1,0.36922041634913605,1.3157015140909087,0.3161456120286103,17.653475762575756,0.8125293029464229,3.515011438869126,0.3170365220018482,0.1597697879390777
MAC002996,Std,Adversity,0,0.18558123996975748,1.0754422427392738,0.21544130983534984,8.86184983481848,1.1487611127607305,5.879061058319856,0.20889472180250765,0.07958565585125617
MAC002555,Std,Affluent,0,0.15527204950105317,0.5830732101497504,0.12340451387695392,7.418833608818636,0.7261165855027947,3.5202219629272924,0.33692981939995403,0.07005946412517508
MAC003940,Std,Affluent,0,0.14228733729208232,0.903292560661157,0.1925439926786544,6.821480990247934,1.3549821635931656,6.297762044602309,0.1697343657326288,0.0604291424626057
MAC000776,Std,Affluent,0,0.09109666986434777,0.2914948604992658,0.05288220987798317,4.354790014684289,0.5780442980579298,3.18758047877678,0.33632832901884485,0.013480178752376554
MAC003732,Std,Comfortable,1,0.5293445446402298,1.5084520052000003,0.2774837101433538,25.350172004799997,0.5078157276152131,2.789911423072577,0.3898991790076491,0.10014013970032268
MAC003264,Std,Comfortable,1,0.3733683914862229,1.3529981070075754,0.2825180085478372,17.85771022746212,0.7140135229946506,3.5027844019108025,0.32773894937433706,0.1125702937081821
MAC005007,Std,Affluent,0,0.10080738093736061,0.5599006533333332,0.11578843046705849,4.831420914640523,1.1057866965407595,5.49217052328059,0.22089618523374754,0.04768350594147779
MAC002598,Std,Affluent,0,0.03125222402810612,0.24412833333333334,0.044489168407501105,1.495291666666666,1.2221137038668373,6.591723653624923,0.2556203051935831,0.016461908847300824
MAC001654,Std,Affluent,0,0.023746687419406838,0.09257446808510642,0.01954374177940161,1.1338218085106384,1.1188394125390557,4.48357451885525,0.3148600240892926,0.030214453439986067
MAC003523,ToU,Adversity,0,0.16383298218771733,0.7615882345098038,0.14368686675316658,7.844439215098039,0.8393481815167522,4.527950540190871,0.25268356963443833,0.05342590542851241
MAC001105,ToU,Affluent,0,0.12293193803203646,0.46336953212669674,0.09627970698481852,5.872224735746606,0.7940115041988137,3.930546996460942,0.32070332030504894,0.0522563299677749
MAC000697,Std,Affluent,1,0.67537849232969,2.1294655901903368,0.42818347964691034,32.315809662225476,0.6373707799800201,3.189751125425141,0.32757617939853,0.1615336083732086
MAC002664,Std,Adversity,0,0.05294006809416273,0.20324437781109445,0.04052341052996823,2.525784107946027,0.7305649413610383,3.4837459013372327,0.33380136280680756,0.028729739313474372
MAC003245,ToU,Comfortable,0,0.21720102883965337,0.7680867913207545,0.1625559705745298,10.377841509433962,0.7307857703990857,3.5404602753929444,0.3118403416781419,0.08552439975003746
MAC001143,ToU,Affluent,0,0.15057905808998362,0.8610392741691846,0.14416889426889834,7.158697884290029,0.9095504885805102,5.539920641429602,0.2482785628151302,0.042881993780753816
MAC004812,Std,Comfortable,0,0.1141546920628726,0.5242183905172414,0.10432760302083738,5.46418247097701,0.917572521983044,4.694211594767352,0.24127581716187474,0.04423900467941532
MAC003342,Std,Comfortable,0,0.20571291538461928,1.240136013409962,0.25887394444312817,9.848132182567054,1.2439633563917665,6.0667094671316715,0.1853705316470927,0.07264864324841298
MAC002357,ToU,Adversity,0,0.12322340756609362,0.6703338262611276,0.13347817574198273,5.905775964094953,1.034688035730661,5.471540416439556,0.20269310458977788,0.05210165005871167
MAC003297,Std,Adversity,0,0.288205994798846,0.8489446555343513,0.17697053998651868,13.806614502480913,0.6071560262328839,2.9256477951915856,0.3558949724659566,0.04364471432687322
MAC005412,Std,Affluent,1,0.5230698512062897,1.573581742779291,0.35215825304186277,25.067397817029974,0.6474167792015827,2.993503351710305,0.35995665443236796,0.19411358893080996
MAC004240,Std,Adversity,0,0.0722843595314605,0.3754605263157895,0.06635267222563349,3.46563947368421,0.7603772127724885,4.19136497943159,0.33754404185064496,0.04290448079964871
MAC004234,ToU,Adversity,0,0.18375531352055044,1.8979583350308644,0.33367392076656727,8.810733025771606,1.8626353935464264,10.8251117002391,0.10138862704371797,0.06520616984028176
MAC004617,Std,Affluent,0,0.14238960168079046,0.550781301669449,0.1102778445819205,6.8033973283806315,0.6871340150659369,3.5567810509873947,0.340438299682418,0.0671044463163948
MAC002801,Std,Adversity,0,0.11815695320275987,0.4329972216666666,0.08187573800344641,5.622788888055557,0.7169673391151657,3.8022378684894598,0.3280984480247495,0.03715066121758733
MAC000639,Std,Affluent,0,0.17630396628121422,0.8096351745639534,0.17676157699301423,8.454872093168605,1.0030762732169043,4.644776139308904,0.22998160789266284,0.0522672702380146
MAC001679,Std,Comfortable,0,0.19861157660683626,0.713252336448598,0.20226272810885548,9.516104359501558,0.9946174610481068,3.871833554468274,0.28151873561496343,0.1251448428333925
MAC001416,Std,Affluent,0,0.23908088872204486,1.6651975467075035,0.27402561846619267,11.459431851914244,1.1469358362582251,7.058925173770121,0.19848829786781227,0.0840315567413823
MAC002531,Std,Adversity,0,0.1731766379757686,0.8382079876871883,0.1781006775928748,8.29399500948419,1.0657998147160477,4.969042571029762,0.21812262070414964,0.05808851658328762
MAC001509,ToU,Adversity,0,0.11902989684465076,0.5992650231124809,0.1092323684688531,5.697744221879815,0.8764754112776098,4.920774759476844,0.23591223893047222,0.025448655891743194
MAC002256,Std,Comfortable,0,0.19122448065694098,1.2671784662241892,0.2249576440308322,9.120184365191738,1.1178968802695706,6.363912898626451,0.20343468398746273,0.06254430042612923
MAC000699,Std,Comfortable,0,0.14153071073511847,0.5327262083455344,0.11123987112161869,6.771333821669109,0.7589047414086645,3.7287861945810685,0.30535424991290316,0.05116679834059212
MAC003528,ToU,Comfortable,0,0.16777556739173657,0.7024313725490197,0.1422830528153581,8.01840980392157,0.836910342805286,4.149713645628782,0.25955239789853146,0.03671866005561127
MAC002578,ToU,Affluent,0,0.1156760391548463,0.4424466666666669,0.111486965298762,5.536398333333335,0.9716535089167265,3.930294525367498,0.2661523194056807,0.0355161460027152
MAC001820,Std,Comfortable,1,0.6998411518057888,2.0324012893203887,0.4550659355308611,31.189100315210343,0.685671754374281,2.9278901768214367,0.39357676772866707,0.22888084160968647
MAC000154,Std,Adversity,0,0.17793484419204897,0.7253728811676083,0.14062622818236195,8.190013182862526,0.7667782507868204,3.983872388864676,0.3062190316373705,0.04215320796586862
MAC003621,Std,Comfortable,1,0.3536630907551583,1.0421084822485207,0.24283958207774042,16.928739643984223,0.6616267409077008,2.9568738133845014,0.35754902861140586,0.13023939950092697
MAC004446,Std,Affluent,1,0.8338608395773203,2.2509537133239834,0.5353730847852964,39.948287510098176,0.6710833750648356,2.8376549139186147,0.37119848073293044,0.30513358523106693
MAC000105,Std,Affluent,1,1.0627757965950642,2.5387685567295595,0.5986455285120353,50.94120376855347,0.5524234494619299,2.4128031430089996,0.43757243667054374,0.40756315695251655
MAC001085,Std,Adversity,0,0.2484455570609763,0.7463212663650076,0.12482661488123918,11.813850677828054,0.6907343621137605,3.7943850876260004,0.3501771171246722,0.18929489328865723
MAC000118,Std,Comfortable,0,0.16016393733656994,0.5967975308641975,0.12267332037586719,7.6717728391358015,0.7143024015165625,3.737894674382883,0.30911447989032137,0.07772184326786188
MAC005418,Std,Affluent,0,0.1490816767304944,0.45899999945429754,0.07961153563871509,7.1484379260573006,0.544173766326746,3.1854241314865472,0.4064423804949743,0.06651124663647294
MAC003765,Std,Adversity,0,0.14064180575805865,0.637863727254509,0.1268914911827723,6.735486973146294,0.8678316358657607,4.436830741755617,0.25019544333412763,0.03893112409865648
MAC004273,Std,Adversity,0,0.14020676641951654,0.7405533228748067,0.1437337525882489,6.71878052503864,0.9911858144854825,5.241232991685349,0.21731373593287454,0.05645621994690674
MAC003900,Std,Affluent,0,0.24942908911349015,0.9235569128048783,0.18265103489655607,11.93725813495935,0.6898825752040725,3.5405262592113296,0.31690018923765423,0.08388042051957666
MAC003043,ToU,Affluent,0,0.12594614946703359,0.42322900732824426,0.07487911817570266,6.026911450076335,0.5856402964088561,3.2971354534004673,0.34318066845207845,0.028188459762410873
MAC000099,Std,ACORN-U,0,0.09147017527343118,0.4343583746305419,0.07269534440956428,4.383139162807881,0.7777728915869945,4.626456850187847,0.2498667548826075,0.01499168701676267
MAC003232,Std,Adversity,0,0.2504246855537502,1.1297344621468928,0.24828261658691125,11.990073444256117,0.9669798176032386,4.539228098449276,0.23480761171801212,0.09243310385105821
MAC001177,Std,Adversity,0,0.11297820645109823,0.7399772728787879,0.1443662556217428,5.369190909242423,1.21999916730692,6.4704686845181945,0.1846471861048791,0.027451359232569018
MAC000937,ToU,Adversity,0,0.04942106097281086,0.25753731343283587,0.053630272507616664,2.3343597016417905,1.0656325510698683,5.039629575162814,0.2378677609161523,0.025629730798802403
MAC000352,ToU,Comfortable,0,0.22085611169453034,0.9642430937845304,0.19585109796641717,10.576037292541434,0.8759839560423563,4.424306676418902,0.2618879826701107,0.08181891018912583
MAC004327,Std,Affluent,0,0.13495506963899828,0.6522030598052851,0.13986203523011018,6.461230876077887,1.011079241945824,4.806726668791693,0.2336748775653636,0.0492166817847561
MAC005355,Std,Affluent,1,0.45229978866427584,1.6945040539189193,0.38597895398435167,21.570866212702697,1.0765276677026134,4.6473151682347735,0.2851539154829076,0.28584364395097533
MAC004870,Std,Adversity,0,0.22361197244763903,0.9634362323188406,0.19965597155841172,10.694488405072464,0.93364581579884,4.615197568099916,0.25679701765932494,0.09121540215186134
MAC001996,Std,Comfortable,0,0.15420800269470483,0.7057751202551835,0.13610820340795415,7.377894736842105,0.8459954414109582,4.396108306667936,0.25952526859616937,0.049604246059527506
MAC002604,ToU,Affluent,1,0.3709131088130171,1.3092316688333332,0.27310555646378193,17.777460003166663,0.7353755681958881,3.585223490549273,0.2964206731845911,0.11516708793821523
MAC003463,Std,Affluent,1,0.3232265557413036,1.165279365079365,0.2685339506883505,15.474047617142848,0.8208263519980036,3.6330720491464907,0.2991315400013637,0.0929556587878299
MAC001371,Std,Affluent,0,0.33174702126197203,1.027044343119266,0.17685463814380573,15.892440367431197,0.5021732323072221,2.993330442632426,0.374416330374125,0.06935522674176128
MAC000423,Std,Adversity,0,0.057796178525634075,0.21138764044943822,0.054705412690329774,2.7696193820224715,0.9493117376046533,3.6883978075622195,0.2776087241091104,0.00788820966019741
MAC004928,Std,Affluent,0,0.21366170758408784,0.8347322116429496,0.17868669372293958,10.236978005433375,0.7764167638711306,3.80560343143304,0.3257853841943937,0.10804864326746806
MAC001544,Std,Affluent,1,0.3511843409608556,1.2931787374422192,0.30951351195306276,16.831711857935282,0.8505235026182233,3.7391175668435306,0.2986562920251923,0.18167961154215767
MAC004065,ToU,Adversity,0,0.17478028150386488,0.7538483929555896,0.1562110026298579,8.378560490964778,0.8823639540510176,4.3405794968239455,0.25873894541240755,0.05934598571515965
MAC002586,ToU,Comfortable,0,0.14599301757949681,0.45510666716666653,0.0822267144152557,6.965686667000002,0.5379248857013906,3.024470728444243,0.3826445116966148,0.03362962924046183
MAC000200,Std,Comfortable,0,0.09308999790975234,0.7087236356363634,0.1263792638217825,4.460455756848485,1.2907132487700919,7.187183663865475,0.16991348485373164,0.027469310962346904
MAC003982,ToU,Adversity,0,0.13623006779833868,0.34055297980132465,0.05401747205477952,6.490758277814571,0.38255832867091244,2.404607311214191,0.47389391831491573,0.02704480631036044
MAC005444,Std,Comfortable,0,0.07786850313195631,0.3955007299270073,0.06967790335443282,3.7319401459854014,0.8545914121182406,4.907533628147732,0.26890636529104434,0.029058117713298807
MAC001415,Std,Adversity,0,0.1889963443994014,0.8062159269525268,0.16623877710013257,9.061776415773357,0.8572634830230608,4.169854364470577,0.26818531445868216,0.05868030972806707
MAC002974,Std,Affluent,0,0.15114269069598948,0.7397546519458547,0.15164520752552302,7.249279185448392,0.9662066325894807,4.824098846959317,0.25291454479090814,0.07207811115592169
MAC003657,Std,Adversity,0,0.1070956475618244,0.2612588934782608,0.04788335562466646,5.130476284782608,0.4436183469674057,2.4090639743703646,0.46460659835916696,0.016715384744571255
MAC002403,Std,Adversity,0,0.1919626516523254,0.7790900464454976,0.1519626649973725,8.532001578672986,0.7853334567487884,4.018208723727313,0.30750849996475044,0.04600740585317764
MAC004023,Std,Comfortable,0,0.03149085954746137,0.08127814569536425,0.018219331610261826,1.5053096026490063,0.5839156586767285,2.5175371574930594,0.4208534906840582,0.017144003955094952
MAC000173,ToU,Affluent,0,0.12144861022566528,0.4848540408926418,0.10025735003674317,5.820494571652595,0.811164696515844,3.9524440867457313,0.27776992467969375,0.02942563009408605
MAC004772,Std,Adversity,0,0.09955434142878694,0.27483620646551726,0.05170116197838172,4.753004309770116,0.4619480952040224,2.5108508475783324,0.48465617952926854,0.022341563926381456
MAC004451,ToU,Comfortable,0,0.24051997088514707,0.8637949439606741,0.1742694987928591,11.500831460393258,0.6983093135017805,3.572513118879757,0.30698919093524857,0.09590296858096413
MAC004739,Std,Comfortable,0,0.058497233135333004,0.2698254649499285,0.048056051465602684,2.803367668097282,0.787416222336746,4.392118813275617,0.2643490734446203,0.009406893980309632
MAC000501,Std,Comfortable,0,0.1681944533045663,0.7704447582152976,0.14902760996794973,8.047892349433427,0.8444361473761597,4.404535149043407,0.2642068106623335,0.04942206743928687
MAC000970,Std,Comfortable,0,0.07013148197982594,0.7395291485799702,0.11341271061628677,3.361342302541107,1.5787965570948006,10.377690041433569,0.10832190563153299,0.011945766930274071
MAC001417,ToU,Adversity,0,0.20172660596474362,0.8166073616564414,0.15204047058345338,9.658411042331288,0.732577015564648,3.9709926965301223,0.28282475894373127,0.04671899306761442
MAC003471,ToU,Adversity,0,0.23473250860703712,0.583283495145631,0.11065831715540146,11.23792427184466,0.47037286280616386,2.493943915901103,0.4168622249862076,0.03810841362129746
MAC000734,Std,Adversity,0,0.1756063904702736,0.45101906143695025,0.08296877322189052,8.374664223020524,0.4614731157361111,2.5145169593311696,0.4415872272395804,0.05284684934213441
MAC001857,ToU,Comfortable,0,0.2617196144567969,0.6943001584518169,0.14070609379084145,12.518921010584519,0.5196433679152903,2.5572599984467783,0.42267094816465417,0.07988215996890369
MAC003627,Std,Comfortable,0,0.03406065798459253,0.18840039250493093,0.044156468423300316,1.6301242579881656,0.8342066249946027,3.8977007007963604,0.2594663809504871,0.11804040634272502
MAC000959,Std,Adversity,0,0.2874283837604112,1.1243353663109756,0.25246421677748493,13.302503049542684,0.87946280895466,3.9643019880257446,0.2856959061806128,0.10276114630813604
MAC003774,Std,Comfortable,0,0.25241500623819335,1.095857715430862,0.20480585325085893,12.080060120240475,0.8110747181830403,4.400749147417971,0.2502719830168049,0.044331949314642995
MAC005402,Std,Adversity,1,0.3374188011430915,1.6098952380952385,0.3450443161730744,15.971066665306122,1.0737597143871542,5.086141000532932,0.21312179693573352,0.11665270194254934
MAC002392,Std,Adversity,0,0.06344481393512166,0.4034014926865673,0.07538145007035998,3.033114925671642,1.1339943930694927,5.797317262914633,0.2042469798188747,0.02798637174065107
MAC001244,Std,Adversity,0,0.12406552408230886,0.49089786585365847,0.11012693315631517,5.9392560975609765,0.8531491319617057,3.9474200867335436,0.27244219864886426,0.04095974374558344
MAC005233,Std,Affluent,0,0.13308862374127545,1.0448650785714284,0.1863191365981593,6.373231481084655,1.3648142300829205,7.67578344515534,0.15883488739001678,0.0421315109295659
MAC001418,Std,Adversity,0,0.10621411837286515,0.5882877559183673,0.09807622284587815,5.094014286326532,0.8104991760430797,4.719739470504634,0.3443695777685825,0.029273491932702143
MAC000722,ToU,Affluent,0,0.09949000117567808,0.6054912023460411,0.11811206298933709,4.759580645161289,1.1560667532200253,5.972304930258632,0.191822503822974,0.021609411621529254
MAC001106,Std,Adversity,0,0.07511063305987949,0.4984516616314199,0.09118588365933662,3.5926102714501496,1.193209534142009,6.647028007169104,0.1669681210130454,0.025569070865969448
MAC002200,Std,Affluent,0,0.2806812660427375,0.9561207890449438,0.1922017048855685,13.452511241011234,0.6736479907633691,3.4079812274322085,0.3285387519235355,0.08971746542994967
MAC003289,Std,Adversity,0,0.163594297123084,1.1556831119544588,0.22498192472012482,7.831886147248577,1.2815266550903426,6.745411815340257,0.19245328242374804,0.05372927788050636
MAC004629,Std,Affluent,0,0.17493224862579365,0.7318397338898164,0.17964993167772528,8.38995325859766,1.018723765780746,4.5337352816647085,0.2465262352208616,0.10456153109740886
MAC003253,Std,Adversity,1,0.37590055991997445,1.2525425347826085,0.27985901826228143,18.020117205482045,0.7330539452483984,3.2943332153235008,0.3243626068196408,0.07949323357955201
MAC004381,ToU,Adversity,1,0.27821046378213615,1.591444910460251,0.34919600405004075,13.34212552761506,1.254173615990549,5.791070628296989,0.18339858038980847,0.07307571205566592
MAC003154,Std,Comfortable,0,0.0602585933969519,0.5263271808724832,0.09815677322200474,2.889380872315436,1.5497613081752952,8.329560928892011,0.15997243761120028,0.02259558265986197
MAC000203,Std,Affluent,0,0.13172208968226398,0.6858981819393941,0.12963152502449193,6.3106557575757565,0.9612259613489308,5.141307702762993,0.2164904895019171,0.03366714364743265
MAC003307,Std,Comfortable,1,0.357083881706938,1.2811412194656484,0.30210103059386817,17.089925569847335,0.8112370273696068,3.6470703498271972,0.3017320023091732,0.17001140414764995
MAC004874,Std,Comfortable,0,0.20002430378462957,0.6998367087341768,0.12918828634849577,9.564944303670885,0.6262367003605389,3.45558730586639,0.31278008925432876,0.034603103109784414
MAC004836,Std,Affluent,0,0.1735964279662095,0.6018480455861072,0.11590263481733955,8.30409117105644,0.6647064730334666,3.4161201856544583,0.3368834031262097,0.043485243841819274
MAC005319,Std,Affluent,0,0.07796046248654041,0.23360857935656829,0.04885602577272986,3.7239906168900805,0.5554751492997513,2.952654228568719,0.5356853245839179,0.13854891136255643
MAC001435,ToU,Adversity,0,0.1682592732157757,0.9683614098009186,0.19583321614706412,8.065419603215924,1.1244093658190026,5.705689371280895,0.20258707231449627,0.06303002031711318
MAC000353,Std,Affluent,0,0.1282416076670141,0.5812237570441989,0.10779352412480131,6.144030386878454,0.8296952981700793,4.493817858422232,0.24432620689308218,0.022603328566851
MAC000246,Std,Affluent,1,0.3508244225334957,1.6443337417783195,0.3912574864187358,16.82312789878198,1.1598573139398187,4.971961271039101,0.21768288742818076,0.145210437394506
MAC001938,Std,Affluent,0,0.11203143480767029,0.44559300461049284,0.09294691759713766,5.362141494276631,0.9235284852640084,4.5548411273284675,0.29303638473198895,0.0671174504199894
MAC000458,Std,Affluent,0,0.10605240448588955,0.6795059368171021,0.1366051781572021,5.073408550831356,1.1962914131090379,6.180648155224856,0.20299719555330184,0.05660120864639889
MAC001092,ToU,Adversity,0,0.03494137213415005,0.09589879123867068,0.023719331089026335,1.667305135649547,0.5849756563837655,2.152155268075986,0.5671429016166261,0.022353347024244054
MAC001352,ToU,Affluent,0,0.2225828958835301,1.0491926613149847,0.21283798939485882,10.641186545565747,0.9391113150593887,4.656604674248974,0.23607621938773712,0.05244970446531934
MAC000973,Std,Affluent,0,0.1090310560556849,0.5402645744394617,0.11020092123632448,5.223659193273544,1.006505203858933,4.863450270717153,0.2455477436771309,0.041766395727559184
MAC000832,Std,Adversity,0,0.2488454724681318,0.6503007408888889,0.13143724239677396,11.918674073777778,0.5242498212568398,2.6104868040218387,0.41670340280609935,0.05063577442773777
MAC003849,Std,Adversity,0,0.1138304362412014,0.4436599194331983,0.08524040296035458,5.439919028744938,0.7287894946115464,3.8318450058597238,0.28044560893792747,0.029342474875284567
MAC001873,ToU,Affluent,0,0.24954691425620093,1.0005363935126586,0.22710899577583496,11.950305380537975,0.8933539090961814,4.054868821401822,0.2647393009156738,0.08986907049680354
MAC001575,Std,Affluent,1,0.4084101140967929,1.2806996897832819,0.2661891869941285,19.50828792105263,0.6939850494343602,3.349002718418789,0.33408877968131273,0.1694014970241673
MAC002748,Std,Comfortable,0,0.10411335994950588,0.5218882175226586,0.10962360041188979,4.98343957673716,1.0350698612160707,4.831479401144269,0.23604544181230278,0.04643515817231681
MAC005202,Std,Affluent,1,0.3222285651998015,1.7111873087613292,0.35067498246265955,15.442323261178245,1.1558154794274595,5.731632595291618,0.20890480465551053,0.15208548585855688
MAC005085,ToU,Adversity,0,0.11470344057054306,0.37634321357254297,0.07708146382043264,5.48704680171607,0.6609224555729877,3.2410631772303518,0.3567779955074927,0.029637866458716938
MAC002070,Std,Affluent,0,0.23199838626660121,0.9799551987199997,0.18986271683241232,11.087975998080005,0.7878475322598226,4.140552198916317,0.27789149013125264,0.07539773924487822
MAC001165,ToU,Adversity,0,0.04841133670674778,0.47506646570996974,0.08385798080231634,2.31784894305136,1.6011525292840398,9.019643432038922,0.1532202047217537,0.017726495853915083
MAC001301,Std,Comfortable,0,0.17102462452851597,0.8272846263318114,0.14827845695891223,8.180873666971083,0.8375629853086791,4.8516885455661125,0.27588319872189676,0.06894867070482805
MAC000426,Std,Comfortable,0,0.1463156495172539,0.7065365182584271,0.17107507320229132,6.993771069662919,1.1641548435823639,5.031630248563261,0.23754760636786096,0.06286204630901271
MAC001391,Std,Comfortable,0,0.06844395516699693,0.27735068912710564,0.06022818568688141,3.2655421133231233,0.8452403611196316,3.868754416621561,0.2940742766307072,0.020657209175622727
MAC000373,Std,Adversity,0,0.24799503118065194,1.1833176141470176,0.27247244738671755,11.887098473092927,1.0223122804329488,4.634361736057877,0.24790478379875258,0.10933602074415646
MAC004078,Std,Adversity,0,0.2088006529996527,0.7936094955589588,0.15470642410157553,10.00119142649311,0.6847117807932993,3.627543093753632,0.3145586213829748,0.0625563582701108
MAC004494,Std,Comfortable,0,0.25973680126293996,0.9184012427329192,0.18952726308742818,12.444694410931673,0.7226225409368705,3.5005048547996007,0.3097571763538131,0.03991322992638229
MAC001267,Std,Adversity,0,0.02893229401171426,0.14092694063926936,0.02678927924038184,1.382631659056317,0.9038601834935938,4.886105659815009,0.21926329844123107,0.004178257417748357
MAC005533,ToU,Comfortable,0,0.2497044629830523,0.9696900587719298,0.20415428953263937,11.955945907894737,0.7917848596657292,3.829330447342041,0.2884911433064428,0.06829907570402943
MAC002345,Std,Adversity,0,0.14980069680716934,0.4485044378698224,0.07189790657024484,7.170071005769228,0.46954679536073424,2.9292094053762456,0.3959534694880721,0.017096468780862913
MAC005462,Std,Affluent,0,0.09280316620649032,0.4823216369883041,0.09786638529434426,4.447628654532165,0.929575079154978,4.685333175208488,0.28161475931989666,0.04898324455518118
MAC001703,Std,Adversity,0,0.3080246597978587,0.7251996875195008,0.15537628430401565,14.709455537909514,0.5084576292981181,2.3642822944172206,0.4374844551096808,0.04182316297121696
MAC000289,Std,Affluent,0,0.13657775131126668,0.6287523930232558,0.12130142588092883,6.544049245964433,0.7992627649708095,4.418215504959557,0.2722919170028118,0.0629628757406215
MAC005454,Std,Affluent,0,0.19486685312192953,0.8125692695214105,0.15239827446827636,9.318299747858942,0.741047031378194,4.054337421445462,0.2770009648369188,0.04754656362158384
MAC004499,Std,Comfortable,0,0.17628201138448044,0.8113055889440994,0.16647213315034598,8.446014905838512,0.9189443406687987,4.582088364839024,0.24702118104064266,0.057554011265367126
MAC002811,ToU,Affluent,1,0.4082633005180782,1.4031891049924357,0.2724184763087209,19.440544627836612,0.6587750007582253,3.521519743492174,0.3529815832874471,0.2587861184215695
MAC005154,Std,Affluent,1,0.6198923290097467,1.6349502751381213,0.3647842308731933,29.677710853959486,0.5775948309279597,2.7084273288542975,0.43555062567337266,0.40602291407352564
MAC001516,Std,Affluent,0,0.20907205137625026,0.6034853619414485,0.13972755442689208,10.01626810539291,0.564696992227162,2.84562915325741,0.4155697419058702,0.1651649825717496
MAC003470,Std,Comfortable,0,0.08862813019916685,0.5151165044660195,0.09494743723389727,4.207522329708737,1.0385913574894827,5.739180820794402,0.22306723199546133,0.04393967362164734
MAC001611,Std,Adversity,1,0.29281988960842736,1.4977089775541792,0.3090750458113463,14.028243034365328,1.028029481890841,5.062023845357069,0.21328560088465742,0.08157160259482794
MAC003294,Std,Comfortable,1,0.3085433543696876,1.4376164143129773,0.31369726885136934,14.794288172328248,1.013836592298923,4.748286436499457,0.22339563805081616,0.0882532098694965
MAC000523,ToU,Affluent,0,0.2096279793218267,0.8896893611347518,0.20235732027685316,10.05056028156028,1.0190905042695608,4.718118891982534,0.23789905623102472,0.14465075713473569
MAC001737,Std,Affluent,0,0.036150248028450765,0.1741251956181534,0.02920758155189131,1.7274100156494523,0.570167562185041,3.625102419491483,0.5450754115980189,0.01567373822323147
MAC004684,Std,Adversity,0,0.07157689646936308,0.42705536862416105,0.07338106247866624,3.4285117444630853,0.9433129226942831,5.4910949710914165,0.23816944188370742,0.020055182210418774
MAC004274,Std,Comfortable,0,0.2292699392864659,0.7195996922720246,0.23644121095057236,10.969836166460587,0.8941292317142006,3.2371744735307915,0.3300151749554706,0.15820083850894895
MAC003172,Std,Adversity,0,0.11827286173667713,0.5020597014925374,0.09023295292359977,5.66480223880597,0.747274251396519,4.14039542516545,0.27762685033876905,0.02274209823431274
MAC001519,Std,Affluent,0,0.18045920607306634,0.4423811725308641,0.06382921385767183,8.614163579938275,0.3397754112635561,2.390501971955871,0.46297328188180226,0.026946902192872095
MAC003508,Std,Adversity,0,0.2869632523032086,0.8951052633528266,0.16976147624344917,13.727269005458089,0.5873741128894102,3.1267547811207224,0.3399653613247632,0.055388457925828194
MAC001151,Std,Comfortable,0,0.1643905770349069,0.6625930408472012,0.1336273066296169,7.876509833888049,0.7866953682788221,3.9572532182294857,0.284776655319426,0.05348542950712944
MAC001970,Std,Affluent,0,0.2423871646261646,0.8257858340640809,0.1736651588093599,11.610337265767287,0.6926386232326623,3.4530717497787773,0.3365397027005822,0.15549285900119478
MAC000079,Std,Affluent,1,0.37285073339883257,1.3004956842170161,0.30194398608875794,17.462750924167697,0.771207848669606,3.5311003880651497,0.3210250213588085,0.22377936778578533
MAC001238,Std,Adversity,0,0.13086431474734422,0.5757473363774734,0.11199463425573922,6.257406392541858,0.8506253909698188,4.450262052396172,0.2524647570732516,0.04810506168230466
MAC003891,Std,Adversity,0,0.15418505178841624,0.7978936599182005,0.1310772050785738,7.335846624744376,0.8096744874916516,4.9880738305859955,0.2636596135495426,0.03232364053223398
MAC001280,Std,Comfortable,0,0.07209039758694269,0.41307762511415524,0.08394065420838452,3.4462206996955844,1.0171909005741795,5.094263564437857,0.262913514102414,0.03582066963381968
MAC002060,ToU,Affluent,0,0.0766530264470617,0.42159360048000005,0.08532454827843275,3.6701328004800007,1.0330694067672859,5.184056873884087,0.24131305792337243,0.04025959702014991
MAC001852,Std,Affluent,0,0.07241837659350032,0.44386867088607607,0.08742225351547438,3.4422183544303797,1.1752272775560362,6.147096085396325,0.18914345501166638,0.025029332283823955
MAC002930,ToU,Affluent,0,0.0973646181951797,0.3113947368421053,0.06923214165553283,4.643962171052633,0.689796763226278,3.3564744237623714,0.323895843398875,0.07612991508301589
MAC005437,Std,Affluent,0,0.06745020548315896,0.3451430656934306,0.08689580280775691,3.233859854014598,1.233273413497066,5.104062956568518,0.21223763931424156,0.03689228473419273
MAC001346,Std,Adversity,0,0.07258078845246221,0.28361403508771926,0.043344516342317535,3.465218500956939,0.667679669491371,4.2446041912018835,0.3673620984384448,0.042927877120589736
MAC000643,Std,Comfortable,0,0.21925018638770083,0.701207848110465,0.14166756254196333,10.506055232122094,0.6419859558540584,3.3805317555231946,0.33913184776164,0.12806334589030133
MAC005506,Std,Affluent,0,0.22371115391019142,0.9319331037735852,0.18601209163467303,10.724250426243568,0.8175621979809986,4.201509458587559,0.252489199446656,0.07072435064764479
MAC001661,Std,Affluent,1,0.4522209094393524,1.4027791604976672,0.2997841454298078,21.625996889735617,0.6724407731483659,3.1698667071932656,0.3485031352297102,0.16937122745879338
MAC002549,Std,Affluent,1,0.3635797749386474,1.1871048259567387,0.2532403747346078,17.381480865557407,0.6998041991297888,3.295601338569755,0.3206169346689071,0.08813352474359995
MAC004753,ToU,Comfortable,0,0.1201733087124762,0.5126523600858368,0.09802157580362272,5.755482116881261,0.6808901241499943,3.7942354211017526,0.36677190586610975,0.060479400247564534
MAC001994,Std,Adversity,0,0.22807113015306665,0.9155445848726113,0.18860008648718488,10.916724519745223,0.7949020739039023,4.001072312146953,0.3018826655680095,0.10988436982520276
MAC000955,Std,Comfortable,0,0.12089030854319693,0.41017164194029854,0.0841615566355625,5.786370149104477,0.6617505824230488,3.2811638301375425,0.33665877398323446,0.03382469653288522
MAC001419,Std,Comfortable,0,0.16873321189109505,0.837902081666667,0.17556149038220123,8.068718748958332,0.9610589606162533,4.819347511235252,0.25245760951262236,0.06716444646835272
MAC005430,Std,Comfortable,0,0.22619388219816125,0.7643318783114993,0.15149826155919643,10.824525473653566,0.6752094179228219,3.449670369343683,0.3512903152112524,0.10039570328540519
MAC000930,Std,Adversity,0,0.20275626691755885,0.731592537761194,0.14078984005221076,9.697202985074625,0.6444883884785262,3.4530178961252265,0.32368190962925,0.05701348612072279
MAC004822,ToU,Affluent,1,0.47021120465787003,1.8694755738505746,0.4398412007106247,22.49520258649426,1.0206393532427287,4.466555795520273,0.25219136926286045,0.2921157288284852
MAC003779,Std,Adversity,1,0.41847739921150817,1.9155751533066139,0.44943603594849274,20.025462929458925,1.2797460462889518,5.737087184758778,0.20702719385643262,0.31901925001506287
MAC001134,Std,Affluent,0,0.10957328951696653,0.41769047517006813,0.09000313054802667,5.219149659183675,0.7485756381598219,3.642242242835415,0.32788289073184257,0.08608571371804005
MAC001819,Std,Affluent,0,0.21692364085586877,0.8903106174326465,0.20497227148968883,10.399399366402536,0.9436108397164956,4.204532788508699,0.2585236812759763,0.07705245974649012
MAC000711,Std,Adversity,0,0.2695194338265354,0.9416434906804733,0.18274132032664966,12.535749999852074,0.6811489343999754,3.4742940063501178,0.3167763981502248,0.03532999476286549
MAC003674,Std,Adversity,0,0.20960648608764082,0.888333996023857,0.17750847202508416,10.042874751689864,0.8302586714996204,4.230035772996768,0.2519961813298322,0.04852095509774302
MAC004777,Std,Comfortable,0,0.1285348551679252,0.610284074318508,0.09698243001162393,6.155362983357243,0.8141494156798738,5.032503097023075,0.2977113393020034,0.0850856765957957
MAC001532,Std,Affluent,0,0.17048680835173208,0.8848027745762711,0.15091822960798013,8.169824347303543,0.8135338151001731,4.832964553779558,0.2546682876167919,0.05538871364712808
MAC000889,Std,Adversity,1,0.32398989723728305,1.046580979049034,0.289019309516228,15.542372953640413,1.0067143094512498,4.381182843001812,0.30359245234871984,0.27737760625853
MAC003377,Std,Adversity,0,0.1458900554674234,0.7830211138195776,0.1571152430194989,6.98462572034549,1.0786594915111953,5.423552484863566,0.1987721648235097,0.03598100358529578
MAC002491,ToU,Comfortable,0,0.18606050904713173,0.7930199014925372,0.15892098452405695,8.903487562189055,0.8281913077357166,4.141513445638173,0.2761418155013139,0.056071351295895654
MAC003354,Std,Comfortable,1,0.47963299357859973,1.2890153250957859,0.27372273792133356,22.950082378735637,0.5395352519434761,2.629885578491053,0.4003432286475534,0.1569389000413826
MAC000098,Std,Comfortable,0,0.23630162870824664,0.8067598524630543,0.17299457036742613,11.310897784605913,0.7311960680100368,3.4250368097898227,0.3118465399298302,0.05969859114784678
MAC003037,ToU,Adversity,0,0.054720541862252024,0.39175304862804883,0.07514716541979127,2.618992377896341,1.3233723832743338,6.717520612293346,0.17673583525515854,0.017850535681071745
MAC000476,Std,Comfortable,0,0.14695815986627803,0.9710422525352114,0.19128934663896982,7.031757747183101,1.2790580188439133,6.636503001662002,0.16396937500466405,0.0409667283772841
MAC002125,Std,Affluent,0,0.1886870596119356,0.8757700950160772,0.2197925977831043,9.01449678167203,1.1612489703881461,5.260643615659802,0.22467655593047806,0.14780512823602088
MAC002009,Std,Adversity,0,0.152564068654269,1.12099363089172,0.20844639001056134,7.309154458280256,1.2755473994462627,7.02065077756167,0.19130398447396035,0.07383801835142116
MAC001393,Std,Comfortable,0,0.27648776233327793,1.0523929657492355,0.2375856223247018,13.206171252752295,0.8527704216101246,3.8568703515343,0.29145751814010534,0.10565823819763882
MAC003284,Std,Comfortable,0,0.13046932658943639,0.44290322637571145,0.09494656768938914,6.253108159962046,0.7020836374391816,3.311280409916094,0.32787832555136825,0.035327314735957314
MAC000217,Std,Comfortable,0,0.09794401640736014,0.23421601941747572,0.05741016476860466,4.689038834951456,0.5598992805187262,2.3104255674582115,0.5103600611808476,0.03527582793534727
MAC001587,Std,Comfortable,0,0.24352977426210828,0.8420185775541796,0.16625871908989603,11.60688390123839,0.6143647338906996,3.183283558212239,0.3707818270388339,0.09529991614210265
MAC003423,Std,Affluent,1,0.3769690233263536,1.645195356092843,0.37273686390139305,17.87040425512572,1.0798318597576286,4.802938979021775,0.2313194832571199,0.19369149519480533
MAC000135,Std,Adversity,0,0.1122578866970677,0.3222041284403669,0.06353465210449706,5.366094036697247,0.5565698701634957,2.822332737906763,0.3794415714649714,0.013452825827689061
MAC001118,ToU,Comfortable,0,0.21404468812579186,0.8898310716440424,0.17357435918728475,10.204482654449473,0.791705824041808,4.098456610784197,0.2757019146734837,0.05451973230122767
MAC005211,Std,Affluent,0,0.24170654914035908,1.1401449275362316,0.20244355332526373,11.57959683754941,0.8355189137329267,4.7366134304335805,0.22759179852722475,0.0417243099714562
MAC002168,Std,Adversity,0,0.1915104531941035,0.44477741951612887,0.08433372486451074,9.18663870983871,0.4801259558669303,2.439743682041274,0.43626671337206097,0.06560874224268318
MAC003928,Std,Comfortable,0,0.01893473707069808,0.15655020920502097,0.024885076637268407,0.9042133891213389,1.0401986161454446,6.581973694283003,0.2919664241471797,0.007281109555519268
MAC003697,Std,Comfortable,1,0.41370773202756367,1.2825657366533865,0.2947621993267527,19.806798805378484,0.7067971421393117,3.1743261576376463,0.333777651684907,0.14422342502357327
MAC002595,Std,Affluent,0,0.17282578325400577,0.7955183330000001,0.15390094930222978,8.285089999666667,0.86114644455471,4.436071432471618,0.25926860617114156,0.040575629473130384
MAC002872,Std,Comfortable,1,1.0860290838499356,1.744616665151515,0.25047741611566754,51.74596060318182,0.36624363556671585,2.130395602686188,0.5626671789321632,0.7699644000138207
MAC002481,Std,Affluent,0,0.2689273767880061,0.9496313423880594,0.18645909807586813,12.856768655970148,0.6830463552987327,3.5164990296768064,0.3042044473368207,0.05373318899961811
MAC000572,Std,Affluent,0,0.1775787415995448,1.1869536221739132,0.2258517648644348,8.497450722753623,1.2794622812718213,6.800501274665701,0.18734358664465672,0.0747458143040291
MAC005340,Std,Adversity,1,0.370627328090909,2.195401615094339,0.5606248882880995,17.600773584905657,1.5247217990274113,6.368759991086178,0.16342756834933186,0.17747381208275095
MAC004301,Std,Comfortable,0,0.12229732225760263,0.613015455950541,0.11855353597508385,5.857177743122103,0.9428207526112234,5.027129132814347,0.23210570288178192,0.054728716886807215
MAC001508,ToU,Comfortable,0,0.15053435986957572,0.5983564813271602,0.1189266797464942,7.207041666512347,0.7663435490632883,3.883597445661618,0.28230119970007156,0.03319128764900481
MAC002893,Std,Adversity,0,0.1913785275509131,1.1819357492586489,0.1941940269954875,9.160443163097199,0.9949188033025865,6.071094048378929,0.19187913239671686,0.03366528148606715
MAC005251,Std,Affluent,0,0.2382562693366153,1.3193164896276597,0.25441825645282673,11.399961436436168,1.0650164267823132,5.551286992002966,0.1960552505069522,0.044943092535696935
MAC004540,Std,Adversity,0,0.19272658767498652,0.5991843083437112,0.10499473641420698,9.230211705603985,0.5368233401029768,3.057097757743204,0.3716906707929618,0.03164424871071696
MAC001697,Std,Comfortable,0,0.15017715031256212,0.5598504672897195,0.11191970685584508,7.196819314953269,0.6936658927609172,3.4865202961497666,0.3456465054588159,0.04131526469975774
MAC004857,Std,Affluent,0,0.17976606777820625,0.7613006267924529,0.16352187664888887,8.591782388176105,0.8771920135168916,4.146936066796687,0.27712020129963943,0.06027775232931206
MAC004490,Std,Adversity,0,0.16749565500575808,0.8405329196273293,0.15469633841196098,8.016982608695654,0.8932155836088198,4.877335551574593,0.22776237642805203,0.039873584307169814
MAC003278,Std,Affluent,1,0.5540640875613291,1.7886155259469696,0.2827840207803311,26.490653408522736,0.4951708393695831,3.180245248968737,0.35997124139901754,0.10523815988175758
MAC004015,Std,Affluent,0,0.24564007311672187,0.8811440395695364,0.18177754458637305,11.748301324172187,0.7126156154987716,3.55968784780269,0.320446220804363,0.0926687718789246
MAC003072,Std,Affluent,1,0.34771494061604163,0.958731706402439,0.22050822011453033,16.643175305487798,0.5904092614174512,2.6987995890057452,0.4384679215726341,0.1459386842522085
MAC000284,Std,Affluent,0,0.048003781755337475,0.1915610619469027,0.03964212673043893,2.2977522123893808,0.7650463109805002,3.6590576732380633,0.31520694761264545,0.020242065019304385
MAC002150,Std,Affluent,1,0.2826378462114955,1.5178631222222219,0.29048958022816657,13.544948469887279,0.9801112393754696,5.211541587310089,0.24425381387253842,0.08936404823892896
MAC003708,ToU,Affluent,1,0.34894128547770115,0.9470159646706586,0.16164061792168674,16.712185626347306,0.4458896880090642,2.685254422242899,0.4219388347007203,0.11333011823211432
MAC003540,Std,Comfortable,0,0.11514017611501183,0.329278431372549,0.07266295753368378,5.500527450980393,0.6130248663190949,2.822403906602708,0.3806393537523816,0.022835245699298182
MAC001394,Std,Adversity,0,0.10806022580071602,0.3979349392771083,0.08806640270281098,5.143872288915664,0.8045471583918137,3.647606148162328,0.3189243646630462,0.04832827242167091
MAC005552,Std,Affluent,0,0.19014580034922332,0.8356939961932651,0.17595130209748325,9.110169838213764,0.8677959726705956,4.165161387417948,0.27744516537743547,0.08919435645740412
MAC003502,ToU,Affluent,1,0.3054872498691402,1.331256807587549,0.28094701683971696,14.630249027626457,0.8914736643770964,4.318203531237151,0.24764855849797227,0.08440509761837307
MAC001095,Std,Adversity,1,0.3604490744308672,1.2206338903177005,0.21347150881060198,17.242708017397877,1.3364516955992607,7.20980821417276,0.25108246995802536,0.3083987489369638
MAC003716,Std,Affluent,0,0.1475981758988912,0.6324687499999999,0.13006248714742139,7.045473958333333,0.8914036334066799,4.338239579348502,0.25491482825278006,0.040354337401360074
MAC003347,ToU,Adversity,1,0.5603787241058138,1.91348765308642,0.4344716892834552,26.796802476543206,0.7754787346641756,3.447348000045223,0.29802162039862634,0.10816497667341665
MAC004852,Std,Affluent,1,0.41968017913066263,1.641457862641509,0.38473904582725615,20.04313459031447,1.025174297537541,5.026572887702286,0.2531292542635641,0.2523325453893083
MAC005040,Std,Affluent,0,0.06443523777021756,0.20094349526938238,0.045819062301759673,3.0885019709592623,0.8346133656957146,3.282354689841597,0.3820150232191512,0.043252394181038926
MAC001613,Std,Affluent,1,0.44368209764505484,1.2303777069659443,0.258799968603617,21.2404798750774,0.5664236976980158,2.754369788627104,0.39444685008822344,0.15585641501600614
MAC000080,Std,Affluent,0,0.07850376205994486,0.44616141020408157,0.08674312211996178,3.7560593693877555,1.083147840037675,5.545440710637102,0.21917381808430014,0.032408347517816384
MAC004611,ToU,Affluent,1,0.743056484283368,1.9711519233722874,0.44358165422469004,35.50766110634391,0.5834252908606974,2.6896880858380885,0.40650193491441555,0.3020887003385567
MAC000313,Std,Adversity,0,0.2905650722257947,0.7311204988919667,0.13445626889653356,13.935674515512469,0.46034852806305737,2.505279246102271,0.43252709480771045,0.04573254752100038
MAC005241,Std,Comfortable,0,0.12850318137916966,0.5412142855820108,0.10909097833678941,6.158018518386244,0.8400479567292342,4.163927083750929,0.26628592679930835,0.029921344738926298
MAC004148,Std,Affluent,0,0.12752996808190128,0.35343384615384615,0.06504326575501847,6.105818461384617,0.40560655840293064,2.3618782265908047,0.5333942364727311,0.05172377027336787
MAC002599,Std,Affluent,0,0.24584466530141838,0.7310816676666667,0.14842799427319497,11.7641783345,0.5718553156137496,2.8733241426334835,0.38638223518329656,0.07378233285420699
MAC005425,Std,Comfortable,0,0.20112562353529845,0.7917147018922851,0.16822041655895345,9.625074235807858,0.8306338056012664,3.9129751814306952,0.27510183978338537,0.06221432922232577
MAC000371,Std,Comfortable,0,0.08119774981720293,0.4916574202496532,0.09018617495427533,3.8865076282940363,1.0534788059348623,5.664443774478318,0.22826108777057827,0.019565827773521456
MAC001420,ToU,Affluent,0,0.21159003958102604,0.7295674838957057,0.14300165746529914,10.125187114877303,0.627384465946412,3.283615087181362,0.3503863363265638,0.07468191360691466
MAC003927,Std,Adversity,0,0.12622367226596118,0.7713514654811718,0.13463417300872124,6.043711297698744,1.083847126911752,6.323525944033064,0.19147050172095065,0.052775186068726124
MAC001214,Std,Comfortable,0,0.20995602290900622,0.9022746581183612,0.1869828278009374,9.985012138694994,0.8327663910280677,4.20372982464019,0.28216648320570403,0.1042647332940022
MAC001689,Std,Affluent,1,0.40653933594926966,1.1329859828660436,0.24983308584451386,19.450996887850465,0.60465818786671,2.8029198372615887,0.3732970409601926,0.10822065571076502
MAC000860,Std,Adversity,0,0.183162618523856,0.6034340736296295,0.12478777581109943,8.725785184444447,0.6743507852625351,3.246615582140273,0.342319182342316,0.03447707658063301
MAC003051,Std,Comfortable,0,0.2149536477872692,0.8244435972560972,0.15989064332517686,10.267782011280488,0.721952845984404,3.740570649849057,0.2971417645253062,0.043507169728939955
MAC001792,Std,Comfortable,0,0.2062524875587826,1.0578312318611987,0.22135281007156637,9.873212935173505,1.074795628968839,5.211832228388705,0.2096751005079649,0.05913846450707208
MAC003432,Std,Comfortable,0,0.3077832188653686,0.9319263558139534,0.21286686446478512,14.658461238178292,0.6780317529463924,3.0173560497490475,0.35305025895558984,0.06964061996660428
MAC000399,Std,Comfortable,0,0.018006459578054343,0.1212799352750809,0.02688092468717672,0.844127831553398,1.1168229692886247,5.812443411529731,0.34367859929952754,0.04339930520812362
MAC002289,Std,Affluent,0,0.1097934828714354,0.452976401179941,0.09260110340000505,5.25480825958702,0.8528192417377748,4.096847371135711,0.2743302646134548,0.029838852386504508
MAC004715,Std,Adversity,0,0.055218484896820845,0.2375085230113636,0.03888914673511767,2.6418636366477273,0.6059686199042571,3.7027045205498625,0.41720134608276477,0.019564780383844564
MAC001743,ToU,Affluent,1,0.2179828742282919,1.6117299814756672,0.3567855611272789,10.4417770811617,1.727093874035576,8.492375159743636,0.16290457735418404,0.13599759095345157
MAC002404,ToU,Affluent,0,0.20055365495060035,0.766664679880775,0.15676876847910312,9.599780923248879,0.734282790853047,3.6371739925670443,0.3099534280983143,0.055385977852059044
MAC000927,Std,Comfortable,0,0.2913988721574404,0.84255373238806,0.19622649419344565,13.907658207611938,0.652422265038848,2.826822520217426,0.3737615357853224,0.07664694375479293
MAC005209,Std,Affluent,0,0.15894587196210427,0.7197683320000002,0.15139804348355368,7.612864996333334,0.8637101312721309,4.283331275870191,0.27457482226869057,0.09746340013030808
MAC004357,Std,Adversity,0,0.15466494723411664,0.7055793870473537,0.16147043858504123,7.41182312005571,1.0329098144947582,4.550000274279619,0.2353902827845594,0.04103935110484445
MAC004921,ToU,Affluent,0,0.1693217975934647,1.4919082709302327,0.24927433664979706,8.11562920116279,1.4688088604333152,8.955605131661583,0.13693211860992496,0.050182202302860544
MAC004875,Std,Adversity,0,0.10545251635412954,0.5151166030418252,0.0917922052617427,5.054280100887198,0.878087643651268,4.920253647192212,0.26956673773928824,0.02804059256147323
MAC003505,ToU,Adversity,0,0.1671604264386588,0.8265653021442497,0.1770841987795511,8.012403509161791,1.0258805799786872,4.959378843341664,0.22406635898341737,0.0648477274962004
MAC005366,Std,Comfortable,1,0.35628058435377963,1.4537486467567569,0.3292755889836346,17.06729999662162,0.9687747028795887,4.4556581085475,0.24562305452156077,0.18785419736606138
MAC001269,Std,Adversity,0,0.11604602751648098,0.3976829272865854,0.08245354922470906,5.537233232012196,0.923790382076423,3.2707670723381774,0.3251089139940128,0.09921473273532677
MAC000701,Std,Affluent,0,0.08850961565695928,0.315549048169839,0.05322148927672455,4.2150893117130295,0.5119672127038146,3.060275293175867,0.49848626786734457,0.04742436051736524
MAC002410,Std,Adversity,0,0.0828181840499149,0.20168405365126682,0.04442417372910886,3.922102831594634,0.6775812982091282,3.0901042622225448,0.3844097131154563,0.06520452753017683
MAC004593,ToU,Affluent,1,1.3074265661088393,2.7462871440734555,0.5805705684306115,62.457979961435704,0.4448700467623248,2.131558485508452,0.48481969063646535,0.31230401244051514
MAC002422,Std,Comfortable,0,0.0719347583892054,0.6614113274217587,0.11739528362991981,3.4478420280178828,1.4747296281386808,8.167059792161941,0.16922626153171447,0.03196656562826758
MAC003955,Std,Adversity,0,0.06884226756610774,0.3032715231788079,0.06101045798175814,3.2961572847682112,0.815156474452188,3.993909421633841,0.3120475140583827,0.03230482699758622
MAC002514,Std,Affluent,0,0.1566519177023224,0.8061014996672213,0.17123642384088225,7.506282862895176,0.9936437745256271,4.858323483478614,0.2429825985426437,0.06082195917528058
MAC000696,Std,Adversity,0,0.1515261719398668,0.5709267934114202,0.1069363342612123,7.239711566032209,0.6628522767578476,3.6116616557255075,0.3196311528111424,0.0551895320072774
MAC002371,Std,Adversity,0,0.06611867691757167,0.2993348214285715,0.059563853310229765,3.15420238110119,0.8372948592530647,4.379556171872103,0.2566682914255389,0.04295357556007222
MAC003314,Std,Comfortable,0,0.17217110499552543,0.7798568713740456,0.1700182852614381,8.229438931488552,1.044136301024257,4.851709528772449,0.23329414711909052,0.08371470698288415
MAC002778,Std,Adversity,0,0.2694662606529117,1.0523877538033395,0.23778559384350545,12.902094618367343,0.8867917854793319,4.026423877848779,0.2659072509374382,0.08180497919254852
MAC002575,Std,Affluent,0,0.13864818954261277,0.7298516676666668,0.12843953557932367,6.644428334833335,0.8846125717982305,5.108218482580745,0.2247600816494516,0.03506277485170439
MAC004292,Std,Affluent,0,0.050947165049273616,0.23607573415765068,0.04609242410372212,2.4244667697063376,0.8613566025191489,4.387451144449711,0.2672893308246747,0.024084356671621926
MAC000635,ToU,Adversity,0,0.19048533186066366,1.6209796484011632,0.3122805077022115,9.131918602034885,1.6537947636614356,8.627237111850905,0.11926452935738956,0.02832520944088353
MAC004631,Std,Adversity,1,0.30060536002945704,2.4397036947089954,0.4065435087405228,14.34010051005291,1.2734441733665456,7.817622345051529,0.1460922683552562,0.07382779466738171
MAC000908,Std,Comfortable,1,0.3579841550748942,0.9474391707715134,0.1846674981850417,17.12694659050445,0.5175682472299181,2.70633682632687,0.3896544823548873,0.144769468678958
MAC000836,Std,Adversity,0,0.20433915558872384,1.359776294370371,0.2558445770954588,9.789810368444444,1.2205601062537408,6.591596590280815,0.17176564923841262,0.054895478815253286
MAC001122,Std,Adversity,0,0.20169621046263014,0.7621666664529914,0.1555885048944822,9.672955128418803,1.1875356529166194,5.979066922633036,0.244260447946148,0.19308595634907505
MAC003288,Std,Affluent,0,0.16920004057491222,0.6749411762808352,0.14084478981992923,8.11060531309298,0.7988942687038331,3.854103907984183,0.2859104866601365,0.04895929587076381
MAC004813,Std,Affluent,0,0.04171374463095549,0.27981321839080453,0.053898209421874024,1.988728448275862,1.2425525712376264,6.4556517226276275,0.17519534737034226,0.020597422564065743
MAC004309,ToU,Adversity,0,0.2903112601453582,1.1744953555727555,0.24588617154939937,13.828815788390092,0.8168004367349933,4.046675287546162,0.2649279455201163,0.09048123414400985
MAC000674,Std,Adversity,0,0.16101539968343961,0.44588433367496344,0.10383857153359012,7.717644216691072,0.6457983391757975,2.786785495758731,0.37411495683504065,0.03060634506428166
MAC003651,Std,Adversity,1,0.4783460483787634,1.665561267391304,0.38239931600157545,22.848401194268774,0.8242335582457244,3.6484315916876917,0.2986892551359383,0.1396589878706534
MAC000995,Std,Comfortable,1,0.4347129860568841,1.3952585947683112,0.32907926644893426,20.830563524663674,0.7542618658889717,3.2095736105014714,0.32520548447338266,0.08978576950768208
MAC001672,Std,Adversity,0,0.14065438177183043,0.677348366718507,0.1356729219907644,6.72288335940902,0.9679979262715386,4.880336271896889,0.23769365932361491,0.06357072036132387
MAC001965,Std,Comfortable,0,0.0791327933780542,0.41359936391096985,0.08426897452049582,3.779775834340222,0.8238668393231166,4.288471349075107,0.36407646235744046,0.0693029851753046
MAC004043,Std,Adversity,0,0.1286692674048013,0.6173857625827813,0.11945842141379746,6.155998345364237,0.8865023646890337,4.600310365798834,0.24968685358807235,0.03597138222374928
MAC000416,Std,Adversity,0,0.19721574662603847,1.49031881994382,0.25347330372511273,9.43923595519663,1.228029491758516,7.202049929034614,0.16888763578462448,0.05906149038707768
MAC001001,Std,Affluent,0,0.1592729514913504,0.6214738415545592,0.12118107600289553,7.632878924065769,0.7396929943200403,3.9126610581194936,0.27768733884816615,0.05075296070578342
MAC004785,Std,Comfortable,0,0.18297270828975865,1.0908347709770114,0.21717706389238678,8.758257184339085,1.1884746325889224,6.230576709737858,0.2140096711048803,0.09096070332614162
MAC004942,Std,Affluent,0,0.25362781447607574,0.882704045404412,0.18705282385825608,11.887740808455884,0.838251037822516,4.059272687311872,0.30520528279497117,0.1309352123479179
MAC004500,Std,Affluent,1,0.3079715196922743,0.7431018633540373,0.2218873573468423,14.669055901366463,0.7699877968328117,2.707522810078152,0.42244315197443605,0.23690318792586648
MAC005111,ToU,Affluent,1,0.29559776209464417,1.422445975402299,0.2852665210004717,14.15060000045977,0.9608519720687534,4.835924224283546,0.2345333131518235,0.134587929019993
MAC003962,Std,Affluent,0,0.08933174083012321,0.3658261591059603,0.07430709658537346,4.281801324668875,0.80149823992183,3.9104214042035688,0.29895138219799444,0.02913895525678616
MAC001335,ToU,Comfortable,0,0.056768594419078125,0.2012706422018349,0.04427274908613719,2.7083134556574926,0.766426491704933,3.4462745522413964,0.32673337218663817,0.013593515840990285
MAC003129,Std,Adversity,0,0.17028127943330082,0.84889160259542,0.1711232152989145,8.157027479389312,0.9812820311190219,4.992793254893676,0.2193032583892718,0.05362137105751047
MAC004656,Std,Affluent,0,0.03252810296464899,0.1942140468227425,0.039267307836068,1.5461839464882947,0.9044641166296884,4.680167644002642,0.3778054005807645,0.024702848625436563
MAC003672,Std,Comfortable,0,0.12851644984686805,0.6556719685884691,0.14116631823218148,6.157483100994035,1.1424024141525637,5.128917156200438,0.21262736149347722,0.06639171226625047
MAC002259,Std,Affluent,0,0.1861885321454838,0.7883820045722714,0.21655163838454142,8.926237461356928,1.2724865224331603,5.153220023911171,0.22801167242491566,0.10305673041796819
MAC002189,Std,Comfortable,0,0.11846858902142392,0.4133257700162077,0.08685207720773061,5.671604538411668,0.6972288316149768,3.297715186327184,0.3451234763292576,0.04700209615271394
MAC004321,Std,Comfortable,0,0.21617679243083182,0.9788266258513932,0.20523692532701793,10.35213932058824,0.9221405239320272,4.438450027039776,0.267968940372268,0.06980931988445727
MAC002743,Std,Adversity,0,0.1973403241856762,0.7340950229260936,0.1418329366547131,9.418720965309197,0.6869057860425415,3.650051134358039,0.32472249522553165,0.05895957494444046
MAC001462,Std,Comfortable,0,0.020576666024257374,0.08955076923076921,0.024296695300844377,0.9827369230769233,1.200072526618738,4.522395130134016,0.23924423966769254,0.004974635216069732
MAC003887,Std,Adversity,0,0.15859390992952851,0.7437621957317072,0.14865059763334354,7.543373984349594,0.9173285511394836,4.684472943168186,0.24260366026035401,0.05707540566228482
MAC001887,Std,Adversity,0,0.1625205954392211,0.8454884792626728,0.17268883109521066,7.750336405529955,1.02394511194802,5.092086246418145,0.23285964196535758,0.07795221056340612
MAC005273,Std,Affluent,0,0.06952472144934388,0.25843085106382974,0.05691813956014462,3.3338031916223403,0.819871644186333,3.6802166729422017,0.294885011814887,0.019471151400794647
MAC000021,Std,Affluent,1,0.46924297672552245,1.0005410037943694,0.1629203893079049,22.464352510159117,0.3242602203175349,2.0730632828059976,0.5344488052918734,0.12191809728360259
MAC003355,Std,Affluent,1,0.38959946683397195,1.4789846749042148,0.3017298865791691,18.645942530459774,0.7482367469723769,3.7787296043098775,0.2921724356027764,0.14979731236223726
MAC004691,ToU,Comfortable,1,0.21220840353346934,1.3639346755443882,0.3033236295732358,9.947477383584589,1.3630367758717872,6.620698796457102,0.23867841539844611,0.2067668839444784
MAC001707,ToU,Affluent,1,0.27431521905007056,1.6687210001567399,0.40967898677352843,13.153710031504701,1.6173627146431004,6.83627860724542,0.16620368627161616,0.11752966717460112
MAC005522,ToU,Comfortable,1,0.4300347899693734,1.6769897649122802,0.37865793320928814,20.606526315204675,0.8686767263800476,3.9776816186891,0.26934801702579475,0.16912497638112237
MAC003519,Std,Comfortable,0,0.07655114343321232,0.29909551656920086,0.06013677919666768,3.6610194931773887,0.7709821696452707,3.822681928140443,0.2917313000145927,0.017931360852418025
MAC002789,Std,Comfortable,0,0.13197061723818426,0.43845915032679744,0.07985818512593323,6.303624183006537,0.5769678838898856,3.1879540279979564,0.3759980323973105,0.04104325908592146
MAC002581,Std,Affluent,0,0.06834832668439715,0.16577500000000003,0.03675495126518239,3.2729583333333334,0.5990562411642838,2.5880024882334967,0.4639797172192086,0.022870920166747483
MAC002660,Std,Affluent,0,0.07385424815161179,0.250103448275862,0.05039162733385583,3.530041979010496,0.67285946624223,3.4880097488283264,0.3132264713224085,0.03063289643649734
MAC000210,Std,Comfortable,0,0.10850441731100324,0.5583944172330096,0.08348859530163892,5.197817960922331,0.7552880477997886,5.099388624216136,0.21071693337130212,0.016307725776432306
MAC003064,Std,Adversity,0,0.18478795386525315,0.664376525,0.13403999787630413,8.853355183536586,0.7438336992631087,3.6639838107426894,0.3092581119425864,0.04951821617013549
MAC004031,ToU,Comfortable,0,0.10276758689719401,0.5341428585365854,0.09734756950848332,4.92191637804878,0.8928687833847979,4.911489448464214,0.25763359302821126,0.032368521024574576
MAC003214,Std,Comfortable,0,0.26934405234280345,0.9779943516007533,0.2129677270964801,12.853365347457625,0.7585322015166684,3.531391201348535,0.3273149214121105,0.15250593792159692
MAC002211,Std,Affluent,0,0.12209499021154141,0.44182189526143795,0.09989978610782572,5.840831699183006,0.7960799060044818,3.539549827479914,0.3171160370638504,0.03592336493254111
MAC004068,Std,Affluent,0,0.16317616369854757,0.8025038294027564,0.15700957225141698,7.820826953139359,0.9265243940667988,4.852267753128014,0.23370240706352316,0.053145866032144246
MAC004155,ToU,Comfortable,0,0.17015254093496118,0.4430492307692308,0.10764149163808617,8.143744615384618,0.6292689269372639,2.6212500824690537,0.3898855711830624,0.03027762712112963
MAC004355,Std,Affluent,1,0.4358943411416663,1.3749233963788303,0.30958733603535626,20.834434539693596,0.6418289084740552,2.977095605406496,0.37686327037993606,0.19468655358287537
MAC004596,Std,Comfortable,0,0.12044489464172599,0.4778704028021014,0.10133779974519766,5.76594570928196,0.7983337668520769,3.7605593226390943,0.3251768303501038,0.04860508226887286
MAC004809,Std,Adversity,0,0.34016749246525185,0.8387255741379309,0.19729792487458764,16.28622557385058,0.5840981449065613,2.46596249651222,0.4208294874652352,0.04767491459828349
MAC000104,Std,Adversity,0,0.16447752155451079,0.8122157838471026,0.17383822698623455,7.882152899506784,1.0255316111836774,4.940565189333547,0.23174617973942307,0.08521188995245094
MAC002136,Std,Comfortable,0,0.015399239045788578,0.11756913215434081,0.021728163779208186,0.735633440675241,0.9772452438564306,4.96597831527233,0.23742976996567405,0.029376442162219858
MAC004944,Std,Adversity,1,0.3451319902024853,1.7126127305039787,0.37821782976613405,16.53077055795756,1.1100082347122209,5.292544716274726,0.20810955511412815,0.16721313227591247
MAC003385,Std,Comfortable,0,0.17811033866953085,0.4458403846153846,0.09950411459647146,8.535040384615384,0.5539741193871257,2.5040839853309698,0.41132633753752507,0.02623654156306279
MAC004218,ToU,Affluent,0,0.2720217148667205,0.9561604933641973,0.22880688829667414,13.030662034413577,0.7303646520262133,3.298045950588657,0.39005373867126747,0.14119763924915205
MAC002577,Std,Comfortable,0,0.08255540850806868,0.2519166666666666,0.0528623123804439,3.9413783333333337,0.6158801231023476,3.0367079715337617,0.35450126634721213,0.03775332786444206
MAC001989,Std,Affluent,1,0.4228694336066436,1.3296831227707004,0.35612521331068475,20.210558925159237,0.7348385556213497,3.1596353593467352,0.3815950108820914,0.29605914765817454
MAC003399,ToU,Adversity,0,0.24472613286040648,0.6949442303846154,0.11122992970986759,11.674521153076926,0.4388928364158556,2.7720072514096024,0.42458841335261305,0.049101011310150454
MAC003512,Std,Comfortable,0,0.14443278077093274,0.6954639380116958,0.14299537628284736,6.911469786744639,0.9348654933353528,4.680161190079092,0.2672310045715896,0.0554085809846524
MAC004761,Std,Adversity,0,0.1555376353128066,0.7067979944126075,0.15294329444785879,7.4552449851002915,0.9117660314255974,4.397538622586435,0.25867671742166093,0.05507010603814973
MAC004835,Std,Adversity,0,0.11886666016781461,0.4062995658465992,0.09923946668140435,5.694920405209842,0.8608282372716795,3.8148076735480787,0.289973564972807,0.0773279698717681
MAC001875,Std,Comfortable,0,0.1511965409970739,0.7534208852848103,0.1603600047267248,7.233874999367089,1.0443744522078175,4.948369384833728,0.21790157394931473,0.03692319977073935
MAC001833,ToU,Affluent,0,0.11822832420248076,0.6905506337025317,0.15425473111483143,5.658601266772153,1.2513492069497048,5.798251578853898,0.23029226615955886,0.062340569149129214
MAC004422,ToU,Adversity,0,0.2471138777987331,0.8962436976190474,0.1934355467577736,11.818305321848738,0.7397211885033342,3.501444440203235,0.3234624210521727,0.09041408593710801
MAC000567,Std,Affluent,0,0.16663691545548454,0.8660453193353473,0.1714230222982886,7.9830271924471266,1.006392961601292,5.165152234876879,0.22031768722631306,0.050639133884981875
MAC004695,Std,Affluent,0,0.1548581276385457,0.7301289782244555,0.14270526023524382,7.4179430480737025,0.8808295970250501,4.624780644540986,0.27100422331488644,0.07285756152820057
MAC002614,ToU,Affluent,0,0.2948662216554374,1.0292683346666671,0.21122092589792985,14.123081667833336,0.7209761686893065,3.5197178379628946,0.3029654568623751,0.051539086690266016
MAC004012,ToU,Comfortable,0,0.0909334093631112,0.4058509933774834,0.07207715583971043,4.35435927152318,0.7452783246915664,4.281445941100436,0.2818917277828476,0.02798778530793629
MAC002030,ToU,Comfortable,0,0.13323426735921984,0.60097599984,0.12447082225846053,6.387246399200001,0.8668497230240356,4.265453814349437,0.2698359361543872,0.05330904388382912
MAC005089,Std,Adversity,0,0.15952391650487144,1.086502339625585,0.1797354020860838,7.634783151014041,1.1418748193334107,7.016346121739641,0.1729373093172241,0.03925992733225953
MAC003872,Std,Adversity,1,0.3685117237719024,1.1343549699797157,0.22723323253170988,17.63309330770791,0.6143870773325356,3.076183767385634,0.34315189239396765,0.05518757239342423
MAC004879,Std,Affluent,0,0.23313287241258834,0.9675146139771285,0.2249090659572954,11.152885641931384,0.9713841421377629,4.286593317304871,0.26675612081319816,0.11125955757077191
MAC001000,Std,Affluent,0,0.16879336040330475,0.6835052304932735,0.13575323054596783,8.086852016741405,0.7545803999695712,3.940926467281704,0.28452676990946446,0.05718376098620086
MAC001411,Std,Affluent,0,0.2343796233535483,0.7799846865237363,0.16261525861665704,11.229811637825419,0.6622068316756047,3.2765516936759544,0.3391169606335861,0.09718344303112243
MAC004934,Std,Adversity,0,0.1992145074487336,0.715165587968952,0.13058313129262544,9.536838291591206,0.649331810539467,3.5710891267150653,0.30128662782361154,0.029704165949060946
MAC001798,Std,Adversity,0,0.08887468162499977,0.8772665610410094,0.1408521917806402,4.24156782302839,1.4340682322113982,8.969983971807194,0.18492626981432317,0.031684855637382464
MAC003619,Std,ACORN-U,0,0.10575320928554388,0.5479684412228798,0.09671280500822803,5.047299802169624,0.8813099325957643,5.034271517618437,0.230226600991089,0.024847634439869117
MAC003379,ToU,Adversity,0,0.06373387924159922,0.552854126487524,0.1003702396499519,3.051452974856046,1.5415877068599046,8.6009802834442,0.12955418150763487,0.01633507444530541
MAC001625,Std,Comfortable,1,0.3095823583224568,1.3309023254263568,0.25050014862321573,14.811592247596897,0.8030265322029778,4.31723362278692,0.2550488886429325,0.06983743569115075
MAC002691,Std,Affluent,0,0.13889665288612343,0.4904257877061471,0.10273402262449532,6.650853074212893,0.7784348815615965,3.7397668514394717,0.3086788991105182,0.07042190488241301
MAC000374,Std,Affluent,0,0.07919986501483092,0.2993259361997227,0.062412736127830444,3.794504854368931,0.7368366090582924,3.641911336752965,0.31821938056325755,0.029783873233127856
MAC001800,Std,Affluent,0,0.2453598493516064,0.9889763395899052,0.2186405070286984,11.735123027444795,0.9030879706596457,4.086361678800038,0.26646995965144726,0.06967566685923644
MAC000320,Std,Affluent,1,0.26137074656481046,2.101994493535076,0.4293261346250255,12.442028884181568,1.685282462457788,8.576650603084364,0.12916246069435203,0.14904501434523743
MAC003563,Std,Adversity,0,0.2082615502629365,0.8606954829076618,0.15938213264292686,9.973601181925341,0.7236066929438905,3.9659146652816246,0.302873710329077,0.04731383192098842
MAC001032,Std,Affluent,1,0.47160333129432636,1.4953643197901052,0.38158396838062475,22.58866866476761,0.785729179945092,3.2189275655218186,0.32639290458364767,0.21034077895173647
MAC004811,ToU,Adversity,0,0.1060059686212883,0.46183620646551715,0.08952383227851098,5.077606321408047,0.7799025097862627,4.141021824061817,0.27393235857925535,0.03714613585493784
MAC003702,Std,Comfortable,0,0.18549816461530963,0.925475051497006,0.16415359464919696,8.883001997205588,0.7856434923711634,4.363215914693433,0.31333619557241144,0.06994855530587149
MAC003907,Std,Affluent,1,0.6100747073272037,1.627851629065041,0.4216200537899788,28.771243911382115,0.6680577188713117,2.9015537254957104,0.39673086558828574,0.4225302416270775
MAC004760,Std,Affluent,0,0.028964266699181045,0.17700573065902583,0.033422879153778014,1.3809312320916904,1.0923227750214373,5.897126497825506,0.21263317253543884,0.011556096658711724
MAC004147,Std,Comfortable,1,0.3529820601505047,1.1552769233846152,0.2593885726838547,16.90425538476923,0.7392058816356407,3.329971874078338,0.31406613569865166,0.10245666390071734
MAC002322,Std,Affluent,0,0.12291457067045292,0.3997488920236336,0.08117931396332405,5.853751846085673,0.6365015803599179,3.1667604634413427,0.3596408214510104,0.04318885266780469
MAC001943,Std,Affluent,0,0.1319991153426478,0.5634649679936307,0.12221844178005795,6.317746814968152,0.8345488895115244,3.9766242225875623,0.31623138822910224,0.07131482520332533
MAC002818,Std,Comfortable,0,0.33685700860211154,0.9116272733333333,0.18644481554332262,16.103040909999997,0.5497692137702592,2.707632717277598,0.39718859988934263,0.079126487417531
MAC002097,Std,Adversity,0,0.23289061823656929,0.8473157890688259,0.15821486640816904,11.176068824291496,0.5935348807113289,3.235507720952598,0.3911045217883945,0.11912705756496296
MAC003226,Std,Adversity,1,0.35921307914585593,1.4000790981167612,0.30039325617637436,17.20329378794727,0.8001946496082148,3.8400304425589105,0.2871969375487394,0.10588592510371204
MAC002165,Std,Affluent,1,0.33086344365000575,1.2529322600000004,0.26487532688466525,15.843409677580645,0.7040017789234339,3.570131181664464,0.3581375568442155,0.17924715343253694
MAC004167,Std,Comfortable,0,0.18527571541506294,0.6319123070769231,0.1250600832863235,8.870730768615385,0.6567263543482752,3.338491932598008,0.32841167330629784,0.03602888333489428
MAC004073,Std,Affluent,0,0.1259127299471992,0.5445497701378255,0.10148902093740911,6.022911179019909,0.8243565397912775,4.418668930776865,0.25459944382424016,0.033112348296860446
MAC001554,ToU,Adversity,0,0.10009945221804438,0.43401232681047786,0.08010110032126458,4.79236517734977,0.8013679464626002,4.337118022476714,0.295146963477055,0.030894982997673036
MAC004961,Std,Affluent,0,0.18923617858772296,0.9528966348557689,0.21034273352806926,9.019086539663464,1.0920740357911878,5.153144444361678,0.22431550654345037,0.07783986099105913
MAC004895,Std,Affluent,1,0.3305678404375058,1.188558409627728,0.2769117802104097,15.814442877021827,0.827993036564102,3.6589334670654985,0.2969839222118655,0.1376510339375294
MAC002566,ToU,Adversity,0,0.08070522377931387,0.5672013311148085,0.10466655944557009,3.853810316139766,1.2046457313365286,6.704227411178789,0.1840835735707188,0.032957052273605326
MAC002223,Std,Adversity,1,0.25551064039932914,1.5198554995073887,0.3220531498322691,12.241674872906401,1.2664135597221093,6.030265874812595,0.18668693530047217,0.08763028100060559
MAC004905,Std,Comfortable,0,0.11648496249256925,0.6582087628865979,0.12977638154366838,5.578362113402062,1.118878148518487,5.708715240162389,0.19019586999535426,0.023202372124399115
MAC001378,Std,Affluent,0,0.05225108880996601,0.22205359877488515,0.047627805185166676,2.4861209800918833,0.7491203813215105,3.647259735429515,0.3893299258486526,0.02990847322291963
MAC000520,Std,Comfortable,0,0.17169310757038897,0.469548935744681,0.09825805469590189,8.23086808609929,0.4309733033021796,2.317316115427888,0.537078041313686,0.12485255464591508
MAC001609,Std,Affluent,0,0.14196856505709263,0.5276563470588235,0.10211628867836987,6.77151857631579,0.7224805155899374,3.788602579950797,0.3089705776419951,0.04350926247644443
MAC000183,Std,Comfortable,0,0.22131561493637605,1.0195792019347039,0.22345660375387738,10.52740266275695,0.965482214747534,4.4770900172796795,0.26407338536125435,0.08773863041282785
MAC002881,ToU,Affluent,0,0.33510773536535304,0.595740557635468,0.09512216775731643,15.99170607586207,0.3361589164341387,1.930465541667324,0.5467279022248205,0.16117060180058862
MAC001793,Std,Comfortable,0,0.2990875058301592,0.8792665605678234,0.15914082393904733,14.301738168296529,0.5521276185319292,3.059337689610717,0.3639495441889536,0.10731676396709071
MAC002964,Std,Comfortable,0,0.09745587279628884,0.37313838566721585,0.07037056725041324,4.66784843509061,0.6305386526155914,3.5586022357316724,0.32937701021958854,0.04383409755552235
MAC000275,Std,Affluent,0,0.16186114228424162,0.684005478219178,0.1517108546778197,7.630057532602742,0.9447719981342121,4.26951574493395,0.26947750126240055,0.056478017340900875
MAC004999,Std,Affluent,0,0.22132608570495246,1.0613981723237593,0.2358176378440792,10.585932113968665,1.0933364891883888,5.013171981986894,0.2188549074334361,0.08779064624097237
MAC001338,Std,Adversity,1,0.4128624698494392,1.3544518790794988,0.29801487496445683,19.56406275648536,0.708134396924193,3.2807785055869534,0.3366959326955734,0.12792155549253156
MAC003439,ToU,Comfortable,0,0.1615807066103655,0.7237383726744187,0.14463973564429924,7.733546513372095,0.7708274353333522,3.9678362236049867,0.3031724374947433,0.07297079193637385
MAC002069,Std,Adversity,0,0.16247306166546102,0.96132639872,0.19224990309229137,7.785571198239998,1.1873855610519206,6.034509737468306,0.18339366991265046,0.05502367014348962
MAC001261,Std,Comfortable,0,0.05728848879394694,0.37431202450532713,0.07110523051541229,2.7435114156773213,1.191950181816714,6.190113793453322,0.20599870442010226,0.014998165218948586
MAC002795,ToU,Comfortable,0,0.17284919603390797,0.7045809388804841,0.13629314349687174,8.270273828593044,0.7704995979999044,4.0286035835622105,0.27545909884358644,0.043413946233429195
MAC001928,ToU,Affluent,0,0.18415268604874524,0.7756973058637082,0.13620856725254835,8.789003169889064,0.7708192513352955,4.403470609550019,0.27346327866981,0.08848653402942294
MAC002929,Std,Affluent,0,0.2368309941467985,0.7967677097199343,0.17723147454622287,11.322357496210872,0.7404912726917933,3.356388753868382,0.32035812800059515,0.05965344934673482
MAC002973,Std,Comfortable,0,0.19470442960698567,0.7826705120263593,0.1595541232792736,9.329729820098844,0.814762013187824,4.0202929038852,0.27661921815803775,0.06316683132128077
MAC000720,Std,Adversity,1,0.31216302709772664,1.1805703806451613,0.2613607611546481,14.938844570821118,0.8297345294842741,3.7701408389200264,0.28045593425285004,0.07332052200522322
MAC000114,Std,Adversity,0,0.11479778573279767,0.687559036144578,0.12675601609093037,5.473115662891565,1.081863052003913,5.906095829035941,0.19356280317896815,0.02887628752545559
MAC002924,Std,Affluent,1,0.3454398877708978,1.0900049413509059,0.2014145890633926,16.538372320263587,0.5626865556704211,3.115336372561737,0.3480694790052601,0.07756519551937298
MAC000455,Std,Affluent,1,0.5224311782910823,1.3782126728169017,0.27181758902043357,25.024036614507047,0.5812230280526592,2.8473746784282783,0.38076250285489943,0.198788837539421
MAC002940,Std,Adversity,0,0.042488427554070694,0.21949256198347117,0.04425329118736394,2.0348743801652893,1.0502625279912932,5.2006159135397,0.20554185792230278,0.009881710147997163
MAC000884,ToU,Affluent,1,0.35436015045845437,1.0257388727002967,0.21276296355245466,16.959847181602374,0.5903892982583095,2.876720056897147,0.36677786696391523,0.08094328152536213
MAC001556,ToU,Affluent,1,0.34461040761396167,1.5229892166409862,0.3206475972541874,16.384374424191066,1.0977627830340937,5.29552749664116,0.21968871214953611,0.23477493467679486
MAC000581,Std,Adversity,0,0.17240618118445186,0.5853637684057971,0.11036461995643324,8.26059710173913,0.6249666937999325,3.3225351832243093,0.32998992191309573,0.03074684815559871
MAC001382,Std,Comfortable,0,0.20751542846726131,0.7872782874617736,0.1560651747500905,9.938379206116206,0.7290101661645965,3.766425160162597,0.2984884653041221,0.054500925522814436
MAC000741,Std,Affluent,0,0.17333672556624052,0.711705502265372,0.14726875880316878,8.233000001294497,0.823779648970029,4.1987006457289,0.27000553093946256,0.0957497282481695
MAC004654,Std,Comfortable,1,0.34874336100627495,1.191347826755853,0.19533068596133005,16.69691304632106,0.5484439481122281,3.4430857056754958,0.3364487272490276,0.08326365690638654
MAC000665,ToU,Affluent,0,0.04208205520596449,0.34976281112737917,0.06380014184095799,2.0125095168374814,1.5200371710147866,8.395394591435123,0.15061531784045223,0.015714982878270545
MAC000301,Std,Affluent,0,0.19906244295047415,1.0865342473972608,0.21098800387598549,9.531332877945204,1.0212191579603993,5.351142452691445,0.21318693764929847,0.06973409910285279
MAC004189,ToU,Comfortable,0,0.22236855880682024,0.9191215373846156,0.17561188951272433,10.642639998153845,0.7768273680958302,4.055035829103995,0.27286558742882133,0.040291519321300255
MAC001005,Std,Adversity,0,0.16209209424555843,0.5740757572727273,0.11232239206732443,7.70981818121212,0.6435958137426361,3.3866391468681294,0.33626026005557264,0.04719916213811189
MAC001776,Std,Affluent,0,0.09731226961797879,0.3856666671406002,0.07799070184809288,4.66078357093207,0.7449969690460081,3.5746329720723633,0.34416941366221643,0.06564275609492543
MAC004163,Std,Comfortable,0,0.15992016398336523,0.7423323063076921,0.1278271813481259,7.661139998769229,0.7794947888213242,4.562733402567088,0.24294265381148913,0.02568405732622649
MAC001866,Std,Adversity,0,0.25115064916475577,0.671944532488114,0.18640713984919546,12.028377179397785,0.6914153215984155,2.7330591662016492,0.3972240419455415,0.10246181078418094
MAC000524,Std,Comfortable,1,0.2904011597851437,1.6091363632102273,0.36170739317855016,13.933846593892042,1.3436045675945882,6.706251537061383,0.18460806347553282,0.18589802443078152
MAC003587,Std,Comfortable,0,0.07166505743383823,0.42001574803149616,0.0732604612205934,3.4349192913385824,0.9664027941858533,5.560703027961574,0.20984167522748,0.021521287062737527
MAC003868,Std,Comfortable,0,0.22257417250306805,1.0550304245436106,0.21462974810323562,10.654286001622724,0.9045488982288858,4.601905958454071,0.25080362990541427,0.0902064437535239
MAC004175,Std,Comfortable,0,0.07954059928740614,0.5365646159999999,0.10768603550061537,3.8067800004615395,1.2245260230390216,6.163089019553773,0.2418509962222404,0.04673662692371998
MAC002537,Std,Adversity,0,0.10463350729477666,0.312820299500832,0.07179802411929304,5.006011647254575,0.7040845631571733,3.0535926462449847,0.34738438159137497,0.0330541305737579
MAC002956,Std,Comfortable,1,0.358915353332653,1.0913239687603302,0.22962553926363155,17.1980578522314,0.646215308147672,3.088898192589349,0.35512378837980807,0.13767834577894825
MAC000452,Std,Comfortable,1,0.39714810236677156,0.9804098590140846,0.16652674137558526,19.018835212676052,0.44109705820578654,2.579072126156658,0.43116077135005376,0.1653357774599017
MAC000543,Std,Adversity,0,0.0949461646632924,0.6489710567293776,0.10706194483814276,4.549612156439943,1.0463010791629124,6.182600528907096,0.2646106163751608,0.026077415962263928
MAC001848,Std,Comfortable,0,0.15672053956283194,0.7883317535545022,0.15536604047478472,7.488917851658768,0.9426711014032644,4.975794616988722,0.2587835550022839,0.08699694864559629
MAC003362,Std,Affluent,0,0.06481179933545568,0.10080230307101726,0.015308010967300414,3.101264875047984,0.3026013839637043,1.7317085959009648,0.6907713930656614,0.035723630210786686
MAC000146,ToU,Adversity,0,0.13580939518484494,0.47701886792452824,0.08209073506033714,6.507278301886791,0.5843102806876603,3.4184478752104557,0.3443697284204199,0.028340011873373466
MAC000848,Std,Affluent,1,0.32998927473993395,1.4575674091851853,0.3030792461918148,15.774875560148146,1.3025400804884157,6.5175108615231805,0.2397403221937578,0.25690269508026314
MAC004583,Std,Adversity,0,0.06731334795991965,0.4669346737437186,0.08576513767265848,3.221571608542712,1.2045919148084423,6.648001226622267,0.17768248600793105,0.019479721694994057
MAC004821,ToU,Adversity,0,0.11072496871111165,0.5248663795977012,0.09952728323672842,5.301119253160918,0.9079332100227885,4.747445160484181,0.24199473459542795,0.05467812613588736
MAC005259,Std,Comfortable,1,0.5181457657132997,1.5186896568965513,0.4033370293112215,24.827835543103436,0.7198200798728748,2.976042293893572,0.36033906460645115,0.3616587338969993
MAC002933,Std,Adversity,0,0.10247820965673879,0.5440131797364086,0.10960317612779027,4.8987611202635915,0.9915332270541655,5.022960605381166,0.24342861480376052,0.035175764476280756
MAC003001,Std,Affluent,0,0.17584891772376712,0.6077211221122111,0.11669655459345155,8.425452144554452,0.6257790858495579,3.265193288803078,0.34142359161063457,0.047752083346171266
MAC003783,ToU,Adversity,0,0.2733559237533467,1.1263433757028112,0.2199812606386392,13.086423697590359,0.76926089527814,4.036714524759928,0.27522824728762085,0.07910620743147335
MAC003754,Std,Comfortable,0,0.24044786144281527,0.7481983971943887,0.12838409341083382,11.514859719839679,0.5109488232066823,3.0364330059200455,0.3825279018857199,0.054111333400327415
MAC005469,Std,Affluent,0,0.13461240682999429,0.7211372264233579,0.1509629709836932,6.446833577226276,1.0682666140612247,5.357516649219242,0.20997882874128312,0.05455554446631568
MAC004260,ToU,Affluent,0,0.1985862055657693,0.7367465221020093,0.1557130955743811,9.515361668315304,0.7372687751370829,3.554466412648316,0.3242569066706347,0.06823363521154376
MAC001802,Std,Comfortable,0,0.27354585757297323,0.9400190171156894,0.19552707825043877,13.066727413629156,0.6826304503738817,3.388241065140687,0.32192416202389496,0.06814083527308032
MAC005484,Std,Adversity,1,0.29972313946853985,1.6236525576642336,0.37315435772231964,14.26971678773723,1.2407760568270736,5.467014486181714,0.19446626424065516,0.09655294849103738
MAC000819,ToU,Affluent,0,0.07975538977254093,0.5774082841715976,0.10263394320390085,3.815906805029587,1.0618222830607558,5.974338606464043,0.29994478153777304,0.03589637084053119
MAC005183,Std,Affluent,0,0.0898492746288799,0.5128250000000001,0.10003843491938777,4.307059210526316,1.04877835921951,5.34805145689489,0.24058300490399043,0.03284089263300723
MAC004485,ToU,Comfortable,0,0.14772595095188534,0.44145714310559,0.10526993046864595,7.080188820000002,0.7080135802850103,2.981255186400621,0.3550541290742378,0.026655550468077938
MAC005297,Std,Affluent,0,0.16088304923685381,0.7222553474598931,0.12707722927418064,7.709909090641709,0.7674527701845056,4.432495653723832,0.2615078736594046,0.02907515025402084
MAC000136,Std,Adversity,1,0.3544338769292996,0.8757522731818185,0.20228886468505877,16.941820454318183,0.540393022366789,2.4181323206463716,0.42991317002114776,0.0965913035035019
MAC001680,ToU,Comfortable,0,0.1361030071064168,0.7122143978090769,0.14674903289299956,6.520622848513303,1.048847401074065,5.210602126783286,0.21394082671299863,0.046788584889511736
MAC004255,Std,Comfortable,0,0.24310795084288356,1.0558840802163831,0.22777513301446634,11.638593508655331,0.8993685782183058,4.255092287667948,0.26145004645101183,0.07871549891862545
MAC003802,Std,Comfortable,1,0.45786268901720056,1.9379374991935479,0.4685649028938896,21.93756450645161,1.036708744755778,4.334201235859056,0.2415969689810364,0.09124401793873065
MAC000456,ToU,Affluent,0,0.14984684508446441,0.6470489032040473,0.1395362584455947,7.185079257504217,0.9007396417727447,4.250171141242156,0.27312696721065644,0.04885050694444924
MAC000391,Std,Adversity,0,0.15510423264732867,0.4721736115277778,0.07497866494982976,7.423893056666666,0.4566788134254295,2.9592018378625546,0.39155677191962857,0.0448026402258245
MAC002082,Std,Affluent,1,0.3446096835552607,1.11463680128,0.2723241435744525,16.4387024024,0.7835677090522906,3.265647414311503,0.3295244099102165,0.09824983919223196
MAC000753,Std,Affluent,0,0.17894767596256492,0.6776426452941177,0.14742549028062488,8.545979409705883,0.8028657502239662,3.6996361934364024,0.3084005230417195,0.07039947589882939
MAC002013,ToU,Adversity,0,0.14869680936699864,0.7011661341853034,0.13872532486518124,7.133560703194888,0.8564539981277266,4.470991832693409,0.26992421280935475,0.0698856124742799
MAC002747,Std,Adversity,0,0.17727889576383085,0.7596525693353474,0.16458211346237725,8.487768882628401,0.9539232944654242,4.1659675218237,0.27150852486779375,0.10538478026573099
MAC003933,Std,Affluent,0,0.1660386244531672,0.5575991375,0.11787171204944018,7.941351292456898,0.6929678536911733,3.327137321672679,0.31764540446743955,0.03709145734887881
MAC000202,Std,Adversity,1,0.3520422215752469,2.49900534973262,0.4797449930032259,16.88024420962567,1.410982768731217,7.429071741868191,0.1456754348869623,0.11853411076210227
MAC001825,ToU,Affluent,0,0.14480463868313131,0.7726571887835704,0.13594813052173665,6.93815797898894,0.8871890944870817,5.120266708773567,0.24219382937067285,0.043736311898998535
MAC000304,Std,Affluent,0,0.23294246045250144,0.9267554962912089,0.19684448518075343,11.165604396840656,0.807337891064697,3.9153395009198797,0.27560348444229255,0.07288001443229537
MAC000165,ToU,Affluent,0,0.21996500628925275,0.7847409631325301,0.15482426150978928,10.544322890963858,0.700259215162377,3.586048060356746,0.3016091048625152,0.05064681492589924
MAC000747,Std,Affluent,0,0.18179500777028604,0.4330967740469207,0.09080276417838196,8.691948680205282,0.49581578249154185,2.3690623508439765,0.4435123610518892,0.02588490605951868
MAC000157,Std,Comfortable,0,0.24065797760808166,0.6980649815884478,0.12465612812875508,11.5210782188929,0.5094228738926687,2.863282631508038,0.3907240999796694,0.055417406953195074
MAC003968,ToU,Comfortable,0,0.22957848411080928,1.0263857622516555,0.2134250104993726,10.972662251986756,0.9280745378700858,4.517295340735634,0.23731355481215355,0.056196613694610514
MAC002229,Std,Adversity,0,0.09852723725480277,0.6868205886764707,0.12105526709143219,4.718805883088235,1.177648647120309,6.733757674615068,0.18159068909957524,0.035446951362726596
MAC000715,Std,Affluent,1,0.43401842296170573,1.4184809346041052,0.36703918852195244,20.722744858944278,0.8386345873334528,3.3233251044135796,0.3265509390308287,0.16919039548759723
MAC002762,Std,Adversity,0,0.07364310015586105,0.40513767034795756,0.07728836840175217,3.519093797428139,1.047844134217453,5.439739661172586,0.22191634063236862,0.021054622007540744
MAC002193,ToU,Comfortable,0,0.11272371670662931,0.3939222047001621,0.0709977074697239,5.401296596758509,0.5924695090948653,3.3534631766126375,0.33855230854439333,0.028146998055011488
MAC003321,ToU,Adversity,0,0.20936267469063477,1.1027652677480915,0.25994252001410817,9.977005725000003,1.2389359093912253,5.619677301486254,0.1959013819743728,0.10415352106587
MAC001040,Std,Adversity,0,0.29176499669985134,0.8747829345808383,0.18121996457657671,13.882170659281437,0.6127623081480489,2.991844453342307,0.3520907996779369,0.06039418763362651
MAC003248,Std,Comfortable,0,0.11508889767531297,0.46286415037735845,0.08417411443789558,5.496722641132076,0.6847194570349372,3.7720019009892995,0.31478257936644927,0.03676911122373465
MAC000233,Std,Adversity,0,0.05697603473252429,0.27634264945321985,0.054007737811755115,2.7291822606318337,0.9028838535536642,4.4909423363764445,0.2580506899607107,0.012796003565378645
MAC000218,Std,Affluent,1,0.3276726706055184,1.1386177172330096,0.22613677381736055,15.6810982993932,0.6689882679338158,3.4225905023736285,0.31120324252182135,0.07324933258400396
MAC004156,Std,Adversity,0,0.1326686414325322,0.47963944560862876,0.0869790166435015,6.3325762714946086,0.6340938891763698,3.5099555200744716,0.3192916399299161,0.026892763884514812
MAC005023,ToU,Adversity,0,0.18249654558345607,0.4560170378768022,0.08632845233639001,8.72348361716907,0.4651855358145532,2.454540892376432,0.42902095602412277,0.035580197038060174
MAC003552,Std,Comfortable,0,0.14716047988729875,0.7626039215686274,0.14936979948438592,7.049219607843139,0.9984559249015664,5.187118300188636,0.2093180840708301,0.032727597625955396
MAC005369,Std,Adversity,0,0.10572175227673901,0.38996075751014886,0.08225219378607714,5.067290933423545,0.7331635661955951,3.422139160663886,0.359841473111408,0.040735886572443814
MAC000219,ToU,Affluent,0,0.13636962199791922,0.40521601929611656,0.07898739981520353,6.535472087257284,0.5659686188119722,2.9243167448573244,0.3875516731980869,0.028151539277879306
MAC003867,Std,Comfortable,1,0.4400201045103089,1.5931890766806722,0.34648863898222027,21.07371219054622,0.7852968896489847,3.6496745939594524,0.2965984964716317,0.12066097438961614
MAC002317,Std,Affluent,0,0.1626273967287814,0.7250339745937961,0.1462148042294779,7.788556867946825,0.8309700018727846,4.637524871725037,0.28837867282103413,0.10668719397770136
MAC003215,Std,Adversity,0,0.20094096161217004,0.7072175574427482,0.13554612272997918,9.523263358015269,0.6763690209465276,3.530796814682584,0.32224628974934116,0.05072040857779092
MAC002071,Std,Comfortable,0,0.16664830321489357,0.6916336001600001,0.12549831100545328,7.975988801120001,0.6973148684561754,3.9493694651355256,0.3003530437001383,0.05180157676203295
MAC000333,Std,Adversity,0,0.09505835861752054,0.40029063360881556,0.07412137949151036,4.552823691460055,0.7635456000515722,4.125794082417186,0.2741999300567222,0.018235583839693422
MAC004352,Std,Affluent,0,0.056713558394990794,0.2870027856545961,0.061406476796990406,2.68720055724234,0.9888748487120865,4.241394382489945,0.30524448579021485,0.043585835095635975
MAC003207,Std,Adversity,0,0.07199102950752988,0.32427848037974677,0.07146226175201839,3.436778479113924,0.7853252732170899,3.9343017778768443,0.3879508215826203,0.07318392030538974
MAC003401,Std,Adversity,0,0.19843911768142256,0.8501230761538461,0.1589946721800183,9.491446153653845,0.7994879549250813,4.28775912173037,0.25655081153944725,0.03800459798229524
MAC002439,ToU,Adversity,0,0.018208768671652886,0.17198360670640836,0.033264228415601706,0.8698643816691506,1.655612653184398,8.407955493799511,0.18684768509259578,0.00752965320205553
MAC001829,Std,Adversity,0,0.18274985921626583,0.6965673530903327,0.1402183903738121,8.748469096671949,0.8261896227577026,4.165036323652302,0.2870622415981775,0.09593894090029954
MAC000496,Std,Affluent,0,0.09913745150379091,0.30554249263456096,0.06368091321543426,4.735366855240794,0.548614329221575,2.709970323021501,0.4500501663872247,0.05306668021238115
MAC002105,Std,Adversity,0,0.29623878406217363,1.0332638439739412,0.24684418083025145,14.180732901954395,0.8323022302627472,3.6395380516640414,0.2991668972884993,0.12723175867006103
MAC002335,Std,Affluent,1,0.355725156360297,1.2230458579881658,0.2713959804620092,17.026534022633136,0.7550886429478694,3.461929835967827,0.3046595675916228,0.10319671998306468
MAC003012,Std,Comfortable,1,0.3174740785853336,1.3077179882621948,0.27248343708806644,15.200708841463417,0.8338242423882608,4.037364755515555,0.2644256116798564,0.07663156829785989
MAC003350,Std,Adversity,0,0.3081666481051855,0.8570459764367815,0.15771587123937963,14.755931032567052,0.5090329095668021,2.7717709536936734,0.39797873904676473,0.07936452611922021
MAC001251,Std,Affluent,1,0.3699340417735642,1.4867503817351602,0.30209336054851826,17.70933029269406,0.8072822090571239,4.043653208204548,0.26739343092383033,0.11951192532151084
MAC002222,ToU,Comfortable,0,0.26362550083156056,0.9070523721767595,0.1880169956781954,12.620234042225858,0.6874216565706466,3.3651074544916626,0.32489978512753415,0.07636769550098027
MAC001400,Std,Adversity,0,0.21649435473351583,1.0072828738532111,0.20328160249127206,10.365529051376146,0.9529997667743788,4.767202623903818,0.22057287640391693,0.053311643274009245
MAC000123,Std,Adversity,0,0.15815932868180196,0.47823980173053166,0.08994207803490147,7.580577255500617,0.553287539643153,2.978241082330894,0.3765098533820759,0.02654266034238662
MAC001277,Std,Affluent,0,0.1309040196951542,0.4365098931506849,0.0853437571844134,6.242570776255707,0.5447260649224293,2.9597390435408744,0.4292835475141251,0.06979747975950015
MAC002937,Std,Affluent,0,0.29923109292439687,1.0014588819078944,0.190190017933489,14.33012006726974,0.6094882562592849,3.2947757489306735,0.3322565138993947,0.08404911505136854
MAC000119,Std,Comfortable,1,0.29640215571312634,1.1461487027285129,0.3347200758658394,14.214603001091406,1.1713681416703745,4.11528775143431,0.25987631832568187,0.09315686331136205
MAC000273,Std,Affluent,0,0.09337788005477417,0.49338630745721285,0.126811601735845,4.470448658312959,0.8172296397716702,3.1436988686155263,0.42239746934562306,0.1628921463124078
MAC005498,ToU,Adversity,0,0.06461864930268356,0.31316398257686673,0.07850040293780189,3.064553441434846,1.1050466974154456,4.525267717298907,0.2909560672754303,0.06420115434277911
MAC004058,Std,Comfortable,0,0.12178395449515801,0.3010986392857143,0.05483212655447096,5.805785714115647,0.4416880358039381,2.3802833021051777,0.5068655522717487,0.036399439613861134
MAC000483,Std,Adversity,0,0.16584683147586013,0.5152901405633804,0.10697482120377029,7.916660563239434,0.636668860075408,3.1160626373738953,0.3506130421508848,0.05619834876028814
MAC002764,Std,Affluent,0,0.11257410746837988,0.9687443258698941,0.18095861542453967,5.383880483812405,1.5721733168608052,8.413568220902633,0.13786169719988903,0.02177638832125386
MAC003356,Std,Comfortable,1,0.6988240026935962,1.5239846770114944,0.27673043318929913,33.45288314463602,0.4425658862297806,2.338358115161314,0.4672527315805928,0.37975427062398964
MAC003483,ToU,Comfortable,0,0.18642500406164852,0.9266601932038835,0.20478744394201828,8.930893204077668,1.0859579620730755,5.008029622125329,0.21429478855248218,0.0651828224258099
MAC001644,Std,Affluent,0,0.14325827302048266,0.571448430044843,0.11865472746478985,6.784636769955156,0.6694875876514826,3.4966412864479137,0.44532044008889143,0.11651871581053341
MAC004704,Std,Affluent,0,0.14620352380298088,0.8622327795724465,0.19013570553380096,7.005327792161521,1.2726243168206548,5.987206968396478,0.1856738244120975,0.058938795973915735
MAC000067,Std,Adversity,0,0.1483213750329591,0.42328466233128814,0.07755557303187585,7.103761962944784,0.5177647768523985,2.8157334867194437,0.3966833354189173,0.04195476656553052
MAC004562,Std,Affluent,1,0.5765001817242925,1.7946820470074816,0.3886891283606049,27.561886542768082,0.6239372810110323,2.9916223891288434,0.37531035787732686,0.19255900553862293
MAC000875,Std,Affluent,0,0.19958792725705923,0.6085771514836795,0.12133883066501061,9.543179525222552,0.5888320677322414,2.9961070468313444,0.36188834349116106,0.04498694307872932
MAC001699,Std,Affluent,0,0.3229907357404182,0.8533255473520248,0.1620945071493662,15.386165109345797,0.4551178624859323,2.525039278499696,0.4567155381103344,0.1536624867108758
MAC003846,Std,Comfortable,0,0.05405117392755618,0.32119028340080963,0.062499493467419065,2.5901862348178146,1.1119827635589858,5.76505865284173,0.2094869572106687,0.018095705775344733
MAC003391,Std,Comfortable,0,0.2588143295837831,1.100873077307692,0.2566303954019313,12.395519229807697,0.9844630548236171,4.297273834034438,0.25385371928572537,0.09437451185718145
MAC005024,Std,Comfortable,0,0.11459866897713357,0.6692975102228046,0.11847213547429349,5.488724770904325,1.0152686072765928,5.714731062431899,0.20426726798218914,0.02222058663579567
MAC005352,ToU,Affluent,0,0.12080795640625,0.6000405398648648,0.12271324602026629,5.785558107567568,0.9802287269283507,4.874869318408738,0.23201377018899477,0.04292836729440675
MAC003813,Std,Adversity,0,0.299052111089254,0.859526208467742,0.14953688712293545,14.30342943407258,0.4896698646536561,2.821263513567163,0.40280688080587873,0.06125900128151434
MAC005076,ToU,Adversity,1,0.38843885736744915,1.4952948472698908,0.3090355884845325,18.583695781903277,0.7976160781565117,3.9085532077819964,0.2679862330252827,0.0913384311874052
MAC004152,ToU,Affluent,0,0.11722893559060223,0.34918335901386754,0.06844268725162589,5.614687211248076,0.5030264997872049,2.640720293453427,0.46704446618699463,0.05793224187059458
MAC005519,Std,Adversity,0,0.0919250054036938,0.308719298245614,0.07021149427625328,4.384899122807018,0.7606270897391799,3.38448036400488,0.31654327640587987,0.028138608788499265
MAC004390,Std,Affluent,0,0.2535677327828399,1.0454064241620111,0.2529008605341465,12.146370108519553,1.0281131311593656,4.387528963579191,0.2529989961157583,0.11152104705932385
MAC004492,Std,Comfortable,0,0.14715288932060788,0.6014844716770186,0.1091569063082366,7.053898136024847,0.6932127834512651,3.849239415360469,0.3075147190402954,0.058220956152910217
MAC001027,Std,Affluent,0,0.1593513205496222,0.8527309414050823,0.15045345429468063,7.618351270852017,0.9251575036684404,5.309003633998071,0.21254647405765442,0.034457149832891686
MAC001364,ToU,Adversity,0,0.2872198009037562,1.3579555903522202,0.26352686927655994,13.75147932756508,0.9017214565979927,4.659739694321982,0.23707490754408558,0.06681624799331058
MAC001841,Std,Adversity,0,0.09751051907134728,0.5024246364667747,0.10771470555625447,4.483818477957861,0.9069686682710687,4.421274638641939,0.3160699369447753,0.04350262275737567
MAC001757,Std,Comfortable,0,0.14598024291678,0.406385579937304,0.07901176632225367,6.970465517241382,0.540086632146374,2.7804160392863966,0.38217356036597894,0.02137117078708121
MAC005129,Std,Comfortable,0,0.26767956818651706,0.7019859368750001,0.13733761374244163,12.773915624062498,0.5041599202870606,2.5809192872147793,0.414348538579867,0.04922848154084541
MAC000828,ToU,Affluent,1,0.5047411154657943,2.1318831350591716,0.5303675220796482,24.19576922662722,1.0654872721437014,4.724797741521261,0.23342478800761238,0.34397556963793857
MAC000900,Std,Comfortable,0,0.2076486726623216,1.0151454014836794,0.2161048270965032,9.95548516454006,1.0342600158516386,4.8820174784536245,0.21592295708612586,0.04124511872078255
MAC003152,Std,Comfortable,0,0.0961082519112262,0.5255822156040268,0.11424339373847871,4.601753356879194,1.1543081713519814,5.393127062084901,0.21416969942837763,0.04330538978181005
MAC004277,Std,Comfortable,0,0.21261757981615526,0.735999999381762,0.14596298012181835,10.179397217156104,0.6706629878562279,3.3887966220573493,0.32978612831632004,0.05581813371840946
MAC000827,Std,Adversity,1,0.2784395833672337,1.688714499704142,0.3007757291083574,13.344798818195269,1.0868222029042016,6.144820550306755,0.18181960731793978,0.0683444314636477
MAC005550,ToU,Affluent,0,0.2463251974146054,0.8911654465592973,0.18458050887267313,11.756051244070276,0.7101807763480904,3.50340833789506,0.3201684265067315,0.09055234630033114
MAC003458,Std,Adversity,0,0.29670796029371527,0.926129844767442,0.18164872416188316,14.212994186821703,0.5967357100378876,3.0624789542011746,0.3506260030632227,0.07420101321144043
MAC005528,Std,Adversity,0,0.09377694961066882,0.3054831625183016,0.06231330154581461,4.474610541727672,0.7666102373506986,3.6127884503231953,0.32151020970078037,0.04071692586096147
MAC004408,ToU,Affluent,0,0.1700567255735622,0.6691050415966386,0.13420684016508655,8.140133053501403,0.7697336563750535,3.8675897057968003,0.2824064881145605,0.048025334712228376
MAC004908,Std,Affluent,1,0.6731427706742428,2.363722585935484,0.5957647241400263,32.17909161767741,0.9259292933347398,3.90333807553754,0.28042329225871004,0.3318147286428827
MAC004093,Std,Comfortable,0,0.05498820286473111,0.38895858911042946,0.07876817093651343,2.628934049233129,1.4297982984009776,7.109426817984011,0.15343251070953084,0.01680447894871563
MAC003101,Std,Comfortable,0,0.18081882184226114,0.5414259545038169,0.09733232942334345,8.655161832213741,0.4870283030973913,2.7680179640625755,0.42448012706738203,0.06811937728052489
MAC001999,Std,Affluent,0,0.11670909406107763,0.5699457728867624,0.10906777016640125,5.587074959649124,0.8480144160176153,4.539289130974855,0.29023832365948105,0.041527210939747726
MAC004363,ToU,Affluent,0,0.17675173604527084,0.756944210878661,0.17578469585388912,8.447571825383543,0.9710376172237783,4.253768273921177,0.26505636567948504,0.07798651434579143
MAC002832,Std,Adversity,0,0.09294780861303326,0.29928419452887545,0.059281561045248586,4.396957446808512,0.6058843229795099,3.1352121486874673,0.35890370899945556,0.019697277057924782
MAC002469,Std,Affluent,0,0.054808981111088326,0.3040223880597015,0.06198822075471793,2.624989552238806,1.1009207979982811,5.4762474296507,0.19830571309201395,0.012334591915600773
MAC004263,ToU,Affluent,0,0.23873125545418314,0.8999706332302937,0.20735684323558493,11.430771253941266,0.8027043154410131,3.6923900509178202,0.32387523469259966,0.12847124374854266
MAC001458,Std,Comfortable,0,0.07241494408074195,0.35307384615384624,0.06838627910504771,3.46886,0.9281329301596265,4.775628278496464,0.23786408470422116,0.025390526552136715
MAC002662,Std,Affluent,0,0.1607390603874226,0.6908230884557719,0.12984422556087585,7.697658170464769,0.7675986188180766,4.085881750672672,0.3043308066960898,0.042082373463821175
MAC000007,Std,Comfortable,0,0.19873297244371238,1.0407499979007633,0.2034644556241912,9.52229961736641,0.9969069151905644,5.239012846117647,0.21282607403106651,0.08414189619023286
MAC003128,Std,Comfortable,0,0.2533306978411429,0.8269038169465648,0.1684299250245071,12.117198472824429,0.6724874747423738,3.2901401566465953,0.3215641474031216,0.05665182007848567
MAC001478,Std,Affluent,0,0.08225239287038959,0.45692757632311987,0.08503963305029966,3.939420612534819,1.0228806116206597,5.463496570635357,0.23172899813176553,0.022904997652147083
MAC004182,Std,Adversity,0,0.1920853145830021,0.9374784626153846,0.18057188986662168,9.19740307753846,0.9169142781077303,4.850638081341396,0.22540431297400806,0.04972520401728694
MAC000196,Std,Adversity,0,0.0582500379082608,0.3136973518284994,0.07107730872261718,2.6403417402269858,1.1487944221736133,5.511027336180011,0.24962763046606698,0.02778460735623631
MAC003953,Std,Affluent,0,0.07053958348608444,1.0195223104132232,0.17204008697274567,3.3819223099173543,2.223548151768231,13.942585921047517,0.20549807396334088,0.05869799012634784
MAC004988,ToU,Affluent,0,0.22994177861777484,0.7485658422425032,0.15809139939986044,11.000230771186441,0.5994678896844826,2.989189809479375,0.39815706617121766,0.11063937440218985
MAC001059,Std,Adversity,0,0.17698241341842516,0.9511327292609354,0.1799690483042895,8.469858219306184,1.017855731374556,5.413318216563513,0.20036486196736322,0.032595144594034314
MAC004010,Std,ACORN-U,1,0.3937825952504139,1.0312814607615894,0.20188597423202606,18.897349340231784,0.8766494995364174,4.264565411068816,0.33770036115573865,0.4206903664026309
MAC002245,Std,Comfortable,0,0.14137066304970058,0.9860693205014746,0.18987443404819943,6.771584069174044,1.3270578462173428,6.994905029182206,0.15364416211704607,0.0390976809216115
MAC004210,Std,Affluent,0,0.14581900284328994,0.33478240740740745,0.06994214899722087,6.982288580246915,0.4797496884000866,2.2985212261736394,0.4540876371962311,0.020055423442326577
MAC000553,Std,Comfortable,0,0.13718286667508228,0.9252956510144926,0.17103183391541762,6.573179709565217,1.1674702632874006,6.247103799409294,0.20938191994244604,0.04082429382022985
MAC001120,Std,Comfortable,0,0.0687557684321906,0.3610302110271903,0.07798455925103111,3.2913081566465263,1.0494617916631406,5.024525850889652,0.22014406617634996,0.02587183627153904
MAC004608,Std,Comfortable,0,0.09064381727775062,0.4630083472454092,0.09420173966761716,4.3428297161936555,1.0166746103368596,5.048249283346243,0.21888841957613892,0.03489714432950041
MAC002503,Std,Affluent,0,0.21632004001681376,1.036065576639344,0.23395310326407304,10.274860659426226,1.0949557640494427,4.915368126226413,0.21393730907809272,0.05357173166667984
MAC001710,Std,Affluent,1,0.34164525595659906,0.9271001553990614,0.1671755536876125,16.37540844866979,0.5216320940688117,2.8706527790894554,0.40123572799042295,0.1954785357370114
MAC000069,Std,Comfortable,0,0.16493681058372092,0.4991558283435583,0.08412337514085476,7.901341104049081,0.5929768489546887,3.3721271131214765,0.40394287445217475,0.09333739704544759
MAC002561,Std,Comfortable,0,0.2434634210572711,0.8910382682196338,0.1658505108009143,11.604217968219636,0.6589762295325874,3.557599188878205,0.322864845302487,0.054793996413578884
MAC002788,Std,Comfortable,0,0.10871916409158701,0.3277110438729198,0.0568251574637099,5.207382753403933,0.5022583338156321,2.7805213758487732,0.4310448134819985,0.035451892308621474
MAC000365,Std,Adversity,0,0.05993548336696438,0.27918030513176145,0.05830871449349048,2.871889042995838,0.9521488379086842,4.585257175707102,0.24668108643972567,0.018253184388004485
MAC003068,ToU,Affluent,0,0.2884985403433785,1.1263384141768293,0.23456094800843028,13.81435975868902,0.8044644210935435,3.9659165539998207,0.26881393671610143,0.08470411565037576
MAC003537,Std,Adversity,0,0.253093720206613,1.0328431368627453,0.2306317006444747,12.11567646901961,0.9168259363688243,4.183156919205531,0.25249281246673055,0.07780857908479476
MAC001332,Std,Affluent,0,0.06447083774406026,0.3097201834862385,0.06427262485679987,3.0817094801223246,0.9839227187706351,4.768819504519658,0.24179551190884813,0.022309880925687534
MAC001275,Std,Adversity,0,0.07255814884981163,0.31435007610350074,0.06714375938481117,3.4782465753424665,0.8158022722743684,3.9930425676463366,0.3268225509592688,0.03291496438239592
MAC001902,Std,Affluent,1,0.5879908216290629,1.6929220768398274,0.3685868816118631,28.149318171428565,0.8186779523054384,3.694888329489796,0.3354877079213499,0.477465808530147
MAC003233,Std,Adversity,0,0.1788531298360084,1.088617701506591,0.189136918454974,8.548436910357818,1.0335424964211588,6.121929713406146,0.1912295000343651,0.04585081145061724
MAC002760,Std,Adversity,0,0.21383074252206255,0.8790544621785172,0.16812211615780212,10.253125565506807,0.7489325475084408,3.9884953329043857,0.2803889258330206,0.057284816050644755
MAC000475,ToU,Affluent,1,0.5127631885745566,1.3083394352112676,0.2589797392451435,24.555650707605633,0.5032023317433948,2.562797053682547,0.42435993775365954,0.11857594260899715
MAC005327,Std,Affluent,1,0.6891988044156533,1.7998652287061994,0.3180524280363168,32.99252425862532,0.576653598737976,3.1201141863210853,0.38860831623161507,0.3875682767756512
MAC000345,Std,Affluent,0,0.1994210984422755,0.7434723748618784,0.14985802708315601,9.544975138535913,0.6850356921264277,3.5616466623893532,0.3259132683432503,0.0818769837527515
MAC002505,Std,Affluent,1,0.34206381049107587,1.2084660046434492,0.25268984947199813,16.375121060862355,0.727863027907623,3.5806093603222857,0.3276498346497186,0.13270230597023475
MAC001673,Std,Adversity,0,0.17123900487609398,0.568201247893916,0.10054583878519574,8.165173166770668,0.57357943659407,3.2295700377444647,0.3738190984497865,0.04445366684166317
MAC003422,Std,Affluent,1,0.38851060600131143,0.4461650491262137,0.02682367940317323,18.523161158446605,0.3497592626785226,2.0771652439598243,0.6239136727852114,0.4240738597928669
MAC000754,ToU,Comfortable,0,0.20302336029429763,1.1741292234948606,0.19753007015033494,9.72129515609398,0.9272456983524795,5.581632165241121,0.2564033835037651,0.05454308476663999
MAC003805,Std,Affluent,0,0.26636136260295135,0.8528971790322579,0.17271287074708663,12.738385080645164,0.6199417468870511,3.12702527823596,0.3488840386493398,0.08464208903735959
MAC003098,Std,Affluent,0,0.13409591681972768,0.5157935790519877,0.10740827814855679,6.391735475229357,0.6246912634902609,3.2452494161727388,0.4266207083591922,0.09013284965173735
MAC004565,Std,Affluent,1,0.32836879718316414,1.0956117359550561,0.2644953685028474,15.729520603495628,0.8033063325388803,3.374483560532207,0.3149527324402955,0.11779286081772032
MAC000206,Std,Comfortable,0,0.22379626512756778,0.7411987878787879,0.17263427251242858,10.726807273454545,0.724063224977685,3.106622576262151,0.35724487554404444,0.07179428775201348
MAC000290,ToU,Adversity,0,0.14178103297726807,0.4495471956224351,0.09526118624211605,6.797222982216142,0.6666800274963088,3.1488304640796487,0.33697152655101953,0.022826063271485217
MAC004918,Std,Affluent,0,0.12085270838355386,0.50512661498708,0.10143673308533965,5.786443152454782,0.8161022075106368,4.128794958273613,0.26421153094058075,0.034969153386255294
MAC001321,Std,Affluent,0,0.11689971945241555,0.6099022897709924,0.127334530749891,5.593392365954199,1.0658703870496307,5.17609491212246,0.21332217621238808,0.046223193685133994
MAC001949,Std,Comfortable,0,0.13888318127711125,0.22413036565977743,0.032683691719583505,6.640737678855326,0.22634908280521726,1.6021067679528,0.6497292195118641,0.0218606834592805
MAC002020,Std,Comfortable,0,0.19084055526794594,0.8421945768740032,0.15578476626264534,9.146784688516748,0.817350942675431,4.465108455405784,0.24056295514709614,0.03856642761167122
MAC003491,Std,Adversity,0,0.22519586239821385,1.074647173879142,0.21665927491439751,10.79379337387914,0.9537656153811743,4.804322558699833,0.22580759940635475,0.07364738287438691
MAC000551,Std,Affluent,0,0.05824115029393335,0.2750275362318841,0.05687569933706779,2.7910376811594197,0.9408213841318505,4.582001299994857,0.24780701066599156,0.01770386398434896
MAC004453,Std,Adversity,0,0.07304338764818949,0.35296067415730326,0.07198730607223541,3.498578651685393,0.9789705640262033,5.082039792060904,0.21577692011143013,0.032359524533566
MAC002749,Std,Comfortable,0,0.22495131421061745,1.3577655040847199,0.2735024986908097,10.785588501361573,1.19622948336253,6.237269718245603,0.1898526424138461,0.09994857098541363
MAC004295,Std,Adversity,0,0.26700805524568744,0.6010681114551081,0.1371157589991768,12.767831269349845,0.516286608500397,2.251669743102243,0.46264834344730305,0.027906187799741536
MAC004245,ToU,Affluent,0,0.15090071163225538,0.9964984561728397,0.18920435035417832,7.214064814197532,1.234090153897723,6.621365736437003,0.16798657534344477,0.03816148710884243
MAC005261,Std,Affluent,0,0.13221429111719377,0.4004084880636606,0.06934253360209046,6.328551724137931,0.5113592939044173,2.9721073313741306,0.3887289115562338,0.020495141151799002
MAC000010,Std,Comfortable,1,0.5502488485008888,1.9232442763358777,0.40309574171093665,26.358051520801524,0.728569556331656,3.5147895498171104,0.29484561559734146,0.12126997484322226
MAC000666,ToU,Affluent,0,0.06777612132650189,0.26507401015490534,0.056759042709820504,3.231793459208261,1.0155036332442955,4.978438986527571,0.30855460089073505,0.04224132791763742
MAC002626,Std,Affluent,1,0.4348599463133068,1.8323970818476498,0.3302977283053126,20.806854132576987,0.7906325467729042,4.391180697888996,0.2775072159493181,0.16441794848201854
MAC000705,Std,Adversity,0,0.09096659702316068,0.24316617647058816,0.05008767398336599,4.332542647058824,0.5423715873149795,2.663531914363157,0.3971726365508934,0.01479793436031275
MAC005274,Std,Affluent,0,0.21037760158972124,0.8813379766550522,0.19040273863476495,10.073034841463413,0.8910131874695603,4.174656552738725,0.2615367091507878,0.044081185988212604
MAC004825,ToU,Affluent,0,0.10416781383777031,0.7083789626801152,0.14805496760441242,4.9929121040345805,1.3951276821490446,6.923663839369027,0.17867862322196287,0.04468791589810226
MAC004243,Std,Adversity,0,0.10548930117005854,0.32230697689922483,0.07423388862626439,5.024457364496122,0.6742625457427733,2.9399031284639796,0.40783924240070996,0.053108537504990325
MAC002140,ToU,Affluent,0,0.1669054121956178,0.7344496637583893,0.15975232832246983,7.956120804697988,0.9299296176512707,4.296307326011313,0.2626350509939219,0.05750888449973907
MAC001930,Std,Adversity,0,0.11893477721919224,0.5262408876386689,0.10076090548384814,5.6931204445324886,0.7069017180667246,3.9596654746543436,0.31937605792698803,0.061385729953766115
MAC003066,Std,Affluent,0,0.1507978057854897,0.7919801830792682,0.16957447225111066,7.221737803506098,1.0721679610843802,5.05784195981112,0.22759442190545467,0.06941623654635465
MAC002012,Std,Comfortable,1,0.3856169787013828,2.036886577316294,0.3594665285371276,18.47873961230032,0.9257658212314714,5.276604902157147,0.20861817524791373,0.08019179601871297
MAC003756,Std,Adversity,1,0.39862210575815604,0.9876432857715434,0.1840466884705028,19.09787975891783,0.4606143099367995,2.4819294193889303,0.4136153076053697,0.059293620759901654
MAC005566,Std,Affluent,1,0.36223284353224194,0.873700971262136,0.18178729941132984,17.371452424271848,0.4266588623222592,2.2059993437780783,0.5227369398018994,0.28399491762734264
MAC001570,Std,Comfortable,1,0.3193732709555019,1.315240740432099,0.2859120305792801,15.299992282098765,0.8808338116605972,4.11498352397286,0.25744830281907327,0.09727337193904698
MAC000579,Std,Adversity,0,0.11654552652590365,0.594508694927536,0.11479001384180611,5.583456521014493,0.9583555446424337,5.037170369192691,0.21658089757258558,0.03391098587825841
MAC002938,Std,Adversity,0,0.12456180097665473,1.088757826029654,0.16357391763556542,5.958161450082372,1.2812448017861284,8.60440682038219,0.16176381671084633,0.025865701108417592
MAC000588,Std,Comfortable,0,0.17140288080455024,1.095407837155297,0.22462507952101865,8.220998547895501,1.3224822235022315,6.465591754383666,0.18260583296626287,0.08088877306278201
MAC000771,Std,Adversity,0,0.12530311329152144,0.4778737152716593,0.08891671315288444,5.997496329074889,0.6983005826332207,3.753520789922992,0.3110291765210759,0.0314015263822051
MAC000238,Std,Comfortable,0,0.1989371333844522,0.9021399025547443,0.1798325981723798,9.5358017013382,0.8770943849948883,4.541164514163831,0.2434144875906626,0.07542341276415386
MAC000411,Std,Comfortable,0,0.07881329278221337,0.2129494380617977,0.046742755068657445,3.7770617976123613,0.584902245681035,2.6935542160080574,0.39290819518376174,0.014591138132914745
MAC004953,Std,Affluent,0,0.31265664270104154,0.98170779,0.21585441405420103,14.98039350194805,0.6196273665765517,2.971205469636557,0.3943030395368779,0.1345190602087554
MAC003993,Std,Affluent,0,0.27031717230715907,1.1162284769867552,0.24522859158533974,12.942425500496686,0.9405944727605888,4.358334448367079,0.28109152235959356,0.17528771967334153
MAC002732,ToU,Comfortable,0,0.07704518760732197,0.35877828054298644,0.06469700425281508,3.6832594268476617,0.8325445892814682,4.623308040401484,0.24553741817045818,0.01595831672856858
MAC004992,Std,Affluent,0,0.12738362443832343,0.6009229765013053,0.12703053252533097,6.110590078198431,0.9851293178153501,4.737845265771366,0.2245799605714966,0.03567721707963353
MAC002963,ToU,Adversity,0,0.11639631154348125,0.93566115785124,0.1621703710991027,5.567000001157024,1.6272556781627479,9.639566207233836,0.1534003507030939,0.049863271347410476
MAC003510,Std,Adversity,0,0.2964574474089187,0.988206627680312,0.18516887442796548,14.17867446530214,0.596359370797906,3.2642423935685763,0.33171841481803227,0.08229505166683396
MAC003143,Std,Adversity,0,0.25613129980509,0.8276845644295302,0.22831518305725848,12.28391610721477,0.8803279661027927,3.4782557066870794,0.3167344842271098,0.1352441411920667
MAC001399,Std,Comfortable,0,0.15751568149070563,0.598233944648318,0.10706739077664526,7.547363914067279,0.6150938938663789,3.56079141599072,0.34357433716555674,0.05591548741069742
MAC004297,Std,Comfortable,0,0.07875193641922819,0.21781114551083594,0.04719731551888962,3.765383900928793,0.5872782542585117,2.7023612747810457,0.4133697597762805,0.03421683408586339
MAC002081,Std,Comfortable,0,0.1555826234029308,0.633657370318725,0.1245768623561495,7.462250995816732,0.776414845439861,3.9829213802425842,0.2820649888951077,0.036846612003956836
MAC001642,ToU,Affluent,1,0.44148917262359577,1.479855359875583,0.30673709442861363,21.145838253499225,0.7569133206223307,3.662148796073375,0.3059998402209942,0.18610584659869225
MAC002107,Std,Adversity,0,0.10639725703812485,0.5301059388443019,0.10608861896590886,5.096414125200642,0.9906187355766983,4.964652442418865,0.22432896383785078,0.03519351093111049
MAC004951,Std,Adversity,0,0.06901611684659187,0.3568545454545455,0.08112720318916201,3.310001298701298,1.169903895133554,5.186238464227749,0.19951947525189612,0.010261627715885246
MAC004431,Std,Affluent,1,0.4484875666458205,1.2856283314165495,0.2686487597711815,21.44943898934081,0.5740661888681957,2.8222608885436435,0.3779573033706855,0.12667882490075186
MAC001129,ToU,Adversity,0,0.07506338411068553,0.2157337367624811,0.04391154265177094,3.5917564296520434,0.5689660461300724,2.8824583747381167,0.3642211400590259,0.01985120793115564
MAC002311,Std,Comfortable,0,0.16169521787529556,0.5196859265185184,0.09261339633733424,7.7373037042963,0.533678365062718,3.0509641030360077,0.38388404373847057,0.036627589858507024
MAC003310,Std,Adversity,0,0.11195715080533597,0.3808377864503817,0.06589491733325421,5.351656488740459,0.5594950538399882,3.2521319660661088,0.3539513544926945,0.02227196439549816
MAC000854,Std,Comfortable,0,0.1470632808995575,0.594639999851852,0.1249708640962763,7.038306666666666,0.8123332720383099,3.9236221542192564,0.2913216408676564,0.05214122140517588
MAC001342,Std,Adversity,0,0.026182624113475182,0.14390664272890483,0.026454604425743097,1.2556965888689409,0.9857328799545868,5.460290294212882,0.20169022590518712,0.006698084269779455
MAC002141,Std,Affluent,0,0.2538199668579098,1.0308502412238325,0.22665319751891055,12.152355877455713,0.8956657013720163,4.194449097411618,0.2708657163533356,0.12240173772934909
MAC004113,Std,Adversity,0,0.12285278291605199,0.5755567483128834,0.10702820651564612,5.885987730214723,0.8111918071085005,4.458780244622514,0.2659374408935526,0.04515193727336089
MAC002920,Std,Affluent,1,0.39713592219196553,1.6490543639209225,0.4179970674388377,19.031032947611205,1.0764223745440253,4.787582372441752,0.25685580792810175,0.2605108375500486
MAC003653,Std,Comfortable,0,0.2908712857062765,0.8233379450592887,0.19682881272589806,13.893031620553359,0.6644859640791416,2.811666749381687,0.370477149492771,0.06909431795958032
MAC001783,Std,Adversity,1,0.37557216150780454,1.2868499998214284,0.2528922466705869,17.97076249857142,0.6756419493463808,3.4529892956191004,0.31324503333109566,0.07981569043189382
MAC001502,Std,Affluent,1,0.3598978026345928,1.2876991998399998,0.2858735790608263,17.242462400960004,0.7838780591521131,3.6138899275023615,0.3160745027953323,0.16387504656222815
MAC002635,Std,Affluent,1,0.4685185854258411,1.3534206594311382,0.36637176824583145,22.45204640838324,0.7364318807938384,2.8377822863283915,0.4075434305061709,0.19876992810527233
MAC002458,Std,Affluent,0,0.2595338984227521,0.9487660210134127,0.18079876669207368,12.418888227123698,0.6525754014809123,3.516080480712168,0.331645510532242,0.07550863628088927
MAC003366,ToU,Affluent,0,0.10199198323901866,0.6930230324376199,0.1340204665614937,4.886360843761994,1.2052051820594338,6.52395648834731,0.18850706845869453,0.049242214116289575
MAC005025,Std,Affluent,0,0.09719403058751548,0.5108293972440944,0.10838069644187491,4.648839895931758,1.0695732906585091,5.0945530019120575,0.253253245126298,0.042008836354861225
MAC001475,ToU,Affluent,0,0.11557389952591385,0.8092000010769229,0.15308524726226672,5.5096369246153865,1.2850890639659178,6.94596927167662,0.18948875603537002,0.052069035579889636
MAC001210,Std,Comfortable,0,0.12267113856154983,0.5604628226100151,0.11063534962102028,5.878065250531106,0.8781100306409798,4.5667763574010545,0.26067453800306034,0.041751162362259404
MAC001377,Std,Comfortable,0,0.22723696101398652,0.9911024446483182,0.20411769459118784,10.884802751223242,0.8763761727435323,4.370055188074527,0.243041352762954,0.06610565037094905
MAC000480,Std,Affluent,1,0.5464876359983472,2.262094495627644,0.5400664759937063,26.18462341114245,1.0446396382563206,4.4304870679905655,0.2449904388858108,0.18720690257736927
MAC003075,Std,Affluent,0,0.07884422204108825,0.481687499695122,0.09595081437022397,3.774169207012195,1.1781262787252065,5.951690775983859,0.1865233123433119,0.030516435726622604
MAC004994,Std,Adversity,0,0.12080706433144038,0.46986292454308093,0.09386625619065213,5.78116971240209,0.7265148209073621,3.704076538707819,0.3155491064537142,0.04005051557072697
MAC003833,Std,Comfortable,0,0.1338275008713713,0.6191292927272728,0.11522867658397788,6.396565656363636,0.8196039737366713,4.443975564565147,0.2755568870635157,0.04871304883762654
MAC004382,Std,Adversity,0,0.12791412966647725,0.5608005581589958,0.0984035729644736,6.125093445188285,0.7509979290325315,4.26241726478436,0.26749298602665805,0.026666332170846137
MAC003971,Std,Comfortable,0,0.12917063612951396,0.4462665572847683,0.08849981245280256,6.188571193046357,0.6246341573739044,3.195906601328185,0.3678060332866309,0.03924824663715595
MAC001483,Std,Adversity,0,0.0652692497618247,0.39365793513097075,0.06310090546902584,3.1173636362095527,1.0910339598270797,6.905588037611665,0.26822824226569003,0.026678340575924712
MAC002622,ToU,Affluent,0,0.20508078828200288,1.3231287423652696,0.26694871601400894,9.798839819461078,1.310292405602881,6.683382155680285,0.17787465929418642,0.07508001201351132
MAC002705,Std,Adversity,0,0.1010435109174996,0.3967754751295336,0.0787556101346928,4.840941278238341,0.7532980094961257,3.833976912317455,0.2932733290679991,0.02543992058505385
MAC000413,Std,Affluent,0,0.1382728806579804,1.0643216292134834,0.16868169560839377,6.629771067556179,1.2435139127502253,7.9237335635052775,0.14923887641753023,0.03684778278280098
MAC003180,ToU,Comfortable,1,0.35192988573914186,1.1612878506542057,0.22757981744420586,16.8568168235514,0.6599866782425655,3.379155739719663,0.3209758218033713,0.09618033459230081
MAC002733,Std,Comfortable,0,0.12171092323644411,0.4487285064856712,0.08381801307262823,5.8213755653092,0.6691281766948776,3.600604003984235,0.323290482023227,0.02920623761076226
MAC000779,Std,Adversity,0,0.075349396548932,0.5474698966226138,0.11306368620302394,3.6121762107195288,1.0284677814346925,5.265536647311712,0.33896793531187724,0.053150598634547984
MAC005216,Std,Comfortable,1,0.33621349803380424,2.3749617395778366,0.5649703392029785,15.927893133509235,1.7564187153429918,7.672417950497021,0.13663913511320758,0.19061297869432087
MAC003094,ToU,Affluent,0,0.1658158456710494,1.33321221480916,0.2570326351606747,7.833061068702293,1.6548792775373267,9.429162486268932,0.1252508020863778,0.09778718607082974
MAC000060,Std,Comfortable,0,0.2235417710465827,0.8383239277300615,0.196067623874552,10.707496933251532,0.8788616184167959,3.786984692521651,0.2763149324312512,0.06652202181999209
MAC000487,ToU,Affluent,0,0.23547879084176154,0.8986971828169014,0.18467805037967927,11.279870423098592,0.745003045665189,3.711141262040263,0.3068871617972266,0.07341849291587925
MAC002631,Std,Comfortable,0,0.10204558304541184,0.7369910187125749,0.13146774070297532,4.886857784880239,1.2562039321745893,7.16209038192264,0.16013554192901341,0.030465068790222385
MAC004074,Std,Adversity,0,0.2558781159637145,0.6339663094946401,0.14622445779248155,12.190712098162326,0.55702614540515,2.4959693051552834,0.42109988638195384,0.07884516107029169
MAC003095,Std,Comfortable,1,0.42138225559444537,1.6584656532824422,0.33764835433812795,20.175325192366408,0.8072370167746493,4.019166687120466,0.2655751129371861,0.1429684073063335
MAC002921,Std,Affluent,0,0.14192861839414864,0.5213657331136738,0.10347129954464807,6.774075782537069,0.6679409510677619,3.4181252621531906,0.3652004571498513,0.04903595432239847
MAC004781,Std,Comfortable,0,0.045449730450583946,0.1119811322206096,0.023806649810562474,2.177280115965168,0.44255548455219457,2.39591762533082,0.599668439208545,0.03075161952191182
MAC003642,Std,Affluent,1,0.4912352256570794,1.7693023719367587,0.39431582125412934,23.48095652055336,0.8075130193432337,3.656718191031647,0.2847593877470075,0.09327788090693467
MAC003216,Std,Comfortable,0,0.2788928235464536,0.830964218644068,0.13878114119303372,13.356156309792846,0.4721330206581021,2.891855311413999,0.39839539552878606,0.04970460014117237
MAC000084,Std,Affluent,0,0.281337565084808,0.8058611794840294,0.13520126470689944,13.473541768304669,0.4590721774595795,2.793188600864354,0.3939882233234033,0.04930963822368652
MAC000269,Std,Adversity,0,0.06114928580701401,0.21273504273504273,0.04974095155879335,2.9314383394383388,0.8101194640213334,3.486997576783568,0.2966214078316518,0.01210907050606998
MAC002683,Std,Affluent,0,0.20383662475201172,0.6434737623688157,0.11221948170160184,9.740865066416786,0.5286857232362351,3.0410718474867533,0.38169325708212365,0.03588673441507859
MAC002241,Std,Affluent,1,0.3610017903626278,1.824763236323529,0.45449957510618566,17.27316323779412,1.3387809995475732,5.804894388901739,0.21746645597670985,0.25917814830649066
MAC002442,Std,Affluent,0,0.15382420709049116,0.7163947354385967,0.15112380910965156,7.3513684207017524,0.9612198164171248,4.593197998625764,0.25441273234275924,0.057399507099014646
MAC000213,Std,Adversity,0,0.1481370440566914,0.8148106792475726,0.15234612300818734,7.101877427305826,1.0151167928925384,5.576685594927635,0.20318769363843886,0.05389529897747327
MAC002906,Std,Adversity,0,0.1530492322098777,0.3837861842105264,0.08152863663141133,7.336707236019733,0.525251058971044,2.496976492652614,0.4155341600003639,0.052905447875937796
MAC002123,Std,Comfortable,0,0.16352968650474264,0.7564630223472669,0.17226443509381378,7.838387459003217,1.0642975559135388,4.782470717175147,0.24125327131148153,0.06078103594295285
MAC002918,ToU,Comfortable,0,0.3027780324362372,0.867972039473684,0.17319646928253948,14.386118420888158,0.5500111525852541,2.8007288487143978,0.390756317503562,0.09188657052029052
MAC001839,Std,Adversity,0,0.19157714297827727,0.6757030022116903,0.12388726141475329,9.163025277093208,0.6359847325544876,3.4856956909951817,0.3149860705391877,0.03513839032086396
MAC005265,Std,Adversity,0,0.06754167552218919,0.26271447543160686,0.047551923423052436,3.236807436918992,0.618798670637481,3.58585252679943,0.3831638675723032,0.04052024913227349
MAC004226,Std,Comfortable,0,0.09017275448328899,1.1147513909090914,0.19008150463257495,4.319311688126159,2.0383572149972826,12.115744161540821,0.10693033693448063,0.03465620975577032
MAC003786,Std,Adversity,0,0.19157307466505952,0.8775866929435485,0.1804068669819065,9.176745965927422,0.9165376010463439,4.503313975722454,0.24707754434934237,0.060829245141877174
MAC003388,Std,Affluent,1,0.601994060465579,1.9303692278846158,0.4672557569730506,28.85666731653846,0.7735500613779024,3.279141006105428,0.32350312356561656,0.21682542398939042
MAC003763,Std,Adversity,0,0.09515596769352196,0.812951904008016,0.16586016442033533,4.541364729659319,1.7346250244297687,8.58219039818947,0.13380395603265097,0.02557254419311627
MAC000726,Std,Comfortable,0,0.21452130710279269,0.9121832840175953,0.16758259070625195,10.27139882756598,0.7449502891804884,4.085869164992291,0.29260184393722233,0.04670411438317104
MAC000618,Std,Affluent,0,0.21370270605803268,0.5996197384615386,0.12227353997927842,10.211181421190132,0.5225925865124241,2.702852870316649,0.4273758983282054,0.06551642057579198
MAC002083,ToU,Affluent,0,0.22762252685714612,0.9822559980799999,0.23904785908235904,10.84665280112,0.9745134720333459,4.133352169247735,0.2814038594826759,0.15763462896815147
MAC000276,Std,Comfortable,0,0.3154968908794547,0.8006903147339699,0.16945674857500942,15.11151159727149,0.5508980046824974,2.578630222912632,0.4061135246972836,0.0641063342300253
MAC001390,Std,Comfortable,1,0.27259528938131267,1.947806744785276,0.3703984240749481,13.030217786196317,1.3665936949861306,7.309789974980054,0.1529715838076796,0.09775098340984074
MAC004552,Std,Affluent,1,0.24997845621812273,1.315564838279302,0.29087345131952863,11.976230672194516,0.8270446381177485,4.502064165297989,0.42408720116700915,0.3293438714755033
MAC002644,Std,Affluent,1,0.5308747094251656,2.47845658757485,0.46873784938575597,25.3226616751497,0.8854051495710701,4.70886449125613,0.24240806415937874,0.16900171215517582
MAC000497,ToU,Affluent,0,0.27104231007592766,0.8490580733711047,0.18031377954778216,12.971611898300283,0.6458684809666363,3.052154576890596,0.3624006067714522,0.0907419165844663
MAC003892,ToU,Comfortable,0,0.18180642604647934,0.7867520306910571,0.13432044407709084,8.694833331504062,0.7262847665506075,4.275956200708069,0.2659061983710747,0.028311557669500886
MAC004328,Std,Affluent,0,0.2094446243145203,0.7894353253129349,0.16873458598332558,10.023086228094577,0.781862929923349,3.666691887848385,0.31015815722819273,0.05427217447898208
MAC002476,ToU,Comfortable,0,0.2425776069380868,0.6646776608695651,0.13883618134811312,11.59512593688156,0.5772076083915381,2.7555900504256856,0.40171546104592476,0.09180723475401628
MAC000766,ToU,Affluent,0,0.14708485246145445,0.7019662258443466,0.12762819498108227,7.040220264023494,0.8693020105860876,4.766272872582648,0.24213447239115135,0.03506572707041655
MAC001953,Std,Adversity,0,0.042925805263962336,0.24742448330683628,0.04374402639727588,2.05162480127186,0.978762963847612,5.543289520386981,0.22918215302260814,0.009633546948855331
MAC001897,Std,Affluent,0,0.16322442862678319,0.8553275324367088,0.1788789122100086,7.801212026265825,1.0688067574921094,5.200413451545967,0.20613703156653343,0.045063352314028804
MAC001840,ToU,Adversity,0,0.12488018788945998,0.867620251898734,0.16482044766187426,5.9847199354430405,1.309947548951553,7.02843313340169,0.15841742707482714,0.037141653976678395
MAC001888,Std,Adversity,0,0.09248659540904552,0.2948702530063291,0.05607045277911028,4.432235759335442,0.5659683726295353,3.1171339220908774,0.3505087770082287,0.029719815178328463
MAC004440,Std,Comfortable,0,0.09894814240972435,0.3549186534361851,0.07548509219167347,4.7407671807854115,0.7438933567084671,3.4878499177192435,0.32193494252405336,0.02425360470841068
MAC002613,Std,Affluent,1,0.9015868562728454,2.124326928076923,0.4339622814952752,43.16216154807694,0.5039356082780837,2.427834077504685,0.43238326516405257,0.19328524767963443
MAC003200,Std,Comfortable,0,0.23444982599093803,0.6876150878143131,0.12216810227355575,11.209928433655708,0.5030946159581903,2.8469623651297096,0.41045033786005325,0.05664090060612362
MAC004869,Std,Affluent,0,0.1612256971630437,0.793341772278481,0.1649102831242602,7.720816455949367,1.0009527673516616,5.00149100333759,0.23630101398900358,0.07213020020932166
MAC001125,Std,Comfortable,0,0.23931975844962594,1.070404222775264,0.22431005687556893,11.45297284841629,0.9230269592638514,4.604723216581334,0.2351480789802595,0.10902883426042387
MAC003662,Std,Comfortable,0,0.2357795316036858,0.9037488023923447,0.17312588781963434,11.302255979186603,0.7184185747191437,3.795525134103753,0.2830660784925256,0.045468678713778486
MAC000890,Std,Adversity,0,0.15532237405028548,1.0317195839762612,0.19034067155220255,7.438952521068248,1.2126524069122495,6.676875720505799,0.16631120232491595,0.04975267678288068
MAC001904,ToU,Adversity,0,0.16769393254344553,0.7969414556962024,0.16066740772739477,8.023876582120254,0.8808764503370702,4.569074431634705,0.28184406453523264,0.07036809030664173
MAC001166,ToU,Affluent,0,0.2383669612679717,0.7277990938066465,0.12454159444940596,11.419140483987913,0.5149543369574413,3.045653585755659,0.35337927221364435,0.044009374480175334
MAC000867,Std,Adversity,0,0.2707692770376652,0.7737807402962963,0.17697429185345875,12.950211851407412,0.6553867416892984,2.8616220834282085,0.37249333411409696,0.052330538229848525
MAC003838,Std,Adversity,0,0.2639435265020775,0.8530808068686868,0.16508126434566245,12.627480804444438,0.5897546599192518,3.162422720841607,0.33622366492219913,0.08148248365149093
MAC003766,ToU,Affluent,0,0.22334123852533994,1.049739476953908,0.21816199799537883,10.659543081963928,0.9127717106895998,4.455272828553104,0.25309519226539146,0.08461923600427744
MAC001413,ToU,Adversity,0,0.06586353875088331,0.5879724349157734,0.10343069366221348,3.1591638594180704,1.5249714535712986,8.632189801384888,0.14460764972607146,0.023313877802015007
MAC002113,ToU,Affluent,0,0.12183237604350347,0.7653938905144693,0.14168267000834275,5.839257234405144,1.0966402001631648,6.037610923490798,0.21049950675014922,0.047450747306168654
MAC000749,Std,Affluent,1,0.32685173455549443,1.5191204088105732,0.36417133019646386,15.672954477679884,1.1385424416329337,4.8768541102689085,0.2208783347878687,0.1149050672857291
MAC005290,ToU,Affluent,1,0.6554358963139342,2.5655006652870496,0.5840595442135279,31.381947926969293,0.9298276315201713,4.158818641330198,0.25636576229853825,0.23546659952313165
MAC005432,ToU,Adversity,0,0.1510156968206556,0.4788820956331878,0.0936263064660016,7.233975254294031,0.7436291592943732,3.7600220033620135,0.3287919269519145,0.09143564069373707
MAC004112,Std,Affluent,1,0.3249809315692917,1.7442269927914114,0.3640855719399667,15.578940184509197,1.2768508412364303,6.651157083374514,0.17432337073917595,0.27691589606641676
MAC002781,Std,Adversity,0,0.08167971626402734,0.3889122537065054,0.06861849092776984,3.8986217848714073,0.7805831188657589,4.3876880883462785,0.2804103172626078,0.019243419373149377
MAC004573,Std,Adversity,1,0.2557245935754875,1.3106079898876404,0.26318578581506136,12.180746567166041,1.2237662843591257,6.294935456159599,0.2799013800337604,0.16586551447911224
MAC005082,Std,Adversity,0,0.11316801941226586,0.39158346333853344,0.08113342941164252,5.410118564742589,0.6859438008048266,3.298525423010061,0.3624594137747025,0.033572339896705716
MAC001836,Std,Affluent,1,0.7685599498919319,2.3462590789889424,0.5269344588143425,36.70210899636651,0.6952823507590289,3.096521731218237,0.34942979327373913,0.27200981469467483
MAC000668,Std,Comfortable,1,0.31298396610112805,1.9460616300198799,0.4611241085206602,14.996827034990064,1.5484239449934367,6.906582548621055,0.1835578567727714,0.1963089903294837
MAC005130,Std,Comfortable,0,0.1167753481566715,1.3807796867187498,0.25155550246737096,5.595160936562501,2.1805596056732433,12.031547690184784,0.08911720202785041,0.02516675547247691
MAC002667,Std,Comfortable,0,0.2881785493056503,0.8630794587706149,0.15190132083503122,13.807302847826088,0.4657444478267117,2.8218524631392756,0.4319135882561725,0.10617921499816493
MAC005243,Std,Comfortable,1,0.3026969378332738,1.9484291407947014,0.2870948397674252,14.500188080264902,0.9672964789124008,6.581864801133539,0.16596425098493126,0.054960132899105237
MAC002080,Std,Comfortable,0,0.27054011294393715,1.158070626484751,0.2533795527417052,12.964536114767258,0.9246627555687925,4.290171033011901,0.2548101205937858,0.08843732771040891
MAC002044,Std,Comfortable,0,0.1485595044430536,0.5618258782747604,0.1124317260580058,7.117156549201277,0.7310491088205776,3.8236169643436697,0.2960121468082097,0.061215079215433864
MAC004139,Std,Affluent,1,0.3468882257179488,1.2643153853846156,0.30962919057575633,16.625623083230764,0.7969961506731044,3.46352061035099,0.33183352564745533,0.17652978965920593
MAC000743,Std,Adversity,0,0.2826381647044006,1.3805183558002936,0.24346106133000944,13.527309838766525,0.8454676407484366,4.892416311238327,0.23086678178344902,0.06443316152540593
MAC003938,Std,Affluent,1,0.30676556740687827,1.767482644132231,0.3910135230984877,14.695361984958678,1.2585725123863554,5.781491119693482,0.1874279794740679,0.10353493572451242
MAC001180,Std,Affluent,0,0.08407283991319316,0.3534786583841463,0.077689392105044,4.027326218902439,0.8419427227064579,3.8451546869266062,0.3090742163763596,0.06236685381512914
MAC000681,ToU,Affluent,0,0.2733053222815762,0.8530980967789166,0.17134282331351114,13.074860907906293,0.5934856762630489,3.0519019476052556,0.3595311042555321,0.1143806751638335
MAC003652,ToU,ACORN-U,0,0.18615023335237466,1.0987252968379446,0.2185939923284394,8.9016264812253,1.148373721905993,5.847926463643651,0.18531560255063986,0.05200102841584734
MAC001735,Std,Affluent,1,1.1662129229185996,2.7970970275430362,0.7075604346679407,55.679544619718314,0.6124670427657839,2.4350826412740147,0.4222315949851483,0.2873089232789613
MAC002378,Std,Affluent,0,0.20542660121957199,0.5641243779436151,0.10499620305368232,9.819271972802653,0.5233510535321879,2.790502257536109,0.39761268592519816,0.048115734449662266
MAC000940,Std,Affluent,1,0.3292699072981943,1.2750840809309314,0.2779596622320479,15.635758256456455,0.8044699514681094,3.7581226468269975,0.31543015928312973,0.14998131096440773
MAC005050,Std,Comfortable,1,0.37992324545381506,1.418401868847352,0.2916401242524042,18.06892211557632,0.7629585039237802,3.7584966209769717,0.28452640642348986,0.09118335930214244
MAC001245,ToU,Affluent,1,0.2164894779862036,1.855027149321267,0.4471986589990212,10.353479645248868,2.0286117950338465,8.47825181559751,0.13760925731611473,0.0642310094934477
MAC001786,Std,Comfortable,0,0.21616840566298495,0.9538751998420221,0.18865238852949107,10.34956398388626,0.8357428550303682,4.352430871112876,0.25052008056725705,0.05977835731843933
MAC002654,Std,Comfortable,0,0.10971185217311555,0.3972188899550225,0.06988158918538254,5.238619189805098,0.6324575190389119,3.568874388069451,0.3213417231786179,0.031249167818579667
MAC004206,ToU,Comfortable,0,0.095577151543724,0.376757341576507,0.07485342855468544,4.573488408037093,0.7702737224844401,3.9222783864152984,0.28437051417299203,0.02117810510868884
MAC003445,Std,Affluent,1,0.43355895154365853,1.4298914726744187,0.3085747601064245,20.773335272868213,0.6701713398454963,3.225568241582906,0.3506977497092887,0.2173103250755122
MAC003393,Std,Comfortable,0,0.17454598977804595,0.7106788475000002,0.1567251759509237,8.360625001538462,0.8411990009269682,4.051697834835182,0.28500966776354647,0.08933874013937486
MAC002766,Std,Adversity,0,0.06008283681653557,0.16685627836611192,0.039113376162675156,2.8671467473524963,0.6454247486439416,2.782905913345952,0.3773260897054611,0.008582266191146451
MAC000172,Std,Affluent,0,0.08913389554598808,0.29966823161189365,0.06590348026244465,4.263156494522692,0.7961568475302702,3.739809833798581,0.3232983688076015,0.049404916272095416
MAC001192,Std,Adversity,1,0.46607527478753197,1.7998469725757575,0.33973519347664005,22.306484856060603,0.722734813260674,3.8769707360828494,0.28979515000954137,0.11313195650388018
MAC003320,Std,Comfortable,1,0.3992610519124697,1.2055621439770556,0.24737511629573286,19.14131740038241,0.6045289621408619,2.9928554645168113,0.35307735906302096,0.09830027925198329
MAC000384,ToU,Affluent,0,0.08456291222231603,0.5023152777777778,0.08104867023206601,4.048991666666667,0.9287360928985139,5.780160027278295,0.20866493569802216,0.017086484610560528
MAC000407,Std,Comfortable,0,0.06784137106156907,0.727606741011236,0.11671885554241462,3.2493792133426966,1.5398218222469522,9.613489369356403,0.18234563624285946,0.02348473387512692
MAC000538,Std,Affluent,0,0.10682012015775573,0.3790897250361795,0.07789249545013083,5.105020260492041,0.7099179850797671,3.494285295907438,0.3134319354914342,0.03260898492482342
MAC002426,Std,Adversity,0,0.1362661592045686,0.5458928575396825,0.11418521954839149,6.534490080158732,0.8278123874395925,4.018660832448905,0.2701305338267297,0.047390247862832864
MAC002999,Std,Comfortable,0,0.18529177287580342,0.6752413185763888,0.15667789586003586,8.85014756996528,0.9225186768990157,4.051127387206637,0.28016016786738396,0.11987141348754286
MAC001869,Std,Affluent,0,0.21236040138869278,0.9856044283227847,0.2180278164452406,10.131632906962023,1.058393722886282,4.95117410129697,0.21971672909126708,0.08318143926614249
MAC005102,ToU,Adversity,0,0.10479720987361836,0.4053291734789392,0.07593071278514313,5.012851794383775,0.6888856615125166,3.678751687219284,0.32008873020959955,0.024604241418090877
MAC005173,ToU,Comfortable,0,0.30837357705663176,1.2022507843260186,0.2353306233689564,14.76841065987461,0.7611914591207455,3.9133263137779952,0.2675343257984905,0.05155783211566951
MAC000703,Std,Adversity,0,0.2510181015997093,0.6357126099706746,0.12690022242841908,12.01178152419355,0.5048222899942862,2.5341951003281644,0.4170852149443376,0.06726123061859299
MAC001860,Std,Comfortable,0,0.27979864105180713,1.0311958922590836,0.20073440163117243,13.376932069036338,0.6481502866428559,3.4898467912842484,0.35358451555923315,0.12185592485878258
MAC003954,ToU,Affluent,0,0.11592562475403385,0.5239223140495871,0.09968578272800117,5.548795041322311,0.8470841100028322,4.395826310587282,0.26227858752066546,0.02672978143777242
MAC000907,Std,Comfortable,0,0.22054470444687263,1.0137934610698363,0.23503337391285417,10.563843978751855,1.039424848081605,4.589274405120575,0.2487047027006775,0.09321213653955233
MAC002346,ToU,Adversity,0,0.16427939388890558,0.7300473362426034,0.16377770360896848,7.844985206213015,0.9826062519877681,4.439356495673515,0.24209246548191865,0.0489281725446343
MAC004161,Std,Adversity,0,0.21459799947311406,0.7264169230769231,0.14151003530706185,10.252984614615384,0.636441954570289,3.353297600501219,0.3256304231731358,0.05338465139035955
MAC005132,Std,Comfortable,0,0.1352816788200612,0.4446093751562497,0.08763072040946691,6.478992187656251,0.620899069957047,3.1562449591369166,0.3586419872251488,0.0312768618815272
MAC004290,Std,Comfortable,0,0.27067755308964203,1.007936435813953,0.17303910490912325,12.946772094728683,0.6332379298674399,3.6877764920905705,0.30549701588464667,0.0447897703452366
MAC004057,Std,Adversity,1,0.29087224376301113,1.7389635150912113,0.40978009767307544,13.876835824543948,1.648022644307096,7.791332638993351,0.16308189510074628,0.19018650754965896
MAC004556,Std,Affluent,0,0.12287970377690528,0.3899526184538653,0.0883478455877247,5.886730673316707,0.7231192260099712,3.209313269812165,0.3259296274579733,0.020563550512608695
MAC000877,ToU,Affluent,0,0.13088945425363113,0.417992581454006,0.07497251730295562,6.259962907863501,0.557090638761289,3.1464452763090893,0.3601273196526732,0.051118948928766235
MAC005080,ToU,Adversity,1,0.406636570337018,1.58192812796875,0.4042121280929346,19.424124997187498,1.160665250186644,5.38862400275752,0.24877209769990533,0.30243910671911706
MAC003896,Std,Comfortable,0,0.2414784044571477,1.244266258333334,0.27018742559900033,11.554774389430893,1.1336491987271329,5.3782856045351854,0.19807541063200965,0.07194881360848226
MAC005389,Std,Adversity,0,0.13801433219340745,0.44358344640434183,0.08678811822500383,6.613507462686567,0.6192568182342341,3.184535385581087,0.3467606812737707,0.029801063393159768
MAC004205,Std,Affluent,1,0.2762464697935561,1.271243825462963,0.2666079328734884,13.195791665277781,0.9564793152581752,4.6372031561712825,0.2359507056586182,0.10352776166876088
MAC000831,Std,Affluent,0,0.21586612356041499,0.986339258074074,0.21197660829092957,10.325429628296297,0.9545713684142354,4.486193746580053,0.24132556403877684,0.06821465925328662
MAC003186,Std,Comfortable,1,0.3885416572533846,1.5547121500934578,0.3333719808587938,18.514448601495328,0.8458015476350387,3.9917252395679013,0.2672203627120368,0.07862228508724696
MAC004733,ToU,Affluent,0,0.11601273400611745,0.5528197423462088,0.09505758149549465,5.547602288841204,0.766605993108046,4.548154112247488,0.2760295865923313,0.02827091743652099
MAC004335,Std,Adversity,0,0.09589934763891649,0.29419610570236443,0.05398759716828475,4.5934867872044505,0.5497868552136125,3.005976483609974,0.36541937416016684,0.01599124605483124
MAC000110,Std,Affluent,1,0.34255992275450087,1.4386461166461162,0.31157154377593543,16.387203451048084,0.9087852286994843,4.262062086193708,0.2505093307587174,0.1038596941429297
MAC001373,Std,Adversity,0,0.08845852484438373,0.3166651376146788,0.05356286977472601,4.237340978593272,0.5759341949619808,3.430353068803784,0.3286380694016131,0.015911829916724022
MAC004724,Std,Adversity,0,0.25968837926800203,0.8841731062947069,0.14782839574468243,12.43840200457797,0.5520662413354689,3.3310459846783345,0.3498534178734595,0.04586610248657519
MAC004551,ToU,Comfortable,0,0.11696945322688035,0.8603192026184541,0.14162610150178565,5.607345387157107,1.205229755525386,7.3417998852127075,0.1490348385429303,0.01774109060924458
MAC004000,ToU,Affluent,1,0.5819771309485693,1.5442682130794703,0.3738867832994885,27.87451158493378,0.7069191347631685,2.9584480518211214,0.37068793721992105,0.34717732463201095
MAC000820,Std,Adversity,0,0.15458920143400293,0.7219792912721895,0.14559035890824673,7.37848225014793,0.9148011231318878,4.605954989781329,0.25217980377745014,0.06243050092217257
MAC002007,Std,Affluent,0,0.2516898236467418,1.069218503987241,0.31621965313128986,12.059700153588519,1.302256785934728,5.283060700784011,0.22302097766072593,0.2219965992076374
MAC001167,Std,Adversity,0,0.2117491712465985,1.0723912389728096,0.19276509800330757,10.12327341389728,0.9224374909019637,5.11388499939153,0.2212584385566705,0.05701673384440631
MAC001795,Std,ACORN-U,0,0.10010928967327119,0.3535646686119875,0.07828238443299897,4.785981072397477,0.7437637358959717,3.4518039242851803,0.3090615805938246,0.03172486801109325
MAC004748,Std,Comfortable,0,0.17222511493738352,0.8430543650929901,0.1818723238707818,8.255360517596568,1.024570665364736,4.7396000702894465,0.23786483223310442,0.06273265002267744
MAC003115,Std,Affluent,0,0.15690651365939554,0.7891498466360857,0.1760503954691108,7.518316514067278,1.0047238022972595,4.772018065936245,0.2869951456435571,0.09006578951415897
MAC000978,Std,Adversity,0,0.14776849434398298,0.8177835818407959,0.15566340987874178,7.049475123383086,1.0194593068931637,5.389312207027134,0.21913380704325494,0.039422108887400706
MAC002802,Std,Adversity,0,0.19368277051177785,0.9457987924357032,0.19289055704670655,9.263122544629347,0.986055161836734,4.932078091375788,0.24424919950366691,0.0906142750137526
MAC005002,Std,Comfortable,0,0.15061253010712677,0.8067937330287206,0.17202910125821208,7.215006527023499,1.1114309338288826,5.333379496262435,0.2111349473643415,0.06695018738590525
MAC003698,Std,Adversity,0,0.16287277773262135,0.5577125748502993,0.10706036566249715,7.777636726546905,0.649231368156759,3.3992326931369563,0.3196068952076432,0.023308330239288404
MAC001655,ToU,Affluent,0,0.06354520915691905,0.35109642317262824,0.07066294506595919,3.0426905133748066,0.9895348300728963,4.887903310038581,0.279786926102003,0.03983238311678399
MAC002501,Std,Adversity,0,0.13034031866038062,0.44265837479270337,0.08604119167763871,6.2324195688225545,0.651432347483885,3.341835244762791,0.32577242557344877,0.0161665488957627
MAC003593,Std,Adversity,0,0.2259182799742497,0.6589350387795275,0.11597989105266616,10.811515747440948,0.5190253500857315,2.9609316575254585,0.36628826179652735,0.05259110049453989
MAC005458,Std,Adversity,0,0.24454061451898082,0.8853605827737225,0.15110109557538007,11.701581020729929,0.6131470238024267,3.627651284659906,0.2941724681623295,0.037342286203989876
MAC005500,Std,Adversity,0,0.204492999466406,0.6907412269005847,0.11039664036054407,9.786415203362576,0.5379683202370978,3.3304345703682574,0.3614658818973076,0.026389947829426365
MAC000004,Std,Affluent,0,0.03539414081921676,0.23617496244343886,0.07236389535609344,1.6917828055806934,2.0599229756147657,6.706815675228944,0.15511686243680148,0.009026693896085451
MAC000634,Std,Comfortable,0,0.07481145227228683,0.2856613370639535,0.05190559402522979,3.5849578486918605,0.618258240160985,3.3060349906900366,0.3985274698939943,0.033737009132144155
MAC000052,ToU,Affluent,0,0.14394130254131018,0.6259325985294117,0.1583169478916244,6.887979165318627,0.9514935992765107,4.422349852842073,0.26410363797231107,0.09776160413874896
MAC004077,Std,Adversity,0,0.14320888807072182,0.49404134762633994,0.0972273730008194,6.832534456049005,0.7345556309318623,3.745733772391573,0.31586487532674457,0.12131253999274011
MAC005408,Std,Affluent,0,0.14530281422740346,0.5234782017711171,0.10321583729142665,6.96300953692098,0.6823101935930944,3.4507738160156864,0.3464427192148648,0.047929148546236935
MAC001631,Std,Comfortable,0,0.20520948543065662,0.7358785042056074,0.14816613847317453,9.809716509813082,0.701187877191632,3.5463223014297167,0.3086601079553078,0.06091921876592687
MAC001935,Std,Comfortable,0,0.1982664735865319,1.0777837820349763,0.2396228088302416,9.472492845627983,1.2847816655704205,6.226740119128146,0.2094023453708927,0.11937910165139234
MAC000400,Std,Affluent,0,0.10139297303854838,0.48383032058414444,0.09477078452930672,4.8511516,0.7953750734280368,4.245727160119695,0.3418737018629403,0.05705244948567512
MAC000649,Std,Adversity,0,0.11438066024621389,0.5009084303779071,0.09349565518402733,5.475725290843024,0.7937867370926344,4.307238082943446,0.2533746400073739,0.02704714590371315
MAC001992,Std,Comfortable,0,0.13472530173366276,0.7504076441082803,0.15568834077252633,6.431308918152865,1.130829853360521,5.517986862102719,0.20158437328145426,0.04147348150540116
MAC003904,Std,Comfortable,0,0.3309496951388889,0.8624776436991869,0.1461946733304073,15.834815041463415,0.47742184093413603,2.768541182199387,0.4100997690599999,0.1401974687711169
MAC002372,Std,Affluent,0,0.14953345477043878,0.598334324219911,0.12452350610751156,7.136355125557207,0.7560223206789283,3.696448753040346,0.3346673322520622,0.07147558107886814
MAC002217,ToU,Adversity,0,0.10173946519171281,0.8983142402618657,0.15813991188005933,4.872998365139116,1.3066967563048673,7.642383084105139,0.18468390446196806,0.07220274026805068
MAC001566,ToU,Comfortable,0,0.09140316348053776,0.2659382714506174,0.05239876631983075,4.37276234537037,0.5604484723070203,2.850558649934176,0.38436572719581463,0.01574218520372633
MAC001639,Std,Adversity,0,0.18243411711668484,0.8089160183514774,0.14798787972436311,8.726488334681184,0.777785813097021,4.285946093273851,0.2797832045758746,0.04603931338119972
MAC004118,ToU,Affluent,0,0.11537612318811337,0.7002653378834356,0.13632717273306177,5.527582822546011,1.118197582859496,5.9217055095809785,0.21563826221698076,0.05117202147746403
MAC000393,Std,Affluent,1,0.35250574658546485,1.229060286879433,0.26434727846407285,16.886918437588644,0.7442103456626207,3.5044373324946774,0.29594328009343807,0.07757182916978016
MAC000324,Std,Affluent,0,0.05934336460235642,0.4160261349381017,0.07555687318084282,2.8395323247592836,0.9667322127018253,5.233393244800559,0.33406669710015147,0.03443522076868401
MAC002493,Std,Comfortable,0,0.2871718113618494,0.851270316252073,0.18003233000606392,13.756333333830845,0.6243615267663015,2.959582417468662,0.3543367298265214,0.06143512217871917
MAC002855,ToU,Comfortable,0,0.25639945052272284,0.9659318994623652,0.20951414412561914,12.279082434229393,0.8350412487653696,3.9628299195612415,0.30246512654428676,0.12384719800673602
MAC003696,Std,Comfortable,0,0.10069088390763921,0.36077754677754675,0.08483812457969343,4.810879417879419,0.8444615359067158,3.59833501879945,0.2973527378364082,0.02520017675076243
MAC000936,Std,Affluent,0,0.09538821812581935,0.2911089552238806,0.055576563692751844,4.55969552238806,0.5418732493961005,2.8898381973610507,0.40581351440852514,0.022198744908118215
MAC005314,Std,Affluent,0,0.24484125727841635,0.9554490628686328,0.1983327551174424,11.738100536461122,0.7972262183345592,3.8998679129796168,0.2821055315898693,0.07255894925224074
MAC001533,Std,Affluent,0,0.16182756962458822,0.8710893687211092,0.17364267228288707,7.754263483050847,1.0609616457095785,5.50176070718823,0.20835615929002846,0.0647865793047806
MAC003704,Std,Adversity,1,0.37970976563447334,1.4844930087824355,0.30985582630969016,18.18627344730539,0.8374458505637075,4.0527178751067146,0.2785299174665314,0.14096731615256916
MAC001434,Std,Affluent,0,0.20015220343192128,1.0835206748851458,0.23930563351233328,9.59214854578867,1.1811971257616138,5.459579637382316,0.21002774424861945,0.07226737735266624
MAC005464,Std,Comfortable,0,0.287532808588249,0.9170875937226275,0.13666475886292634,13.764478834744526,0.46924427169427496,3.17273877532773,0.3460703758517256,0.030262723200623814
MAC001207,Std,Adversity,0,0.04998150358492442,0.2889498809069212,0.053014477811307255,2.39687112195704,1.0726935563193543,6.009456780838204,0.19979652535780357,0.024188162041355432
MAC002785,Std,Adversity,0,0.21977363956462895,1.3179546143721634,0.2105161033074499,10.518361573524965,0.8809497921895362,5.525936944625178,0.27062747405055343,0.056721721482707946
MAC003656,Std,Affluent,1,0.3694514262082195,1.313822132213439,0.27379014896298626,17.678541498616603,0.6971935318217415,3.415053692684361,0.326129700333041,0.11391052667147808
MAC001589,Std,Affluent,0,0.10313912447856056,0.7118854495356036,0.15080300765180119,4.931462848606812,1.3573692933356383,6.233999187858483,0.2321469851463002,0.061651283918868524
MAC001832,Std,Affluent,1,0.4988699591396395,2.326317258629442,0.5896359924311798,23.91882233045686,1.0774697376088953,4.739253929165743,0.28193869146950357,0.4676502105238059
MAC001190,Std,Adversity,0,0.21201239246626122,0.5370303027272727,0.11367890452791107,10.091736363333332,0.5471365905436206,2.552509213046136,0.43048120824968966,0.043587087530529575
MAC000823,Std,Affluent,0,0.3196126697798493,0.9913940736296296,0.18843623316941618,15.28141481466667,0.5806023932887141,3.0551324804068987,0.35598191133036716,0.037126687207490884
MAC000615,Std,Adversity,0,0.049318942479436544,0.22759796806966615,0.05023026556265785,2.3628316400580553,0.9765656239736805,4.45141082383815,0.24807982180625202,0.01279110138166785
MAC000793,Std,Comfortable,0,0.09924968686652075,0.5514411760294116,0.10547394237815051,4.723454411470588,0.980447467313322,5.198063500331239,0.23755905528368854,0.03494361563340655
MAC003136,Std,Adversity,1,0.29784127433193,1.7945771800335568,0.4349248871697893,14.28399328003356,1.5559823953842047,6.869868769287731,0.1691612037762924,0.1634777622903419
MAC004618,Std,Affluent,0,0.2246763609244081,1.0963372287145243,0.24959586022830957,10.762227043071785,1.0795112357765733,4.9310382763662135,0.2202252760542201,0.09379406095821997
MAC002724,Std,Affluent,1,0.3300978345396916,1.4380045242835595,0.3163901609207886,15.816010555656106,1.2427725364174806,5.4236894724606275,0.25118002848628135,0.3421813788250391
MAC004436,ToU,Affluent,0,0.10145748686465347,0.5895105190743338,0.12558081567544876,4.860694248807856,0.9418640067678186,4.6911229958091685,0.30186888472283663,0.07291604454840668
MAC005084,Std,Comfortable,0,0.12240566579481242,0.44204018912529536,0.08602541542616939,5.836404255319147,0.6837009851168943,3.5567813648913345,0.3038911262169614,0.02921839329567676
MAC005325,Std,Comfortable,0,0.21444175385679534,0.8696935491935486,0.1816446084976505,10.259958332661288,0.8318303942267437,4.01346904352991,0.2732693123189516,0.05412658337550955
MAC003687,Std,Comfortable,0,0.26050581462740724,1.4605159318725105,0.25831327345776,12.452511945816733,0.9559723694301347,5.408853409663882,0.24357407280329083,0.08010113210849995
MAC002268,ToU,Affluent,0,0.10074650089943236,0.534260741037037,0.10737357897924421,4.814376296740741,1.021660121601583,5.254384642039702,0.21002196464769743,0.04102272475944704
MAC003831,Std,Comfortable,0,0.16072410959897437,0.40942626282828276,0.08533393998592531,7.696240404242426,0.5392864884739024,2.63290940751345,0.41402103392547296,0.057016533244296494
MAC003105,Std,Affluent,0,0.11900680234215472,0.40234656473282454,0.06718116535175202,5.702027480763359,0.5557886657401406,3.3261365995116634,0.3326256153646133,0.0103245007098572
MAC000023,Std,ACORN-U,0,0.2989996639654128,1.1031615670746635,0.2520239471232998,14.325474907588738,0.7921662328027522,3.5711554348171317,0.31881022012673593,0.1213006327879182
MAC000677,Std,Affluent,0,0.09386798938437518,0.5607818449487554,0.11344310360166054,4.495048316398242,1.131446176304517,5.605733588813901,0.23536327818877703,0.04109365606802805
MAC004504,Std,Affluent,1,0.5665693173595066,1.4210037296894407,0.2449079225979826,27.130248449565215,0.42186523837319473,2.483014028734275,0.4270639820384918,0.11072840807260606
MAC003629,Std,Adversity,0,0.09013394534492551,0.2167720739219712,0.038866722075996764,4.31435728952772,1.047305346110033,6.570970177768613,0.4666752112444931,0.07199233938599944
MAC000048,ToU,Affluent,0,0.13958576990611238,0.7007450980392157,0.12715095174611493,6.690400736397059,0.80746169941771,4.663485290567655,0.30210581225562444,0.07586596231506859
MAC004122,ToU,Comfortable,0,0.052001882344641065,0.4708588958588957,0.07565671239892685,2.489398773159508,1.4331641428853608,9.110843953935204,0.1676004802348924,0.017316556178057257
MAC002694,ToU,Comfortable,1,0.2849763440489692,1.2562552551051052,0.270182670477932,13.643411412312313,0.9410224954085504,4.447751265167986,0.23700858164807023,0.07184351907479243
MAC003453,Std,Comfortable,0,0.23667244368565826,1.0003158912790697,0.2089400455978871,11.333296511821702,0.8612713125745826,4.163078560036884,0.2683296148925071,0.08280674579311517
MAC005562,Std,Comfortable,0,0.21789919555681247,0.8346757161387631,0.15952238072280783,10.441176469683256,0.7355012414197439,3.871991222399043,0.29220181289443553,0.0699219534500852
MAC003922,Std,Adversity,0,0.1301699096345021,0.5161738243353784,0.1143226739321981,6.2304294486707565,0.8204400587922155,3.6865945229216868,0.3055166053262009,0.043468449400662613
MAC002370,Std,Affluent,0,0.19589063966704612,0.8330668658246655,0.18339191275654493,9.377181278454684,0.9186919011505029,4.331617997278186,0.2591262212102084,0.08935662518666752
MAC005343,Std,Affluent,0,0.14301589476010987,0.5468475033738193,0.12296260381561255,6.8436788124156545,0.8720452997311188,3.916036831689175,0.2756380600298832,0.03766387292745278
MAC000700,Std,Affluent,0,0.0456361055695403,0.3278444814381271,0.07114184227992207,2.166063544816054,1.3697872086387801,6.214430813353504,0.21662962224332602,0.04938023429974232
MAC003120,ToU,Comfortable,0,0.20555437707012134,0.9145160302290078,0.1851484037765131,9.84331450335878,0.8822943618595482,4.415817253243154,0.24744047193880425,0.06415567123057668
MAC001171,Std,Comfortable,0,0.267891723969968,1.2038532523449321,0.27960928915846767,12.834063541754917,1.0389392187779165,4.602336649955502,0.22956817759339226,0.10661497313230342
MAC000394,Std,Comfortable,0,0.18516093666745775,0.8815652772222222,0.17928844321620213,8.864352776527777,0.8479455799765448,4.322294646134432,0.3276717701197578,0.0801125178780545
MAC003258,Std,Adversity,0,0.08569672472599849,0.3704536865784499,0.07034396200176629,4.105364839697543,0.7571087490782995,4.0614138990705415,0.29240056199195347,0.034298654749717015
MAC001713,Std,Affluent,1,0.4150631758409731,1.5260031276995303,0.3509840569745136,19.838475741627544,0.8325765600978091,3.6670162915979163,0.29225220227212595,0.12475153361737436
MAC001722,Std,Affluent,0,0.06827747398245786,0.21046081489028215,0.0401635460801569,3.2574827584639507,0.48116002071452363,2.7455536540316228,0.4739042247823636,0.0377794858341624
MAC001557,Std,Adversity,0,0.15755395518738716,1.3717503902927577,0.2093269528000639,7.538745767488445,1.2421884977321669,7.999607796248566,0.2501555480185018,0.030221280951117382
MAC001749,Std,Comfortable,0,0.31926763974660394,1.0358667713166145,0.22075692974881647,15.28686990532915,0.6763154044954724,3.2454265941710028,0.3293268338019598,0.08305564150738458
MAC000494,ToU,Comfortable,0,0.10886304603484831,0.6461496813694269,0.12217617149002696,5.21942834410828,1.0831536836529678,5.852325274484191,0.2126145425459229,0.047230188334789494
MAC002489,Std,Comfortable,0,0.30408383204189066,0.7526633494195689,0.1452502454142196,14.55871807562189,0.4764162112780974,2.4779903125761007,0.41979754125552776,0.04203309995014651
MAC001058,Std,Adversity,0,0.12235301002668937,0.5899939668174962,0.10160383539007198,5.861705881749622,0.7768212087619695,4.528093939056612,0.2683391805874614,0.03633692008749806
MAC004677,Std,Affluent,0,0.05991650554085436,0.2756398658291456,0.0496362424041649,2.8705092123953104,0.8724749591518179,4.954471156591098,0.3183714739042075,0.05000643564019612
MAC004675,Std,Comfortable,0,0.196200214811784,0.8090284282608695,0.17722983400778727,9.401326086956525,0.886296337054889,4.131304795951082,0.263440606920241,0.06842443818035866
MAC003961,Std,Adversity,1,0.4224131448140786,1.7753675521523182,0.35971415681504115,20.09624006258278,0.8514114769247528,4.199694126197109,0.26120914567290365,0.1261200790941483
MAC002892,Std,Adversity,0,0.16996912531837624,0.8321842118421051,0.1775287722773346,8.113570723848687,1.0458410246498218,5.133762868083591,0.23218063151224766,0.07991804490902696
MAC005245,Std,Comfortable,0,0.24824432639832172,1.1533205312582782,0.28047590698919544,11.8826596007947,1.0979221997370714,4.806162417030122,0.22805635587344222,0.12439861695592207
MAC002068,Std,Affluent,1,0.35822275380035934,1.217115587915937,0.3193254736694498,16.839238180385287,0.8972098909983403,3.428131691518429,0.31378640482844294,0.1483999411320016
MAC001337,Std,Affluent,0,0.09095429794487758,0.5465917434250763,0.09776227574336765,4.335448012691133,1.020624175673222,5.7275946209540205,0.23824219480746608,0.027153331434378012
MAC005426,Std,Affluent,0,0.09103368173924214,0.3575560409024746,0.06827763578212157,4.360256186462882,0.7455462596853157,3.920959215764996,0.28471503956152067,0.026089792100433308
MAC000849,Std,Affluent,0,0.13973456019314232,0.8348562958518521,0.16142274004867033,6.691354074222223,1.10250062488672,5.718386403308849,0.20926458929830077,0.045669638114080736
MAC000450,Std,Affluent,1,1.512527346549329,3.0601303229857826,0.6136696561858098,72.24917297535544,0.40095048952352486,2.0373313395211756,0.500462058551289,0.37072734240722366
MAC003433,Std,Adversity,1,0.312839880108857,1.1595872116279071,0.22455986722559215,14.992211243410853,0.7131698041700051,3.772004560567085,0.28539131967519327,0.09423775561050678
MAC005144,Std,Adversity,1,0.2998058628669502,1.3449796555555555,0.25232506820124156,14.355101719718311,0.8592986263566421,4.6032578799110535,0.25285474973941363,0.06522477233074933
MAC004257,Std,Comfortable,0,0.2246478534431304,0.9184246908641975,0.20503550083761227,10.722622225185185,0.8389900339440491,3.9580193866079516,0.3188461741810682,0.11098285862851714
MAC003984,ToU,Affluent,0,0.09795073012070828,0.30346523178807955,0.06217025509794503,4.69416225165563,0.6224865516930757,3.058990515790632,0.3534104288568617,0.02484469654251708
MAC001607,Std,Adversity,0,0.13027572422649517,0.564312693498452,0.09680854990356602,6.2349643964396275,0.6620289273713637,3.999319004114507,0.34855471201999205,0.04591837696529794
MAC002041,Std,Adversity,0,0.15783724963123608,0.8342264755980862,0.15723027336359366,7.551738437639556,0.9795418579253159,5.251825129144637,0.2084392022200891,0.03604739929840624
MAC000951,Std,Affluent,0,0.24925626384486108,0.9746936026936028,0.21064785569679936,11.930579122895624,0.8270630263590081,3.91612306548501,0.2959314740955862,0.10302903203486416
MAC000337,Std,Adversity,0,0.06269747032233398,0.16954620689655173,0.03904280422521106,3.00448275862069,0.6238849420085443,2.72293030776723,0.3737184435611397,0.008228879013026172
MAC003570,Std,Comfortable,0,0.17341002169769984,0.5337445972495088,0.10182218506210088,8.302552062868369,0.5789827242174532,3.056250040650392,0.3493091582772356,0.030823640822438405
MAC004563,Std,Adversity,1,0.3113506089025237,1.5371945140897758,0.4109591039692445,14.933956360099748,1.249183017614213,5.352817227784192,0.24189034412864957,0.1976265602153031
MAC002292,ToU,Adversity,0,0.045730250976952824,0.21151474926253688,0.04947364752196541,2.1919778761061957,1.111813526691133,4.832363760305554,0.22152242332224487,0.010121461852991776
MAC000208,Std,Adversity,0,0.18260015476188934,0.7461776155717764,0.16240166523029767,8.703718977980536,0.8750903509601927,4.044064184408136,0.2730189223874346,0.046285205899435494
MAC005449,ToU,Adversity,0,0.17027547354357567,0.6353532848175184,0.14228625705239942,8.070798539999998,0.8607759189594453,4.110338007295225,0.2783234203621628,0.10609356852256518
MAC003197,Std,Adversity,0,0.3460705988708514,0.9041090915151515,0.1941806902435328,16.453418183030298,0.7383970061350025,3.4957145734329784,0.3751012965064651,0.13776213161811476
MAC003791,Std,Comfortable,0,0.09908467742775533,0.3885987907258065,0.07419916555150517,4.7405786294354835,0.7020294976779056,3.6249864993265946,0.336051462410387,0.03706776370935315
MAC000131,Std,Affluent,0,0.21415953806443608,0.7470444998763907,0.19145983563872254,10.261206428059332,0.861723911504719,3.5262823637090017,0.3085915746800043,0.06798060372177221
MAC001856,ToU,Affluent,0,0.19835387693126344,0.8280870256329111,0.16984911483217913,9.488462026107598,0.7793347611581918,3.913231537273357,0.3073493617517425,0.08214365728348046
MAC005353,Std,Affluent,1,0.942683655176095,2.5415520996889582,0.5546288070166143,45.161144630326596,0.9973673405682457,4.490144196585515,0.30675845925865597,0.875182713965365
MAC001284,Std,Affluent,0,0.17776816135315923,0.663909092,0.15096961658024988,8.47338545636364,0.7219743430906735,3.348851966983732,0.4215574211781146,0.12651596735088103
MAC004133,Std,Comfortable,0,0.204800975796754,0.714359633211009,0.1598009217340521,9.784601832477062,0.7685505884822393,3.417352332704782,0.32362570911156885,0.08312219144877112
MAC004069,Std,ACORN-U,0,0.10591036182097335,0.29489583333333336,0.06239051037565772,5.054095833333334,0.5474179991745027,2.6573146776693752,0.44049453378784165,0.03574662325751948
MAC003006,Std,Affluent,0,0.027847039658485104,0.2417191413237924,0.04433654069280836,1.325384615563506,1.0939379357145633,6.391376668084057,0.4070903061211507,0.029227973040663918
MAC003092,Std,Comfortable,0,0.2660435399197232,1.0193420239263806,0.2031426844313362,12.555674846319015,0.7507955969536222,3.81690442285431,0.2921409999858702,0.07660080696118049
MAC000471,Std,Adversity,0,0.20252822595684328,0.6577521122535209,0.126681289677387,9.69520845056338,0.6221888763352479,3.215074750361298,0.34085829723240263,0.039585203828830295
MAC005457,Std,Affluent,0,0.14181675072962577,0.6927883201459855,0.14068274619617266,6.780408758394161,0.9652591745685702,4.818967323242027,0.24960929587188457,0.04859758991459552
MAC002798,ToU,Affluent,0,0.12591792475553942,0.4260181541603631,0.08222660994215608,6.014111951437217,0.6249420774796063,3.3765534329990845,0.34256191564157573,0.0385071915698549
MAC004723,Std,Adversity,0,0.1879156209672632,0.5507210298998569,0.10039115189230904,9.007420600572246,0.5721072944119504,3.0660173976213834,0.37280459770316543,0.07255010229039704
MAC004719,ToU,Adversity,0,0.2117124432665421,0.9878659039942937,0.19875332697629983,10.125019969900142,0.9296945646915696,4.809165685786527,0.22624263449719906,0.06786050638308637
MAC003605,ToU,Adversity,0,0.1976924672758909,0.8810019688362918,0.18828325681105396,9.298220903944774,0.9470262898931269,4.42468617209166,0.25835110519496496,0.07926230375960938
MAC004553,Std,Affluent,1,0.2897712051785301,1.314393751625,0.25370749802341874,13.760397499875003,0.8492418597148322,4.528322663549508,0.2889971681125382,0.1514499348664367
MAC001226,Std,Adversity,0,0.1740507478998454,0.7435768651445968,0.16108505938909334,8.284059359665145,0.8090731651527553,4.064600662033738,0.29166983459739226,0.09645863400887866
MAC003924,Std,Adversity,0,0.14948043550531914,0.4045875000000001,0.07085226506047816,7.132893750000002,0.476026069432255,2.715060177005303,0.38941946785609605,0.022416033144059103
MAC004680,Std,Adversity,0,0.23522978260841834,1.3155175850921277,0.30058367874700676,11.282991622110554,1.3578085188105364,6.315717662510829,0.19165199059910532,0.18346825276385412
MAC002900,Std,Adversity,0,0.2811500927657414,1.1216447348684209,0.20653190577688588,13.454671050164475,0.6889503814979975,3.8003716420412297,0.30651726106741156,0.08370423231129992
MAC004242,Std,Affluent,0,0.23535519611717243,0.5761617647058825,0.11687407067513862,11.138874998161768,0.4107978949458525,2.237202023227059,0.5569217705154706,0.1339922267697886
MAC004648,Std,Affluent,0,0.1048629303136893,0.4745919732441474,0.08864759742965445,5.027622073578596,0.8113384201960236,4.388197592429857,0.2614783980305008,0.02560468655773933
MAC000101,Std,Adversity,0,0.234482917269056,1.1120110844827586,0.2369835991983958,11.23557758682266,0.9530121892294318,4.540750472106119,0.25173057885026207,0.074726805360207
MAC000846,Std,Comfortable,0,0.10598942224691132,0.6214548143703705,0.13319593575695574,5.072602962666666,1.125541659594505,5.419049020637006,0.22260717902590962,0.053987654596894696
MAC002997,ToU,Adversity,0,0.09719240183312128,0.39867986815181505,0.08079297640384343,4.650554455610562,0.818597085907165,4.044299797072351,0.2783535636470798,0.021017222617892104
MAC003719,Std,Affluent,0,0.28455118728242607,1.047622754491018,0.23593565194886587,13.631818364071856,0.8157270828007025,3.688834423410056,0.29001315994037685,0.09447665773789257
MAC005300,Std,Affluent,0,0.09041708737921005,0.2946751336898396,0.06121215875847627,4.33167780748663,0.6740669024008669,3.2176852108481686,0.34222201555454046,0.026398864847114876
MAC003111,ToU,Affluent,0,0.146466319142532,0.6961679396946565,0.1347593311784714,7.01631297816794,0.8657062068611956,4.511001648506915,0.2608756396457723,0.04384227887617217
MAC003251,Std,Adversity,0,0.04487542659370836,0.1673132075471698,0.03762824968533038,2.1490811320754717,0.8292781163850449,3.6894068557773294,0.2911465722452528,0.008199213727684954
MAC003586,Std,Adversity,0,0.12408187657576297,0.5519488183070864,0.10683762740732232,5.947631889173226,0.8419135205685981,4.406592897534598,0.2525907409242877,0.03624572472601851
MAC005514,ToU,Comfortable,0,0.08576953709126396,0.4094736837719298,0.07130639730050088,4.103355262719299,0.7568319688002529,4.364404125430658,0.3012138858103833,0.026962956971425412
MAC001548,Std,Comfortable,1,0.3940946169963384,1.313950690138675,0.24181928303439265,18.89274113559322,0.5971868862649256,3.292283009324166,0.3422200227355025,0.10619672987992974
MAC001979,Std,Affluent,0,0.1921835390832363,0.6457914009554141,0.1618989092943626,9.213358279777072,0.7779807380667758,3.410130250626848,0.3645250769524485,0.15119892238130345
MAC000571,Std,Adversity,0,0.07235100850240354,0.23545863570391876,0.04768684607698087,3.4610653120464443,0.6542475236613177,3.288011715160049,0.32236714520339066,0.013827687859543645
MAC002464,ToU,Adversity,0,0.16328836568176408,0.7780089552238806,0.12104989064836008,7.8157164177611955,0.6994796981015984,4.489362179056003,0.3149111091194401,0.031391642197334056
MAC005134,ToU,Affluent,0,0.21443308340131675,0.6584718746875,0.14334108844344068,10.244315624843749,0.6603421667861211,3.076079367862727,0.3412669857835268,0.05138033186672888
MAC004796,Std,Adversity,0,0.1454040463421104,0.4742262247838616,0.10311615741529583,6.961321325648415,0.7040825262025101,3.2906617751316016,0.3191602149775286,0.04356110252686417
MAC000817,ToU,Affluent,0,0.29526504447892227,0.8520310650887574,0.26300112901010503,14.144553257396451,0.86824552295575,3.266732044689882,0.33087288161986483,0.2059248825465502
MAC001542,ToU,Comfortable,0,0.1648306940879449,0.5184838214175657,0.09288826267476884,7.886981510169496,0.5611844995995263,3.127789185117113,0.3488445696605899,0.023727025321128546
MAC001957,Std,Affluent,0,0.1214585078303007,0.5534705882352942,0.1388381323982045,4.756882352941177,1.0679814094983864,4.49894414681458,0.35500524870922084,0.047375264149386885
MAC003311,Std,Adversity,0,0.12121651930729249,0.5624408396946566,0.11557708922005996,5.803284351145039,0.9417244452019095,4.642075365082093,0.24353036193082284,0.026528268139645893
MAC000981,Std,Adversity,1,0.37702137012003684,1.4989028415545589,0.29262222435499174,18.002040360538114,0.7571306279396014,3.9212760274132714,0.2789299817818274,0.09521848479089431
MAC004316,Std,Adversity,0,0.18880506021006366,0.6018538096423017,0.10574585169028082,9.02921306314152,0.5413219932645523,3.12240139106825,0.3484255958513317,0.039047456528749955
MAC001202,ToU,Affluent,1,0.5940125269647366,1.9304787871212128,0.40366170355908804,28.464645450151522,0.7375675866361763,3.516916784903141,0.323513186822543,0.23453847855555746
MAC002846,Std,Adversity,0,0.16468697126073611,0.8042106056060606,0.15561387923661374,7.8522106065151505,0.9351324825403112,4.879321895352874,0.22576181040165355,0.04284187618932936
MAC002100,Std,Affluent,0,0.28109023916995385,1.087911717495987,0.26055944900908085,13.480654898073835,0.9259409744545751,4.093855192382531,0.27000311109146374,0.12681774868831874
MAC001521,Std,Affluent,0,0.26554202179947295,0.7425743034055727,0.1314093584295035,12.707854488854489,0.47702482511398847,2.7226768529639207,0.4030750065783071,0.04986595300665554
MAC002550,Std,Affluent,0,0.20411062855409912,0.8929683873544095,0.19752147989351376,9.773445923793677,0.9791336864430936,4.524755876615218,0.24116165740381243,0.07131776324999403
MAC002450,Std,Adversity,0,0.04291797079419324,0.15381464872944695,0.034766929030998935,2.051307922272048,0.7935760875635981,3.455096735053239,0.3856150289136835,0.01788189997498088
MAC002915,ToU,Comfortable,0,0.28411075518923173,0.948141678747941,0.20222721930935317,13.584403623064253,0.6569753576870556,3.172901957351672,0.35907966957057075,0.10309288056950706
MAC000798,Std,Affluent,0,0.09136254564011201,0.43486834334319524,0.07886507684325869,4.375813609467454,0.8561450218501299,4.699133290688687,0.25005454869189325,0.03315256175329609
MAC000617,ToU,Adversity,0,0.08390128414901113,0.3172601744186046,0.06701868508173746,4.015735465116278,0.8241053429428011,3.869443924814276,0.2789307713141108,0.01953186606699254
MAC003980,Std,Adversity,0,0.12078637001831528,0.8196423836092714,0.15639085216816112,5.772170528311259,1.2871745887914703,6.674991620751505,0.18654217181391114,0.04574724317668248
MAC002231,Std,Comfortable,1,0.4678372305863224,3.592769111176469,0.6198285271595868,22.376001458970592,1.3167131567147086,7.683665003408828,0.14699120525383041,0.10406217190849992
MAC000129,Std,Affluent,0,0.2160074337926834,0.8569159453646478,0.18749298903563827,10.339458588380715,0.7632437810968169,3.646362627261021,0.3527453004642475,0.1360535208411165
MAC004247,Std,Affluent,1,0.4521943792231878,1.2901854706336942,0.28758996998768804,21.62750540741886,0.637607214635599,2.8385130776627605,0.3738466199710273,0.11232298111841559
MAC001224,Std,Affluent,1,0.7683738636625009,2.0125217402173914,0.40286184865557895,36.68332970797102,0.516259300918946,2.5893616685322307,0.405825236558933,0.20098699023455585
MAC004685,Std,Comfortable,0,0.19403865928232256,0.8210703534338359,0.1508077347154616,9.281134004857622,0.747753942879577,4.14116488150045,0.27295868477651025,0.04544058788710551
MAC000675,Std,Comfortable,0,0.14295857074400387,0.5997580649560116,0.14462444580662248,6.838598241202347,1.0416703180096143,4.293260105500556,0.2556325181903063,0.0730764960195667
MAC001681,Std,Adversity,0,0.03735126449992645,0.11735101404056161,0.024152227105665777,1.779887675819033,0.6124010107925629,2.971247922389994,0.39129646173186067,0.0302315736648529
MAC002456,Std,Adversity,0,0.1694000831683644,0.48298956780923985,0.13008047136394174,8.071366616989566,0.7760828767632966,2.8621608831458656,0.3665680013064598,0.03028024750414332
MAC002092,ToU,Affluent,0,0.2473782804078581,1.4256360183908043,0.2752912436922408,11.86856705172414,1.05800027010054,5.574358941888827,0.24645044599477403,0.0953240356024585
MAC002805,Std,Affluent,0,0.29407040306659826,0.7127791229954615,0.17648801159434588,14.023491679576402,0.6129195223238744,2.483345584356611,0.4217016266189107,0.06929358816130927
MAC001433,Std,Affluent,0,0.16397184921506566,0.8185398760736196,0.1682470841354655,7.8385260714723906,1.0214188190772804,5.127172343202639,0.22339219198922372,0.07918422395059013
MAC004158,Std,Affluent,0,0.30996624519516597,0.8978582443759635,0.18952939447323053,14.798049305547003,0.562290079221671,2.799825819835978,0.4410212190748792,0.11665397701065298
MAC002775,Std,Adversity,0,0.19110805201814413,0.6859062028744325,0.13265055583149774,9.135665658396372,0.6810327151317004,3.5576702902038,0.3075156544160368,0.04535975587302652
MAC001576,ToU,Affluent,1,0.5126487970141712,1.7937383910216718,0.4333345110176768,24.459540250464396,0.844481190561785,3.628660586178441,0.3018581409242696,0.20576588609422572
MAC002146,Std,Adversity,0,0.08199789778987986,0.41605958003220617,0.0906647145100805,3.9263752009661834,1.0782069481492635,5.387270930421689,0.23893033979594494,0.09211324449807856
MAC002583,Std,Affluent,0,0.255304895826315,0.9763450006666665,0.22507124065132372,12.233206666333333,0.8532872040182137,3.8513377776217976,0.3079714585122501,0.10908109524893844
MAC004882,Std,Comfortable,0,0.21099727898156023,0.7581583659003832,0.14364791202328386,10.109137933077907,0.6510609703536017,3.470432881185869,0.3223704498087907,0.05156473860510312
MAC004442,Std,Adversity,0,0.07043354844538477,0.3706086953716689,0.061720329092794034,3.369985974474053,0.8116329072537775,4.9569859222555035,0.26853943357811383,0.020836820919958112
MAC001432,Std,Comfortable,0,0.18810587630277062,0.7891822356814702,0.17728336782147253,8.990656967228178,0.914834659593234,4.171588724035946,0.267409015544053,0.08162961751763537
MAC000772,ToU,Affluent,0,0.12218368236742673,0.5158002935389133,0.10469889689000303,5.849558002202642,0.7663999907093365,3.9317487427466276,0.3362657582482538,0.07261126380871635
MAC002594,Std,Adversity,0,4.454861111111111e-05,0.00045333333333333337,0.000319760386325002,0.0021383333333333332,0.8444750495581999,4.096180794979026,0.26157577055268744,0.0007542166054898182
MAC004726,Std,Comfortable,0,0.22875308557470211,0.7755408890961261,0.14942489931803765,10.94353802180775,0.6158155233771396,3.287000597062468,0.3516087529362673,0.08610209431760928
MAC001003,Std,Adversity,0,0.1590984874581627,0.6962944692077729,0.1296481423503595,7.598739910612855,0.7950432399857109,4.351973261717516,0.27011982235217363,0.056211642865236444
MAC002048,Std,Comfortable,0,0.2697380527390878,1.0816693298722042,0.2205927639524949,12.919968050958465,0.7859304251921315,3.9779749592352247,0.27487981736622313,0.09018725665700171
MAC001620,Std,Adversity,0,0.2894139986494158,0.9584759682170543,0.15849507061376644,13.829914728372096,0.5441100600571828,3.2836657264952462,0.3366396474239547,0.04047375962908303
MAC004195,Std,Affluent,1,0.33431615510730844,1.109679013271605,0.2315582013265835,16.018199070987656,0.6176442733512253,3.1809778667634574,0.3967938026694526,0.16357589683501061
MAC001293,Std,Adversity,0,0.05118964306566396,0.33200304414003046,0.06162799419573563,2.448776255707763,1.1488575471541391,6.275924156851543,0.1897989480111783,0.016308505836928437
MAC001867,Std,Affluent,0,0.2046929673449776,0.9360507133122028,0.1965967317771658,9.802407288748022,0.9107483260088647,4.433468928641998,0.2540192383985102,0.07401297263901818
MAC004124,Std,Comfortable,0,0.20196114943421972,0.6730092453004621,0.13399528379115952,9.654622496456087,0.6582380907052939,3.2964836673921685,0.3351262330362155,0.04420719316530078
MAC003794,Std,Comfortable,0,0.34186982265531635,0.7981088705645162,0.15839485614639315,16.353681451008068,0.45934818296080016,2.329961795264868,0.4413273838918088,0.06633748498272754
MAC002842,Std,Comfortable,0,0.04853312750089404,0.3745094347169811,0.07006458522472457,2.3063584916981132,1.3360802976446324,7.244625014735528,0.19655090019490476,0.04051447881620715
MAC003194,Std,Adversity,0,0.1955772301189931,0.8228483140449439,0.17090549636307129,9.368964419662921,0.8408578499035018,4.051098955555355,0.2828208794770729,0.05755097379301165
MAC003153,Std,Affluent,1,0.38635988346994493,1.0756325510067115,0.2147251018108583,18.50591275385906,0.575895392467274,2.8654229577515893,0.3653677423165197,0.09879300362077438
MAC001991,Std,Comfortable,1,0.4391756047164088,1.6325445855095542,0.3791181306549527,21.02895541401274,0.8508123943149173,3.7444577782486954,0.2810356131473728,0.14441473754660183
MAC004983,Std,Comfortable,1,0.3377277463296127,3.3376588462239583,0.6630156867025062,15.967779943750001,1.8584643263658591,9.833901385922989,0.12618822643967773,0.22066373105257067
MAC002750,Std,Affluent,0,0.05499419271353655,0.4276792735249622,0.07366097723229661,2.6153298030257197,1.2545474056114905,7.302966104851933,0.18329764370184065,0.019602240858179073
MAC005046,Std,Adversity,0,0.04923858900928895,0.19096320630749014,0.04094364170060872,2.3595716162943496,0.8700340376993086,3.982915274901705,0.2828948998877854,0.013813165921465606
MAC003410,Std,Comfortable,0,0.1101594612060096,0.3840909090909091,0.07924061479135072,5.278102514506773,0.7179780785293555,3.479750967019048,0.323158045792903,0.014316394235604591
MAC002095,Std,Comfortable,0,0.1612240906295921,0.8770512822115385,0.1621514891326988,7.722469550641026,0.980437865985605,5.400090394116369,0.2140876931874442,0.05053326496502954
MAC001083,Std,Adversity,0,0.1351716438679479,0.3761327298642534,0.0752423576471263,6.478417797586727,0.5526056736113004,2.77163132302656,0.39627182885475826,0.03434045128227412
MAC000764,Std,Affluent,0,0.09963953723134521,0.2707323529411764,0.06300620862204435,4.76408676470588,0.6013567182090741,2.6550777726095838,0.41525943156363454,0.03376805980981881
MAC003743,Std,Comfortable,0,0.14817937588235816,0.5545100000000001,0.10214269630933441,7.0887719998000005,0.6611849336216032,3.6348615385823644,0.3081155736945989,0.03102966454505209
MAC003240,Std,Comfortable,0,0.24174224213054357,0.7679849047169813,0.141942916053958,11.570567923207552,0.5770372758984689,3.125313450496223,0.35700362984817235,0.04186998307822095
MAC000239,Std,Comfortable,0,0.15544526526303318,0.6280583944038931,0.11769443184526326,7.451748175425791,0.7514808789089603,4.005369752107686,0.26787124195546963,0.022116646845686913
MAC003917,Std,Comfortable,0,0.2929388975399182,1.1997764223577234,0.2912965466265084,13.987164631097563,0.9999095547684198,4.171833000514605,0.2587259382851798,0.09801523067976059
MAC004153,Std,Affluent,0,0.2481087540421122,1.1728907713846153,0.228018707574909,11.88570307892308,0.9021000567110038,4.681392615443649,0.2405738455603304,0.06195441665745757
MAC005378,Std,Affluent,1,0.44408984323176937,1.2723410021650876,0.2753389196509565,21.278820030311227,0.7370497079315906,3.493602332087614,0.3379967146062254,0.27108323776196763
MAC004414,Std,Adversity,0,0.13705439746111214,0.48258263305322124,0.09905356100616206,6.559719887955183,0.7125134297493128,3.4698186856664774,0.3137165932538152,0.026879111611734292
MAC001212,Std,Adversity,0,0.1410681768945552,0.4004992414264037,0.06796194444968741,6.7550015176024285,0.49678732852914,2.8480897461423,0.3904204344662439,0.05512440028313458
MAC002159,Std,Adversity,0,0.164274669170472,0.7360032251612904,0.1708655905441251,7.875429031290326,1.0335063889662754,4.4746563890828,0.23755037864082054,0.04274547360048235
MAC002529,Std,Comfortable,0,0.12446097546614232,0.5165108153078203,0.1064385910273581,5.963500831780369,0.8484703024543226,4.113036302845999,0.2612417142437249,0.027473957191041693
MAC003666,ToU,Comfortable,0,0.20372160112161047,0.5503996021868788,0.11277475163460528,9.758300198409543,0.5514943908768062,2.7007188458433777,0.38705430090858084,0.03683752152424114
MAC003801,Std,Comfortable,0,0.2207965537886851,1.0470766125000002,0.2325483227890988,10.569891127016135,1.0467818741739479,4.796193076101074,0.22988399936282777,0.07959507356442223
MAC000624,Std,Affluent,0,0.15572407172314398,0.9983619174418604,0.211826510670707,7.464651162645348,1.3149235196795857,6.580198281235652,0.18708677689522876,0.12092245595994891
MAC000445,Std,Comfortable,0,0.16732409853369182,1.1270042213783407,0.18981140336320587,8.018030943881856,1.078988594150883,6.457943068763009,0.18795213145553044,0.036837776311154626
MAC004773,Std,Adversity,0,0.27065311541399323,0.7023767904011461,0.11958161576808982,12.96336389641834,0.43651439991594493,2.5658859260452727,0.42785399307651345,0.029573319808954487
MAC004665,Std,Affluent,0,0.2953223047890691,1.0748444821070233,0.2443758691043112,14.112550165886285,0.7976417471485316,3.6278942551515385,0.3446623542550657,0.11667457207042015
MAC000718,Std,Adversity,1,0.3515994998673909,1.1316751501497004,0.2313312623747754,16.247371255988025,0.6538638770454693,3.1361998776867344,0.36545868390201297,0.07913186445939015
MAC004741,Std,Adversity,0,0.30194630258979177,0.8629313297567954,0.23229484688588997,14.401185980972818,0.76146501311889,2.943956584031113,0.35172970355866495,0.1123568746959576
MAC001898,Std,Adversity,0,0.02652953656634348,0.04846993670886075,0.010334615196585737,1.2699256329113922,0.4721866299739241,2.3540910000379416,0.5776348194852391,0.018919133821407388
MAC002246,ToU,Comfortable,0,0.2949006193203761,1.0790103240412978,0.22120266988409407,14.124235987463127,0.7379817016488012,3.636861018285831,0.29469472575493544,0.07478026927665657
MAC003703,ToU,Adversity,1,0.39454384138491005,2.276498787893462,0.4450049531843538,18.92124939491525,1.129560029470269,5.825985693740029,0.18648591211054857,0.09095057841045805
MAC001730,Std,Affluent,0,0.1944227398506812,1.097968701877934,0.22371382043535235,9.31877464804382,1.1349874397590027,5.661560315690131,0.19004059740746357,0.05158293649860662
MAC003655,Std,Comfortable,1,0.43216770504679675,1.2382292476284587,0.20232235190721493,20.696264819960476,0.441578905415537,2.7696521158686047,0.4127193703027832,0.10540674343912802
MAC001753,Std,Affluent,0,0.25547176700050306,1.33780250830721,0.28221501646480934,12.213855796081505,1.072158138308672,5.142521582683805,0.2174316372385843,0.09981591054845679
MAC001705,Std,Affluent,1,0.618216687678956,1.9411596237871678,0.40639209168086954,29.51110641940533,0.7379247238336621,3.510725431726084,0.32586290254513056,0.3283607089509784
MAC000318,Std,Adversity,0,0.16851371240515678,0.6815116914718019,0.14426600341362458,8.061110039339754,0.8231331147540467,4.09637390386707,0.28244172617160374,0.1320111982972278
MAC004521,Std,Comfortable,1,0.32991395619599007,1.4583644288557212,0.3167944264378046,15.815640545273633,0.9532454611787613,4.475987934719027,0.2423646614181855,0.10213721902682797
MAC001726,Std,Affluent,1,0.6062501083716187,1.23240472503937,0.259184794821142,28.681321260314963,0.39990842193966375,1.9529720654666394,0.5738033377774049,0.24220129344697994
MAC004970,Std,Comfortable,1,0.5679478022488055,2.6696358889466834,0.7271920997510741,27.023367998569572,1.4506938583627804,6.401131374616271,0.18671011665390863,0.4236426390833102
MAC003854,Std,Affluent,0,0.1806945128193112,1.038390690283401,0.2059720890106731,8.640016196761138,1.0746812982149296,5.631966130975096,0.2240587048264702,0.08382382990973948
MAC000806,Std,Adversity,1,0.3698961917805792,1.440779588461538,0.3383735502674185,17.68012130414201,0.8554081521628528,3.888137846496202,0.293412461288759,0.18726894040174108
MAC002845,ToU,Adversity,0,0.1652753009865659,0.5621878792424243,0.10287594751904029,7.907392424696969,0.5900615005410426,3.2605166337170384,0.353733979343427,0.03417967658634727
MAC003369,Std,Adversity,0,0.23594937292207527,1.3558560451055666,0.28876992814427055,11.278654510748561,1.1831598516018105,5.723439120120206,0.20185974212695582,0.08485627268762759
MAC000845,ToU,Comfortable,0,0.10885675456571377,0.5935481478518517,0.09810714303991136,5.211746666370372,0.8706630553654204,5.25458131404727,0.22413715500963846,0.018618709017163143
MAC001851,ToU,ACORN-U,1,0.6330894190309668,1.8983132906645572,0.3818249141062039,30.260253162499996,0.5877798960992539,2.9716058539120525,0.35411581828307254,0.1446949526337625
MAC001449,ToU,Adversity,0,0.1343173362139769,0.5562342061633282,0.11863425713850044,6.4241186437596305,0.8561444744604065,4.027000392761392,0.2772303058874282,0.03747386146121996
MAC005477,ToU,Comfortable,0,0.09053519115287052,0.381912408759124,0.07308940561333066,4.3387751824817515,0.7618817550235037,4.059272332892489,0.28939565637836,0.030654855487555265
MAC001115,Std,Affluent,0,0.09673379274160526,0.42833108040540546,0.08404412288942019,4.624966216216217,0.5475296182160787,3.1634435529832854,0.5427529591773507,0.07393451324281135
MAC003014,Std,Affluent,0,0.05080063635480422,0.3182009132420091,0.05991276033291813,2.420607305936073,1.12776818105543,6.0915928296310105,0.19329693606902895,0.01563239938165639
MAC003934,Std,Affluent,0,0.29330765834800404,0.9873407070796459,0.1950963952324787,13.988017697345128,0.6486132894196727,3.3864716896112417,0.3284631190287739,0.10752742060613893
MAC000809,Std,Comfortable,0,0.06969995038461642,0.31978254437869813,0.06096346703641726,3.3357781063609466,0.8645968921958195,4.510722940232849,0.2541725902783148,0.018554662397646016
MAC005391,Std,Affluent,0,0.15381819932719934,0.6515449740740741,0.16189078460590065,7.3497195801587285,1.0565355840858952,4.464396629614476,0.24680388842327222,0.11603675569063442
MAC005492,ToU,ACORN-,0,0.1565375107266716,0.4737310467509026,0.08181014270939041,7.489429602888089,0.497324272849174,2.922386169139626,0.38815401322174625,0.031700964624963565
MAC001501,Std,Affluent,0,0.12797733005157588,0.38973959938366703,0.09172632735486899,6.074446841294299,0.6953828632847454,2.962953916657046,0.36152281151417476,0.03191317987080967
MAC001780,Std,Affluent,1,0.49779127906877435,1.4014731884858047,0.32284330314231025,23.749134068927447,0.8615272719186514,3.809278454484099,0.32486451479578005,0.32644847869899585
MAC001922,Std,Adversity,0,0.13507999907918683,0.9598650790476192,0.17176360113657566,6.4645936499999985,1.2442091291374544,7.037744054974578,0.170092525410719,0.03516341310934067
MAC000491,Std,Adversity,0,0.15592719477026343,0.6260371419999999,0.14634132803900912,7.460165713714285,0.8780993368883875,3.8748094307356697,0.2939009242301977,0.084493480748742
MAC001012,ToU,Comfortable,0,0.04442902737844225,0.2602267268768768,0.05352633043904358,2.1247627627627628,1.2469121918114028,6.10096827707462,0.1807913465806187,0.02806015235161814
MAC002353,Std,Adversity,0,0.18231356239338098,0.8321079887573966,0.15780982200803917,8.730454142307694,0.8534234813628777,4.5803771303087295,0.2371676074954741,0.05161132178192678
MAC004716,ToU,Affluent,1,0.3176488529272966,1.016854702991453,0.23023011997698467,15.156688038176636,0.6899503531902705,3.224419352516534,0.3306561190569633,0.15047808776717442
MAC001327,Std,Comfortable,0,0.08939076604133625,0.3731868301684534,0.07297685847859471,4.268954058346095,0.7602532428199145,3.9554342035483523,0.3018126835071577,0.026488849740142973
MAC005170,Std,Comfortable,0,0.18247267960506575,0.5562178683385579,0.10192914671161538,8.73452037586207,0.5512700346049956,3.00557278907367,0.3778597658474892,0.032341771884262634
MAC004014,Std,Affluent,1,0.425410863177716,1.1915792347905285,0.26357831604097004,20.370642984153008,0.615152525518814,2.825164306828124,0.37497070533749643,0.1235524160782265
MAC004505,Std,Adversity,0,0.1979360016895181,0.6996434778881988,0.16936561304721093,9.482459625962731,0.829831779738541,3.5294466199470866,0.31137168787421926,0.08514699845058754
MAC000972,Std,Affluent,0,0.13214783852873585,0.4358590706146927,0.08123046010155732,6.326278861019488,0.5842053231435359,3.209768758689033,0.34803825887699047,0.03420422500636544
MAC002398,ToU,Adversity,0,0.18608155116741182,0.8280953798807749,0.16522800185042344,8.913783904619972,0.8446837696751613,4.264432334925731,0.2747304838109463,0.04837106848410345
MAC000397,Std,Comfortable,0,0.2090009382358772,0.7400069443055556,0.14534784639879647,9.991679166527778,0.6835301617623241,3.4154952515271075,0.3704038091142765,0.02058459775124731
MAC002101,Std,Adversity,0,0.1652261555827585,0.8218972695024076,0.18833505646038676,7.903468698394863,1.092852311894597,5.061940162177568,0.21702596842746544,0.08357519007907262
MAC000211,Std,Comfortable,0,0.19657175532644186,0.6662584952669902,0.14802040091899385,9.422093446359224,0.7367675660030307,3.3098695638724354,0.33203677296580014,0.05406780266296606
MAC001307,Std,Adversity,0,0.10023729037370717,0.5230669710806698,0.0928503421286147,4.801176560121765,0.9097195851195038,5.129395002527688,0.22148644888865235,0.030955943617418675
MAC000031,ToU,Adversity,1,0.4171400950715229,1.5712190963280293,0.36097739093710385,19.98395348518972,0.8014964993950402,3.6395556196210763,0.3276704826575781,0.18158193373219128
MAC003737,Std,Affluent,0,0.21056064328291535,1.2445819999999996,0.2477059963269144,10.084744002200003,1.1641924234376289,5.872277645597007,0.18416951212660948,0.04763300787354306
MAC003532,Std,Comfortable,0,0.13687596092501883,0.6294450976470587,0.1743695996294953,6.52192352862745,1.2953745196636142,5.333917683492172,0.21267627592305038,0.09360638522581143
MAC003167,Std,Adversity,0,0.1840554802509548,0.721849358653846,0.15983558668104883,8.809897435576922,0.909934896283168,4.362637109323692,0.26708841842011066,0.08920149849481594
MAC002627,Std,Affluent,1,1.0387985879559567,2.6786556935628747,0.6308329875840444,49.7874221462575,0.6011093067390556,2.5977896241186578,0.4089085866311162,0.3347672645730876
MAC004930,Std,Affluent,0,0.21924332600737426,0.4611319534282018,0.0789844821739164,10.500940491591207,0.3610043615412424,2.105026361127228,0.49083591351300765,0.025101222658637717
MAC004764,Std,Adversity,0,0.11683991738912271,0.3267793694842407,0.0700467690613016,5.599577363180516,0.5602468908685239,2.690074651902456,0.4186230254540681,0.036611365120054834
MAC001980,Std,Affluent,0,0.0960822045670145,0.2460063694267516,0.04610108898412191,4.5994792993630575,0.4491555748783275,2.4794645487215927,0.4475363929868974,0.02810591519088848
MAC000521,ToU,Affluent,0,0.19267833918036595,0.6417446809929078,0.14134573264993214,9.213665248652482,0.6650446792357803,3.176042185664992,0.3398449699162283,0.07429921402473284
MAC000102,Std,Adversity,0,0.06839016686707194,0.25007980012468817,0.04963976104548077,3.27996508690773,0.6909216020555786,3.408023149310041,0.32882930101532265,0.02097552915177136
MAC001065,Std,Adversity,0,0.16598809105358545,0.518200000888889,0.11170956475828862,7.910942224,0.6637747631423636,3.131907898212248,0.34938846967159826,0.0502889911705295
MAC000447,ToU,Comfortable,0,0.20175904234591366,0.625045006891702,0.1213543439426072,9.658251757805909,0.5723035264012448,3.0407368764528497,0.3626344689007698,0.042400358374969464
MAC004282,Std,Comfortable,0,0.056302230995035764,0.22750386398763522,0.047157111363025146,2.6932009273570325,0.8073049917943449,4.015544914061481,0.2816545420292441,0.018675201085919652
MAC001303,ToU,Affluent,0,0.08077337666117866,0.388517503805175,0.08211503540855862,3.8687321152206997,0.9134467974553301,4.4153192355695845,0.26628100511493036,0.03429558454374023
MAC005415,Std,Affluent,0,0.06901256301220092,0.20290995907230555,0.03933353397248437,3.3077244201909966,0.5613482804409581,2.879581203817475,0.3814942204917429,0.016608678977273122
MAC002145,Std,Affluent,0,0.2930830532877007,1.2606586149758456,0.24405313814925297,14.032389695491144,0.8132762343466091,4.257759111513494,0.2544370402369093,0.06544515981232858
MAC001962,Std,Affluent,0,0.10715257023256727,0.22311605739268675,0.06253193881877313,5.1302384744038125,0.6738422360004988,2.52864373445821,0.4654646571770554,0.05335418069692227
MAC005455,Std,Affluent,0,0.050231415592483314,0.21123795620437957,0.04373657810135198,2.40563795620438,0.7542134271710373,3.6525521677441732,0.3789751823851295,0.03047759466721989
MAC003440,Std,Comfortable,0,0.10452573502871133,0.7204593027131783,0.1315526660238711,5.006437984883721,1.186457364770777,6.604841573213587,0.19788672060389298,0.041366248366121634
MAC005438,Std,Comfortable,0,0.1244080929022284,0.4507211678832118,0.07935730253780482,5.947633576788321,0.6301656388492017,3.5980822600855515,0.3128308458165553,0.03059356031638194
MAC001431,ToU,Adversity,0,0.1338699410905613,0.6199065842266464,0.13204988402295156,6.413695251914242,0.9075059805870024,4.551431480837157,0.2536387881763171,0.06861777251602427
MAC004560,Std,Affluent,0,0.24574070650986607,1.0053086682875263,0.19925699464034136,11.780321354334042,0.7678298422858422,3.9502954280511284,0.2960102283950807,0.07979915121885954
MAC002522,Std,Affluent,0,0.0738758200049973,0.43603660565723795,0.08529545272492679,3.538139767054909,1.0522872484991062,5.421079871514311,0.23899771659300056,0.033785416984353056
MAC003387,ToU,Affluent,0,0.07417813140122068,0.40120769269230766,0.06953235471629243,3.5456057696153844,0.9272593669067813,5.449522427237619,0.2029149174278181,0.017442910580251707
MAC004937,ToU,Affluent,0,0.17123810842924575,0.7741604134540749,0.1527730841267006,8.192716687968954,0.8060909502618674,4.3411900692130265,0.29660535402847865,0.07178361908221208
MAC002253,Std,Comfortable,1,0.3164950827916117,1.1958230073746317,0.27203847796560915,15.171840707817108,0.8389979897572806,3.7770578848325664,0.2883689282231853,0.11456674754848749
MAC003461,ToU,Comfortable,0,0.1442312243025612,0.6942364341085272,0.14958198548302643,6.902246124031007,1.0275013598360352,4.830409793056779,0.22603616048392594,0.05463681366179065
MAC000993,ToU,Affluent,0,0.19789081226303815,0.5445374258982036,0.111371493299045,9.46781137724551,0.5353623696347518,2.6481819056540976,0.4137388574980656,0.05778693300601244
MAC005556,Std,Adversity,0,0.1602916666666667,0.674,0.12930789408087665,7.6800000000000015,0.7818634844397059,3.681620839363242,0.2646329365079365,0.0
MAC005318,Std,Affluent,1,0.8684038377207856,2.1587895436997324,0.40965144122676594,41.56040883659518,0.5529909750938428,2.896448390579316,0.38936865068659143,0.5819284239405302
MAC001488,Std,Affluent,0,0.169635740904912,0.4085046296296296,0.08743647545043391,8.118783950617283,0.5362606085557416,2.5577170557857176,0.422456880273738,0.08946926183835652
MAC004096,Std,Affluent,0,0.0984661240676054,0.43922970903522196,0.07993488471891344,4.708856049004595,0.7696060005566513,4.26478295966605,0.27465618160372396,0.024978248887556082
MAC001461,Std,Affluent,0,0.3093973727252247,1.0010676939999998,0.17778023465736376,14.811476926461541,0.5468862724829584,3.152227278557535,0.3540126417709488,0.0724085118256261
MAC004509,ToU,Affluent,0,0.22811524902614586,0.9407848233830842,0.19049636487484403,10.936328354228856,0.8094278111543866,4.074146163860202,0.2738498364388944,0.08998781811865648
MAC003106,Std,Affluent,0,0.10211490262143687,0.5365251906870228,0.09362101319825465,4.88930992351145,0.8359710359477406,4.821495050678627,0.2790469985286979,0.03480979098099079
MAC000298,ToU,Affluent,0,0.07928659310087219,0.24850752393980835,0.046908981730135905,3.7980246238030086,0.5827877401394752,3.086568736874696,0.35632832770111206,0.019492122792367655
MAC002532,Std,Comfortable,0,0.12808973540384397,0.6033910149750417,0.11864864049213665,6.124164725457571,0.9037956694149734,4.5830330235433845,0.2598803720892227,0.040884911511437
MAC003178,ToU,Adversity,0,0.08629479151589317,0.26680186915887855,0.048186880164500616,4.133385046728973,0.5429447249318112,3.0449338007379914,0.36280389123248,0.015971485041897205
MAC000435,Std,Adversity,0,0.11618484931666778,0.5199184241912799,0.0917009674261317,5.559821377637131,0.762869848011836,4.29714030989885,0.3017397297233541,0.03568350252964353
MAC004977,ToU,Affluent,0,0.11899260363567525,0.4688580729166667,0.0964179277589974,5.702261718750001,0.772410783373697,3.802482434927537,0.3006548759655861,0.031697690582651275
MAC002467,Std,Adversity,0,0.09998843747935852,0.5759925379104478,0.11909152114814353,4.779285075223882,1.1865490558266343,5.727455522735678,0.2020063538342874,0.03614486351661035
MAC003018,Std,Affluent,1,0.48913219996830787,1.3466935989329265,0.28265284456532686,23.32588414542683,0.6406995242131847,3.045221859964325,0.36305411097558316,0.27774527538060045
MAC003772,Std,Adversity,1,0.3781926359907837,1.9310501012024055,0.5054618343820338,18.138160321843685,1.326509925073697,5.513258330043431,0.2180457947435473,0.2753456714796821
MAC001008,Std,Adversity,0,0.1294390784732925,0.6521718974588937,0.14424812862021585,6.1676068742899846,1.1409128000616746,5.097664262766341,0.22546317457765455,0.04136967725858943
MAC001816,Std,Adversity,0,0.10941072027107689,0.42840126382306476,0.088206363381387,5.23610110584518,0.7739525186829188,3.768852953824044,0.298686181288364,0.03135570706235134
MAC003582,Std,Comfortable,0,0.18744916751504828,1.1529233762278979,0.24171892417101953,8.984210210019645,1.2589208576172655,6.1075206369656545,0.1841244718592978,0.06773117296638113
MAC002585,ToU,Comfortable,0,0.10631995231107849,0.5108416668333334,0.0874991316685955,5.094148333333333,0.7932761691661445,4.670166626575087,0.27589749631682414,0.029794120830042962
MAC005525,Std,Adversity,0,0.10148363724277855,0.35272620790629566,0.0554994350133682,4.8531361639824295,0.5238226158854681,3.403961535395693,0.3388109655918426,0.025376188711597355
MAC003162,Std,Adversity,1,0.33574236425592185,1.3356861073756434,0.2828389542134677,16.094927959348194,0.8238228676494537,3.9822758591365117,0.26213278069313456,0.08210165660063147
MAC003638,ToU,Comfortable,0,0.19702828414514334,0.7357628456521739,0.16303420109800795,9.395472331620557,0.8166137321801121,3.7426460151522636,0.292488557599682,0.06390259631536456
MAC000583,ToU,Adversity,0,0.1836024815936117,0.7477248117293235,0.1265673428765259,8.528335337894736,0.682098730867766,4.004455494560911,0.29959188691128313,0.03544796537002269
MAC000158,ToU,Comfortable,0,0.083570756145148,0.5123000000000001,0.0912767465555925,4.001851807228915,1.047962452368388,5.94992513682497,0.2021682794403717,0.021151945854467342
MAC001266,Std,Adversity,0,0.14750024160941777,0.7025859958904109,0.16598844022854817,7.035388126484022,1.1076989609324783,5.258034313066267,0.21615515277554567,0.08996076161561578
MAC000584,ToU,Comfortable,0,0.062139553127842515,0.3603076923076924,0.07833684374498462,2.977166908563136,1.1999456911683126,5.787718390309355,0.2054124261459488,0.033272917107708126
MAC001944,Std,Comfortable,0,0.08951271427549427,0.3242893481717012,0.07112553623140977,4.286136724960255,0.7410323312004327,3.4617689590580545,0.33025863289216034,0.02889163638700673
MAC001443,Std,Affluent,1,0.397284225097239,1.558160797396631,0.3137528716457463,18.96834762909648,0.7799743996079744,3.9100300895703772,0.2764309508752253,0.09313865713878333
MAC003775,Std,Affluent,1,0.6213540565212327,1.9558388523178807,0.44592300685177594,29.748075054966883,0.7609113600532627,3.3922622520707275,0.3230986043423787,0.24370263791492466
MAC001914,Std,Affluent,0,0.2719508403565487,1.1394706798732173,0.2554555499952662,13.02408715911252,0.926069198856518,4.202794774173471,0.2561816280614848,0.08942594294035905
MAC004199,Std,Adversity,0,0.08095638571169611,0.39645061712962965,0.07557280047434696,3.865356481327161,0.8886983017894556,4.6239398584519,0.25284715911258354,0.02490498837963586
MAC003960,ToU,Affluent,1,0.3768385925074449,0.9797864245033115,0.23056258362202542,18.04122185496689,0.607569381617164,2.607378047217683,0.396971964644176,0.09378626507109922
MAC001320,Std,Affluent,0,0.19414837565417012,0.8861681938837921,0.14139578966516156,9.281694188226298,0.6808158731004423,4.210758363592421,0.34681734291577826,0.04273139596174249
MAC001651,ToU,Affluent,0,0.18286723981861402,0.8126625194401247,0.14593471373099304,8.742749611819596,0.794709036857192,4.435289826687484,0.25427818343750846,0.04079789419832302
MAC002987,Std,Comfortable,0,0.11622734862215606,0.708526402310231,0.11859170850362927,5.561709570462045,0.96031620443425,5.855429907238611,0.23256990563367277,0.04749905196484237
MAC002710,ToU,Adversity,0,0.15501567251895174,0.8197082706766917,0.15310008457046728,7.409933833233081,0.9537776472759595,5.178302464426722,0.2214209566074178,0.036228627119621444
MAC002207,Std,Affluent,0,0.1595390961197939,0.6428571449579832,0.1513342431569557,7.631063026890754,0.9322151429079815,4.035329828040595,0.29859569120390556,0.07321107404369313
MAC004567,Std,Affluent,0,0.20214828343545188,0.8412384514357053,0.168384024850635,9.693632958551813,0.7706321033526774,3.938757168085339,0.29628248620648423,0.0788700439133393
MAC003084,Std,Adversity,0,0.1000950080672602,0.5108839694656488,0.08731572645131913,4.791018320763358,0.8270406261781533,4.859289679425288,0.24922555755492004,0.020426217662219612
MAC002006,ToU,Affluent,0,0.146385839380606,0.54879039968,0.1051978180873726,6.98742399936,0.6897535722902584,3.60142540997037,0.32912436343782625,0.04576842195867109
MAC000222,Std,Comfortable,1,0.2923784590033516,0.9987047396111787,0.3047291036151434,14.023498174848113,1.0578424020346007,3.7784501353888267,0.2947556540697127,0.17895763269022466
MAC001755,ToU,Adversity,0,0.06056384470598819,0.1533103448275862,0.037160489151175695,2.886655172413793,0.6147759913974165,2.5409658538039226,0.40856528333734904,0.009367985579816758
MAC002112,Std,Affluent,1,0.3035169272034341,0.9213820231139646,0.18676340781145417,14.55965007961477,0.5702293059058273,3.0001863766589247,0.39161656427673724,0.21062457986180955
MAC003038,Std,Adversity,0,0.1115123997632255,0.5329634138719512,0.11416445401125787,5.344426828201219,0.7676171648156511,3.861965732133971,0.3674937576190065,0.07393058154368541
MAC005112,Std,Affluent,0,0.07568848776291476,0.2563182527301092,0.05615498307106351,3.6184820592823717,0.7368936699076559,3.4185268214569184,0.3156421127086446,0.016907667911300796
MAC003017,Std,Affluent,0,0.04186758668882509,0.19158993902439017,0.03996891739411179,2.0037560975609754,0.9907854222472655,4.983741847215553,0.22346740824880684,0.02259053581279892
MAC000263,Std,Affluent,0,0.09591132405973563,0.3374236873015874,0.06544523555020626,4.590368742246642,0.6662815190980476,3.394000174753632,0.34203369183128085,0.017280590446449393
MAC004775,Std,Affluent,0,0.1936646976451235,0.7908338110315186,0.17414387736985237,9.279381089255017,0.8641003334459246,4.101913367245825,0.2646184076996947,0.06407458578012472
MAC002154,ToU,Affluent,0,0.16552182714947977,0.8260515310789052,0.18296706031628665,7.929729470370372,1.0631193980453848,4.818899604380672,0.24167942844483487,0.06173525042686944
MAC004050,ToU,Comfortable,0,0.1660623750407242,0.7119751250414593,0.12348710764713569,7.945650083250412,0.7150046546191777,4.1971645183475905,0.2789604628229093,0.031392418840828565
MAC002343,Std,Affluent,0,0.31468239834226436,0.8510724865384617,0.19427704973395604,15.07827811065089,0.6416506177524625,3.022692174142346,0.38500320784376885,0.20923422035027972
MAC005486,Std,Adversity,0,0.08814724810696956,0.3699678361111111,0.07369586306472077,4.216106725146199,0.7726696342383711,3.8909883533583374,0.30599095213057453,0.03956768535878743
MAC005279,ToU,Affluent,0,0.1521771189858789,0.49828324601063845,0.10316985475608415,7.264319150531913,0.5566224265297652,2.826218392274873,0.4397099202658253,0.09517282818500047
MAC004699,Std,Affluent,1,0.41559394705704455,0.8086030150753767,0.1435161824226348,19.889991625125624,0.34642619170852834,1.9687659865317628,0.5244146300148126,0.12280677561033025
MAC005520,Std,Adversity,0,0.125264548831852,0.7327437774524159,0.12678696593730093,5.998550512445095,0.9660889524386669,5.5968453524329975,0.2452467394743922,0.03148164952825469
MAC002428,Std,Affluent,0,0.2759557534695409,0.7766348727272727,0.15847493472421054,13.163500744262297,0.5726316777086958,2.820657919478166,0.37573304587090706,0.0743001730796299
MAC002983,ToU,Comfortable,0,0.26634473949253,0.7692405253706753,0.12220127749224843,12.744831958978581,0.44471349828508355,2.8098977751786403,0.40919660733449825,0.05011183840752543
MAC004649,Std,ACORN-U,1,0.5826566595914306,1.353637194512195,0.27277378309588535,27.936496963414633,0.6226879981144278,2.888185041779267,0.39653125995420274,0.5873490015731108
MAC002278,Std,Comfortable,0,0.08487522555388187,0.2280530973451327,0.0546619122125952,4.039439528023599,0.6488839234007815,2.7677092001203794,0.37663930547295554,0.019062976040236133
MAC003864,Std,Comfortable,0,0.1663300276866121,0.764870182555781,0.15481578904448223,7.96324340791075,0.8811781475123696,4.447541011888555,0.2791555805848021,0.056410215922795374
MAC004536,Std,Affluent,0,0.10339162724083673,0.600890698139535,0.12432598185578063,4.938683721162792,1.1409106482637887,5.639191422033726,0.2089824663177724,0.043493028840153033
MAC002485,Std,ACORN-U,0,0.2559415220273435,1.154923715920398,0.220946517126455,12.272213931177443,0.868542726472983,4.584995658103915,0.22947161916700023,0.04223628548508639
MAC004461,Std,Adversity,0,0.10414907182229736,0.48999504262701365,0.08425509829127058,4.9927298628252785,0.7514420592298031,4.344651978078337,0.29329138408906336,0.03970781367785654
MAC002216,Std,Adversity,0,0.0947096647920076,0.46570049099836336,0.08501321601762994,4.534222585924713,0.866460366124859,4.751878462217857,0.2498905575033901,0.016091869676231368
MAC003234,Std,Comfortable,0,0.1437445993276945,0.6644651591337101,0.1256749531782444,6.885519772881358,0.8289504042479177,4.47306286232054,0.2632818037757163,0.040841182754452345
MAC001395,Std,Affluent,1,0.5115677068135087,1.5118990831804282,0.3144719196024863,24.51245259847094,0.5999074837141959,2.94411224961445,0.3586090874662901,0.1295582743219391
MAC005119,Std,Adversity,1,0.5256948961044565,2.4331583075235104,0.5622413613562837,25.20493573573668,1.1712439442829248,5.17706267497742,0.21812527113745608,0.2566779184938731
MAC001181,Std,Affluent,0,0.05554070349576173,0.4097173580645161,0.07935743391711368,2.6609201230414743,1.3958933923940715,7.379393045950736,0.18071587368136216,0.03645363652320227
MAC002574,ToU,Comfortable,0,0.14524699209515365,0.43706666649999987,0.09236631374243788,6.938620000000001,0.6368045366483495,3.0178659750072194,0.35346384832708644,0.034994560570276466
MAC004108,Std,Affluent,0,0.10699242509342917,0.5423905050535989,0.1115299303869376,5.125087289280244,0.9974974114946207,4.8335728844103505,0.24049932907678492,0.04270757037831671
MAC000141,ToU,Affluent,0,0.12881419422521506,0.6333403466584159,0.13984933824318846,6.162313118935644,1.1188648458218522,5.018169422178305,0.2220020719259956,0.046583175569468144
MAC002170,Std,Affluent,1,0.335600406588283,1.2936978991922465,0.3163320279235467,16.09457350516963,0.9091018323252273,3.835231653708983,0.28795923901208365,0.13846142774255413
MAC000988,Std,Comfortable,0,0.112979363604825,0.9023491130177516,0.18483237928223448,5.401863903846154,1.4379027232234707,7.4667778255977915,0.22090768029731833,0.09034463983826707
MAC004518,Std,Affluent,0,0.1657461511501116,1.6151803461442789,0.3048475506854153,7.938578354601987,2.014904817482952,11.007914903446922,0.10922999550322757,0.0716668312382419
MAC004296,Std,Comfortable,0,0.09958649877955837,0.9615765069551776,0.15518119178961126,4.768454404791345,1.5350395560005843,9.571628271428358,0.12622177158045675,0.024707823708417544
MAC001740,Std,Comfortable,0,0.10309940636068275,0.37713458513302034,0.07456419348084628,4.924541470735524,0.7010106639367674,3.55868847305141,0.3179570127540471,0.02059966189649927
MAC003067,Std,Affluent,1,0.31885478905426645,1.82743902652439,0.35341027017815063,15.252780489634148,1.0975083579437408,5.860923624164452,0.19635728980285605,0.11292431104290546
MAC000780,Std,Affluent,1,0.5016329819735607,1.4942294135294116,0.2940861229337617,24.02020441132353,0.5945121539728733,3.0458632374686014,0.3585885723485188,0.18074822998758483
MAC003972,Std,Adversity,1,0.3651590749776683,1.2606788079470195,0.28529122253772343,17.477276492384103,0.7657261333595098,3.529572480507764,0.30018907625165575,0.15744162271873915
MAC001827,Std,Adversity,0,0.15469259786120634,0.721560821327014,0.1319026970486868,7.395266982306478,0.824768626415252,4.3723685805859835,0.29738161339590374,0.035944826748121377
MAC004259,Std,Adversity,0,0.10435322140890482,0.5278686238021638,0.09171582364574264,4.990414218856261,0.842991957932246,4.843813945830565,0.255874259382394,0.022265835722661262
MAC001223,Std,Affluent,0,0.09770762059209952,0.2740821917808218,0.050744202674564115,4.673919330289194,0.5209049234893124,2.756678107834803,0.41030259221772564,0.024140725852689414
MAC005323,Std,Affluent,0,0.1610252861149114,0.6097852366442953,0.11130733905062955,7.715844296241612,0.5887223046347858,3.322271228336831,0.4120901179749015,0.059724953225883455
MAC003699,Std,Comfortable,1,0.2963338669721584,1.1928274436590438,0.3318764196836186,14.133124743243245,1.2835322913790506,5.018621049855503,0.24849744223687328,0.16418914243598162
MAC004652,Std,Adversity,0,0.08305766545832657,0.47345150434782607,0.08581283580737267,3.975225751839466,1.001573712796748,5.541912537615308,0.21031397778036126,0.017516041964860035
MAC004101,Std,Adversity,0,0.06938520962173918,0.4637166923430322,0.08643293004019195,3.3223154670750366,1.1381433442321471,6.135930575834899,0.22380825817558736,0.03161040684676672
MAC002272,Std,Adversity,0,0.2516850750439691,1.2915471997050147,0.2766422895104099,12.02997640176991,1.0836434325390425,5.12944487879513,0.21579668653831596,0.07635919724775188
MAC002261,Std,Comfortable,0,0.13764135027481145,0.5213598820058997,0.0891457339875708,6.586871681415931,0.6233874003462014,3.664638398240952,0.31230735130055104,0.031390540287995504
MAC003069,ToU,Comfortable,0,0.11381058020372278,0.49217835411585364,0.09067722642744687,5.4339710370426815,0.7457670143551394,4.173614071230614,0.2991402684130316,0.04118379908763668
MAC005301,Std,Affluent,1,0.32741661930625027,1.8954796214673908,0.43603010260856445,15.699002717798912,1.5890384633394752,7.638898547166654,0.17727465689067684,0.23009681328573348
MAC000430,Std,Adversity,0,0.142828165520149,0.6839461762039659,0.1460619391802382,6.5678526923512734,0.953330298919537,4.7145650558048136,0.2605094299632781,0.08454817508612249
MAC001523,Std,Comfortable,0,0.2894519936470271,0.8406101682588597,0.1718254687359984,13.814944528043144,0.5875091067969301,2.8949812335431164,0.3715757234861924,0.06579935492622874
MAC004035,ToU,Affluent,0,0.10224077121176761,0.47908609254966883,0.08534594762705196,4.896988410430463,0.780021856807376,4.443073637041472,0.28252309326366737,0.028319747333461272
MAC004510,Std,Affluent,0,0.13666466514943015,0.2837898009950248,0.045998166307046465,6.545470149253731,0.3474495965899631,2.09173804847526,0.4950706163834927,0.03455767326769918
MAC005136,Std,Adversity,0,0.11451590888477178,0.4167218746875,0.06930277589153183,5.481478124843751,0.5829508967111865,3.5213115537815427,0.34421254922718164,0.026231020532712264
MAC000020,Std,Comfortable,0,0.1366918175952484,0.6334235009791922,0.11871417157107239,6.552363525581394,0.8024381790753757,4.374535222246873,0.2798614202165219,0.04758636589230968
MAC002816,Std,Adversity,0,0.14204279700159847,0.48796969772727267,0.0765431897776262,6.791013637121214,0.5192451360880386,3.3208786585109373,0.37074710769406927,0.019706082540779383
MAC004103,Std,Adversity,0,0.22152077502719114,0.862346093568147,0.15040769572840196,10.61390045819296,0.6733822345699474,3.905343159125753,0.2792328005487651,0.037096656944331265
MAC002248,Std,Adversity,0,0.16011623043247422,0.4740457225663717,0.08858628597074387,7.662038347935104,0.5418827969672352,2.9044869526329706,0.38130521113968574,0.026896926551076446
MAC001211,Std,Comfortable,0,0.20783444791068736,0.9787926841463415,0.19009971790485286,9.908562718989545,0.9956971769557681,5.136363774522393,0.2330150493335655,0.09635964925420976
MAC005093,ToU,Affluent,0,0.030982115394038275,0.13923400936037442,0.028033740423734375,1.4838876755070198,0.7865696608356901,4.055198076294464,0.3505291479629631,0.019315444522423883
MAC001815,Std,Affluent,0,0.09492874695012095,0.7151184834123224,0.14533177854676668,4.541078989415482,1.4746689671797892,7.48667047802699,0.16100037530913958,0.045939628338098046
MAC004972,Std,Affluent,0,0.16809165929528352,0.44636410897269185,0.0825602404286006,8.048951885305591,0.4793336615942815,2.605486522794109,0.43974425296583963,0.0361408496002017
MAC004793,Std,Adversity,0,0.1632681139848337,0.5972926830703014,0.11328155546679577,7.826186513916787,0.6632709946801627,3.5025153940724874,0.3326558273154168,0.034754589081276197
MAC001473,Std,Comfortable,0,0.16614395513141028,0.5140276924615386,0.10533346843347129,7.950253846307692,0.6220123593487603,3.0670180071281967,0.35336581345416496,0.040702811932365274
MAC001853,ToU,Affluent,1,0.330329351078185,1.2674328567140596,0.2761144414408935,15.790135856556082,0.848797500786251,3.947521006698844,0.2776206427963686,0.21111339671014875
MAC004585,Std,Affluent,1,0.3453746874409722,1.6357483333333331,0.3785238676551774,16.5484033305,1.0943843182638295,4.903043690628374,0.21942095949616203,0.1251772871761712
MAC003243,Std,Adversity,0,0.31075484293774724,0.8930660383018872,0.1790250137713691,14.867235849433964,0.5781017159121474,2.8802996792287954,0.36702251592609125,0.06670772407277374
MAC003530,Std,Adversity,0,0.0530424979303991,0.36914509823529407,0.06893148785865956,2.538056863529411,1.1964398336399178,6.4543425405981365,0.2088042877415855,0.03848622853943981
MAC002836,ToU,Comfortable,0,0.14949846229471941,0.7404029857142855,0.15160483672825387,7.166565032409383,0.9728092589515097,4.816534778052572,0.24379071049412296,0.08462905987025751
MAC002064,Std,Affluent,1,0.3809693071403733,1.253472845367412,0.2668123026201484,18.23336741533547,0.6754786291182253,3.2241454224743147,0.33412886438339506,0.12467038158533292
MAC001170,Std,Comfortable,0,0.10895963170062783,0.9099048361027191,0.16817630439527817,5.221415410271903,1.7204673293700303,9.133625931490924,0.1486876608366673,0.06619453685750983
MAC002967,Std,Adversity,0,0.08788444383178252,0.27546128500823713,0.05777553657689776,4.206566721581548,0.6487289188585305,3.1304620622206407,0.3358125664705104,0.01278775810123846
MAC001702,Std,Affluent,0,0.1391503410501513,0.4079095160686428,0.07896636626539763,6.64037285475819,0.5451046518007057,2.8474736227073776,0.38741090665426664,0.0324963423910001
MAC005281,ToU,Comfortable,0,0.2593060070043689,1.098590797820823,0.2153624432569522,12.406430990314771,0.7929565540498893,4.078438516880554,0.2795249347583998,0.07392954040215723
MAC004051,Std,Affluent,1,0.3787139684012484,1.2565638487562187,0.29568604396352544,18.146606965339966,0.7871429781260837,3.3897766319388487,0.31152894546797866,0.09810792319370223
MAC004670,ToU,Affluent,0,0.1854379118060834,1.4215384637123747,0.30988791227671086,8.89203344866221,1.579778411213412,7.590799089238822,0.18505519001404636,0.1068929473269636
MAC003799,Std,Comfortable,1,0.4963568492723561,1.9513629034274191,0.46395347920651375,23.74253426633065,0.9406356482226408,4.0466068768565195,0.2602034905238725,0.15683791081406387
MAC003488,Std,Comfortable,0,0.23472036609974048,1.121284045525292,0.2285483800088373,11.241591440466925,0.9427480019996387,4.672288769637646,0.23349102282218878,0.06464994254408292
MAC003435,Std,Adversity,0,0.2029041552373687,0.8357616271317829,0.16877285609902395,9.72395542616279,0.7920541825349504,4.0134096159673405,0.2927705959275932,0.06849107859353751
MAC004278,Std,Affluent,0,0.24509657768834126,0.9390046378670789,0.21349511299737364,11.71563369381762,0.8425161969633705,3.942665388363525,0.2782540080545094,0.15715741701668032
MAC004546,Std,Adversity,0,0.1944110704149665,0.7530709840597756,0.11802366418214197,9.303468244333747,0.5995675940891463,3.8653287614487026,0.28360314205193415,0.02475284230154684
MAC001660,ToU,Comfortable,0,0.13123034893603228,0.6858211513219283,0.13257501630901736,6.285404354898911,0.9688393811923292,5.109377934247661,0.22696772021430636,0.03821153033358083
MAC001756,ToU,Affluent,0,0.26876743243209544,0.7961520358934167,0.16607835340507832,12.844261752507835,0.6124935743016187,2.9535202446681716,0.35368412131192034,0.06806942662208608
MAC001782,Std,Comfortable,0,0.17042591465782078,0.7137917998422711,0.1437700598508206,8.157613566719242,0.7732607902800361,3.9256428810696455,0.3266258637606009,0.09306235150258589
MAC001808,Std,Affluent,0,0.08269734675456607,0.4499132492113564,0.08206846451500929,3.954340693848581,0.9154595448687928,4.986258345686653,0.24619967729180986,0.022729501455434047
MAC000944,ToU,Adversity,0,0.12889416828334868,0.3751464872944695,0.08577000775541736,6.14627802690583,0.6686817889175283,2.9023017362179266,0.37348111817493784,0.03390104591330075
MAC001727,Std,Adversity,0,0.23946460925458932,1.0673479641065828,0.20235870719268212,11.458278998275862,0.8171099659353316,4.397276212779064,0.24617735118848724,0.053371009181628175
MAC005172,ToU,Affluent,0,0.17342115684958911,0.9549827840375588,0.20341202241232667,8.312779340845069,1.1003867633054467,5.213215542551636,0.23803342917554218,0.07389188388629184
MAC004204,Std,Comfortable,0,0.21929714733866829,1.5391033944444443,0.27234095601690944,10.505174382407409,1.1728618317572839,6.6667680900308595,0.18651400344147032,0.08022875185633271
MAC002487,Std,Comfortable,0,0.18950278778866678,0.5683300165837479,0.1083711538635741,9.07332172487562,0.5581912568429864,2.956531250160343,0.37185009239834355,0.06041862817644769
MAC004462,Std,Adversity,0,0.24941784085879765,0.9172887226765799,0.20107948128126368,11.934439898884756,0.8101553009841954,3.7704030201151872,0.2767694914916302,0.0800192478090039
MAC000510,Std,Adversity,0,0.1481998972696293,0.50367234070922,0.10839213734930647,7.097293617304965,0.6854209766615713,3.3538245059127227,0.3670364285810621,0.06678457555096215
MAC004425,Std,Adversity,0,0.15136917749952822,0.6988655462184876,0.12102732717791373,7.239768907843137,0.7667417082073416,4.452823141627886,0.2667731537837543,0.0329833067174576
MAC000934,Std,Comfortable,1,0.5322905524074222,1.431453733432836,0.2916128153983433,25.435377615373135,0.5871151975290686,2.863882769978202,0.40204133269006254,0.18770113827409501
MAC001686,ToU,Comfortable,0,0.09240354939717695,0.5610825542056076,0.10699002514962841,4.422677569314641,1.0948781453455276,5.83209176268236,0.21788618696650652,0.05299215964448856
MAC001649,Std,Comfortable,1,0.4317613319609486,1.2477082689547585,0.3300948098591393,20.701653669578786,0.7847758236950825,3.4563888516385624,0.34884460031397885,0.33156276858981154
MAC003590,Std,Adversity,0,0.23873161187712832,0.9454999972440944,0.1545298812319712,11.379793304133857,0.6382015773264286,3.916203237492491,0.28585929948998534,0.024077710815031576
MAC001972,Std,Affluent,0,0.0679804861458297,0.5105429934713378,0.09794081353545663,3.258394903662421,1.3663987755030982,7.112415474853357,0.17176968171931342,0.03420270443517341
MAC001184,Std,Affluent,0,0.178361967804686,0.6854093652567976,0.14224194237100068,8.539853473716013,0.7668589269811603,3.713232593294748,0.29249384970564585,0.07240154463817132
MAC004106,ToU,Affluent,0,0.27309438110418094,1.0239310869831546,0.22071202386655178,13.076436446860647,0.7788107365384501,3.6222829449499985,0.30752891368146534,0.08309007020871896
MAC000835,Std,Comfortable,0,0.3064258124987522,0.9876962946666668,0.22213626520928048,14.677832588592592,0.6934652335644635,3.2032468288317553,0.34800913040076936,0.13302996404320985
MAC002833,ToU,Adversity,0,0.12897341348831207,0.5647303027272728,0.111761531826302,6.159007575909091,0.830339224731304,4.225223667943629,0.2658406363039944,0.03919934051511992
MAC000667,Std,Adversity,0,0.07423665759329305,0.2965300146412885,0.05857643631279987,3.5561156661786253,0.7629038871715573,3.878442925314398,0.2878291578993927,0.017536335039022327
MAC000945,ToU,Affluent,0,0.16650493330417634,0.5955985070149253,0.10670786921864231,7.959440297761196,0.5532802301657954,3.2365082253866055,0.3983576694511768,0.06793267637631141
MAC003823,ToU,Comfortable,0,0.29265292356812234,1.0459737389898993,0.21207409015764223,14.002579799393935,0.6999302343040663,3.5121300114972143,0.30593244808445846,0.07867991549663911
MAC004288,Std,Comfortable,0,0.08747130166093031,0.4375681117647057,0.09543349176686362,4.189934984829724,1.047542211611668,4.923023452557285,0.2360644496511188,0.045817461868747196
MAC000904,Std,Comfortable,1,0.3486347450518273,1.090047477448071,0.2480622400655789,16.703396144510382,0.6874505781879592,3.1031682658022772,0.3518295817477368,0.12262666536217406
MAC000319,Std,Comfortable,0,0.16051871642192725,0.5384828064649243,0.08771943162301887,7.669368638927101,0.5244383669209525,3.311778747136001,0.35694362178589895,0.08585658684793172
MAC001505,ToU,Adversity,0,0.1931912437801687,0.6973235748844374,0.13974752156934517,9.215624037134052,0.7015836949432245,3.5401284672895272,0.3107586637147181,0.04968625068487345
MAC005120,Std,Affluent,0,0.13629764608771103,0.6088812506249999,0.11489545933023286,6.513014062656249,0.8264900967714773,4.449676201835155,0.24731123109929007,0.040204704653580836
MAC004246,ToU,Adversity,0,0.09882409059269737,0.2565023183925811,0.053798498851215376,4.735553323029366,0.540567457414274,2.55098662417382,0.42793555041759856,0.017887877696961846
MAC004389,Std,Affluent,1,0.2741841565077131,1.3750599744769871,0.289643330880192,13.129905162900975,1.0554859725900974,5.12953135948705,0.21816204474720186,0.11129720629030176
MAC003988,ToU,Adversity,0,0.06231951540901963,0.6714586089403973,0.10562492389425444,2.9855149008278143,1.666317848489087,10.714166657548832,0.105040188864254,0.015317411940394359
MAC000906,Std,Adversity,0,0.2645265649556825,1.0882882606240711,0.21304147039361884,12.644277857800898,0.8128413595659199,4.211308506222592,0.25792503706567255,0.10261609546796187
MAC003770,Std,Adversity,0,0.2828469297807018,0.8617315763157894,0.19334917356388703,13.461726313684212,0.6721155894356264,3.0639442291127685,0.3471524967724053,0.09001998249728178
MAC003191,Std,Adversity,0,0.23256300331423121,0.6909307108614233,0.12439917482016404,11.123619849438203,0.5160987283785802,2.858540506258088,0.40348837296293755,0.04899976599348142
MAC001553,Std,Affluent,0,0.1402092960596208,0.5445346690292756,0.10203441172210519,6.685791987827428,0.7071034155211477,3.8025812780932178,0.31730087618630504,0.09065561284419693
MAC003557,Std,Affluent,0,0.20807487639914865,0.9345672347188263,0.20598566325350492,9.973858188264058,0.9649361903590287,4.518380944403077,0.24177061825003227,0.08128764290826437
MAC002655,Std,Adversity,0,0.20559030804989795,0.8435547223388304,0.14249678590328627,9.841280360419791,0.6896267447926652,4.112391334379929,0.2862997310872998,0.058392919700301325
MAC000296,Std,Affluent,1,0.3877799649982172,1.8630629259917926,0.4511276506496248,18.593463749384412,1.2001464362514787,5.135670884869119,0.21148316148663657,0.13505469711994897
MAC004642,Std,Comfortable,0,0.11129261338726608,0.4344280933110368,0.09709624443080603,5.339429766220736,0.8286471360793578,3.8573021429228325,0.29916929884587307,0.05433127889188865
MAC001739,Std,Comfortable,1,1.2496558783594491,2.3443302057902966,0.3926032973065303,59.36187950751174,0.34487994962893287,1.9623184728670953,0.5369383817106879,0.494353535540856
MAC003607,Std,Affluent,1,0.4605082292886119,1.6098678481262325,0.3803755910378956,22.06728795996056,0.8273887187121947,3.6282506075987593,0.32219653815307037,0.25985246593222777
MAC004587,Std,ACORN-U,1,0.6034221362776805,1.728858097829716,0.3769543560632969,28.885504184974955,0.6238596172798571,2.8825081196972624,0.37344693538922114,0.1883725783676982
MAC004115,Std,Affluent,0,0.24812483465273247,1.2235628832822083,0.27683200816097003,11.809309815490801,1.1198982321797466,5.127873253693483,0.21494872377281996,0.12918032276731334
MAC002319,Std,Affluent,0,0.07644648528174555,0.486745937813885,0.0928494139061432,3.663812407533235,1.203274210308114,6.37468179364109,0.18078318295823118,0.021717763027584575
MAC002472,ToU,Adversity,0,0.040515775305537675,0.1834820895522388,0.03789718379528292,1.935426865671642,0.9715063036511957,4.8132889218631725,0.23979165521943827,0.014823314999035744
MAC002808,Std,Adversity,0,0.20071803255489862,0.7926868372163387,0.14972659509600975,9.58107715325265,0.7191897369675306,3.855945003990991,0.2939407179170407,0.051735765262894855
MAC002737,Std,Affluent,0,0.12989424500621916,0.5101659132730015,0.09051477796629633,6.2025610865761704,0.643281479022326,3.717376811070195,0.33261505999554253,0.04504634359444603
MAC000047,Std,Adversity,0,0.1107313631782073,0.2614938725490196,0.051416227580269126,5.305507352941177,0.47596206230998234,2.4160796629335586,0.44345632016650827,0.026600971128430993
MAC001718,ToU,Comfortable,0,0.06123876922114069,0.24182785602503906,0.05072986736321561,2.9289702660406887,0.7861089875457966,3.70792442116096,0.3120483989542983,0.01853458807243274
MAC001228,ToU,Comfortable,0,0.08867305424614186,0.30208980213089803,0.05509644991508814,4.2351461187214605,0.5892192111129481,3.3619066323089726,0.32804867042010605,0.02643171036787622
MAC000076,ToU,Affluent,1,0.38626476455540243,1.4956498782555288,0.3264010686857184,18.510697784520886,0.8354717617532288,3.876937866944322,0.27499069514989416,0.08661095970531416
MAC003476,ToU,Adversity,0,0.16928727150817804,0.5773456306796118,0.10796682231614166,8.103320387961162,0.6164075218663169,3.30896302260495,0.3339950688479602,0.029001255149437653
MAC001396,Std,Comfortable,0,0.03672667970368234,0.22221133231240423,0.04269642520995987,1.7581577335375191,0.9689146334037425,5.149457062706265,0.3003877141481888,0.028053880527556516
MAC005456,Std,Comfortable,0,0.15338041625465088,0.6725894420821116,0.14486341798454674,7.216491201026393,0.9022619142947077,4.3932745952351855,0.2627479646878608,0.06642214909373648
MAC004111,Std,Affluent,0,0.1971696661535157,0.5678865033742332,0.1167873868656516,9.439407974846626,0.5987725621470601,2.905174816580227,0.37071348684956357,0.047868097727490226
MAC004266,Std,Affluent,0,0.18272823562289497,0.641441177244582,0.1332365491247383,8.73495820510836,0.6799135092846957,3.3382972295408395,0.36207886080360707,0.06072217497666068
MAC002057,Std,Adversity,0,0.142415667013877,0.4313274476725522,0.0867379708965492,6.812020866773677,0.6017708674483824,3.017936059138493,0.364231139200386,0.03267701772070074
MAC002129,Std,Adversity,0,0.08808089257049316,0.21447427652733117,0.04902663557423706,4.217102893890674,0.6018227476304284,2.5779661402203438,0.42208875852374894,0.04486634305637203
MAC001754,Std,Affluent,0,0.1129709242095993,0.696369906739812,0.14223440351627348,5.413235111128527,1.1899410069210818,6.0609376670140325,0.21118086078668943,0.06878850936019089
MAC003042,Std,Comfortable,0,0.1777896579657551,0.7560594518292683,0.15369795783831885,8.510611280487804,0.8118056037871973,4.035651344699307,0.2918927190793381,0.06209804927338034
MAC004145,Std,Comfortable,0,0.15249688904580894,0.40945692307692305,0.08651812153319374,7.2968969230769245,0.5630697683288086,2.683677710371213,0.38637877368491497,0.024657063404806844
MAC001086,Std,Adversity,0,0.1562991215452275,0.7045098039215685,0.12957831190446353,7.464393664856709,0.7988549483720612,4.410074916798617,0.2676351825912038,0.04103781668694399
MAC002739,Std,Adversity,1,0.30317893117903694,1.4368657600301658,0.32530230629918006,14.520141776319756,1.0562034944593444,4.850610697492063,0.2233815577407121,0.11424653229401226
MAC004481,Std,Adversity,0,0.13253051659954784,0.8133726705590064,0.1603577807873408,6.3504621118012405,1.1357979215882963,5.997201267971006,0.20526144100853522,0.0637028774228419
MAC005034,ToU,Affluent,1,0.3491375669050345,0.9766496051181104,0.23056557103087497,16.69673228307087,0.6478879747448099,2.8277428290021147,0.3771916643355036,0.15181626432501502
MAC001574,Std,Adversity,0,0.10116226399462364,0.3016924315619967,0.050012403713696925,4.826653784219003,0.4780870703817847,2.978867644429235,0.39360986954835026,0.029265908812710822
MAC004289,Std,Affluent,0,0.10447175255132798,0.4180077279752707,0.09739554767852514,4.980700154559504,0.92261104235343,4.016882747185108,0.28616328643589994,0.045077255257105917
MAC001546,Std,Adversity,0,0.20775166923150998,0.719543913405239,0.13952359630692565,9.90599075485362,0.6314015213179833,3.341617266309714,0.3626890690769944,0.07603847751254254
MAC000022,Std,Adversity,0,0.2617313242131336,0.6349718476132189,0.10702271815542594,12.535727049449209,0.5143179895742264,2.8032771360697613,0.4115395432692163,0.14274603868535912
MAC002977,Std,Affluent,0,0.12140389342339032,0.6912264452892561,0.14579179265384354,5.797692564132233,1.0679798564598522,5.238251450336462,0.25395418896563104,0.08647580673310758
MAC002688,Std,Comfortable,1,0.2801236915725832,1.5788584755832036,0.27291135146422446,13.364945568584764,0.9437192185804192,5.529080581011883,0.22707637750460125,0.10764210405072955
MAC002196,Std,Adversity,0,0.067149518249761,0.5758119936790923,0.10643335262515931,3.213987034359806,1.441148737145805,8.14084361356858,0.18068442218031092,0.03968734964604292
MAC005320,Std,Affluent,1,0.321259463953668,1.4588123348525468,0.3242919231285738,15.399840486461127,0.944182198657865,4.378344472519465,0.26657105343087734,0.12518424872490688
MAC000164,Std,Affluent,0,0.32075349738013886,0.8966541347117793,0.18796022063830178,15.376998746491228,0.6736007151114677,3.200167656876972,0.36541236735408794,0.17303534934580012
MAC002046,ToU,Affluent,0,0.1643729850481825,0.7048009638844301,0.156864260378078,7.8803146070626005,0.8906331317811117,4.175555848927509,0.28757814083418626,0.09375516089193862
MAC002569,Std,Adversity,1,0.3310595774161495,1.3438833326666662,0.2368079664727016,15.84608499966667,0.7146921284959181,4.065644656041677,0.270805934568388,0.07123879954067727
MAC001423,Std,Adversity,0,0.19419179306094075,0.5141607963246555,0.09472136789715917,9.286223583460949,0.4640327319847708,2.5602240544038954,0.4317310855134489,0.04238798530919184
MAC003768,Std,Comfortable,1,0.3450753560839833,1.0184609208416837,0.22455641864178008,16.534923846292585,0.6281737720802686,2.928798649781631,0.371457892964104,0.12537803248803206
MAC003295,Std,Comfortable,1,0.24886205140790837,1.93047138129771,0.3446570566587367,11.91508016049618,1.3509263381938428,7.615753753548022,0.14761957961620872,0.06223114470005401
MAC000657,Std,Adversity,0,0.12824643109983777,0.42847529127906975,0.08817128388770663,6.145052325581395,0.6724490448731252,3.3234647921259977,0.3357381105400757,0.08050033438550047
MAC003812,Std,Comfortable,0,0.11505011857114081,0.4788790322580644,0.09824945095406568,5.5023770161290315,0.810082354836834,4.005132684356826,0.2784323671247748,0.03241971872033094
MAC001218,Std,Adversity,0,0.02766362436638363,0.11858421851289835,0.02417972016660726,1.3108786039453721,0.8110846138891705,3.9614224221763696,0.3389676545049639,0.024462409162471485
MAC001981,Std,Adversity,1,0.33302424838789224,1.455417200796178,0.3189469910768377,15.965105100159231,0.9415139445583739,4.346754192344879,0.2522784436670918,0.0862391242708093
MAC004378,Std,Comfortable,0,0.07546384112858147,0.3322622036262204,0.07917059992327666,3.614156206415621,1.0226588853062346,4.272650688332364,0.25337655203513704,0.017375493686085097
MAC004728,ToU,Affluent,0,0.1120551835917878,0.3972546496423462,0.06408142727416787,5.364151645350501,0.5513924779226201,3.4380036261893814,0.33875782219783984,0.016719464925447933
MAC002088,Std,Adversity,0,0.24957086809503554,0.8325632000000002,0.14372037447428992,11.93822720048,0.5660655202267467,3.3777623467997167,0.4096255661036598,0.08178001252077495
MAC002436,Std,Affluent,1,0.27178131334668193,1.2883666183308498,0.29466853014994576,13.007520117883754,1.0329614152082762,4.603916540927956,0.25417280530544284,0.11090795879792775
MAC001822,Std,Comfortable,1,0.49777664347937456,2.0002322271721957,0.4272088143669063,23.78074722969984,0.8295466985606237,3.9427177818006025,0.2898886293225782,0.1336408113645221
MAC003543,Std,Adversity,0,0.12416558471452699,0.3941431372549019,0.08485634286293958,5.945633333137253,0.6860635515986871,3.227740978751487,0.3371236843228518,0.03134572759098497
MAC001135,Std,Affluent,0,0.09364447363762192,0.2667397881996974,0.04732760469510854,4.471704992435705,0.49878102946344427,2.8197740557757816,0.37834456554847773,0.009565514675587899
MAC003817,Std,Affluent,1,0.45910147868363577,1.3737459693548386,0.3113736529742205,21.92668146068548,0.7882532246639777,3.2912873522251727,0.35839851470953044,0.2780606447986887
MAC004271,Std,Comfortable,1,0.4074053530986435,1.1106584233384855,0.24982670841176985,19.523136016074194,0.5360666682988038,2.605566129784598,0.46784383922774975,0.32935524331010047
MAC003551,Std,Comfortable,0,0.0691518528258489,0.45470784333333336,0.07764029240529717,3.3131019609803927,1.0287105408101012,6.097987096642092,0.19591875800202072,0.02278796449847825
MAC004087,Std,Affluent,1,0.3497797521289916,2.667067486042945,0.48698679823392915,16.717519940950925,1.416578189166144,7.746486142764534,0.14668735164804833,0.11771744628643954
MAC005527,Std,Adversity,0,0.12409615089507055,0.5330102340643276,0.11498946225281516,5.948225146345029,0.8562008714372744,4.136294888341456,0.26856529801693557,0.05465854534731966
MAC002607,Std,Adversity,0,0.08466803561916371,0.7596433338333334,0.1334540551742028,4.0523600005,1.4559379724006443,8.4636014433185,0.14831236029153783,0.03709203517841466
MAC002267,Std,Affluent,1,0.3416056783947058,1.2303362824483774,0.2607951522546181,16.30540560339233,0.7336578109900467,3.5590841530499118,0.31403347833144335,0.11133252522438526
MAC005110,ToU,Comfortable,0,0.07325291514290887,0.7285210606864275,0.13000448122162334,3.510212167706709,1.6323137506138818,9.176447776456499,0.14775882610219837,0.037229698343292934
MAC001937,Std,Adversity,0,0.2375736506437664,1.0192861691573927,0.2157788957123188,11.370732910333864,0.8713185532293601,4.296943657190635,0.2576199615519732,0.08200513861158765
MAC000563,Std,Comfortable,0,0.09969349511722056,0.3424005804063861,0.0717631300286215,4.771907111756169,0.7140414337284434,3.40666975175856,0.31354831428973046,0.018666260619998147
MAC005177,Std,Affluent,0,0.1330345930457053,0.7504162749608764,0.15154357559878773,6.374521126134585,1.1057695266226237,5.665554369005638,0.21229828209928453,0.056252468488254215
MAC004099,Std,Affluent,0,0.07057184645503968,0.43670046082949304,0.08210695250625384,3.3666129032258056,1.136051570727948,6.118327410239215,0.19215796472206986,0.02498403031696476
MAC005395,ToU,Affluent,0,0.17809771714318332,0.7537414960544216,0.14547403631767142,8.534195917959183,0.795233865603079,4.161242270016792,0.26576421116840326,0.05209036492112843
MAC001621,Std,Adversity,0,0.1775352050396727,0.9131984494573641,0.19408291824283883,8.473023255348837,1.0082997079305116,5.1429747314558405,0.23161615688069256,0.11511184090037395
MAC003983,Std,Comfortable,0,0.21347915051099936,0.48712913874172187,0.0976503492558247,10.21160927102649,0.5346666200784075,2.5562967028048984,0.4444629203711556,0.10270678058516097
MAC001715,ToU,Adversity,0,0.23732085962856117,0.49658135593220337,0.17828870344193587,11.388952542372882,0.697751494151239,2.22257104517905,0.4718876085259129,0.17004313951650005
MAC001606,Std,Affluent,0,0.08704305674972296,0.22224148606811148,0.05129894300903446,4.1521207430340565,0.4787343793263184,2.4201023182325128,0.4577020029251056,0.08068300376914947
MAC004833,Std,Affluent,0,0.05429053833582695,0.25265557163531105,0.06073975673625579,2.5994413892908823,1.0256060169046886,4.31548850121811,0.27794753281577267,0.02358255961082184
MAC003818,Std,Affluent,1,0.5010301810229748,1.123088710282258,0.19915425152964036,23.94853023951613,0.34353573710404434,2.086051707748749,0.5769952839827198,0.24476723322856275
MAC001325,Std,Affluent,0,0.12308321179145694,0.5082412213740456,0.07945533220604849,5.878596946564887,0.6187545158560105,3.997152005594542,0.30590795241270186,0.022117935370125602
MAC002484,ToU,Adversity,0,0.06488135929851838,0.3205671641791045,0.06118535604518103,3.107911940298508,0.930674972039247,4.843403291765903,0.2514874231086135,0.025194972726281628
MAC004727,Std,Affluent,1,0.397582443801833,1.537605152503576,0.35999444648315304,19.037715310872674,0.9150662407641976,3.952785325695074,0.26754314737410595,0.11777056145856143
MAC005225,Std,Affluent,0,0.2170469823959822,0.8120198406084653,0.17801111746219447,10.390931216798942,0.7900247759728865,3.879434627509568,0.3073090490898516,0.14327853649068995
MAC000283,Std,Adversity,0,0.14363158965742667,0.7324043718579234,0.1300718316096902,6.886073770628416,0.936129746395267,5.304053901478206,0.23249762992537712,0.04680363320731008
MAC003361,Std,Comfortable,0,0.17618406467628092,0.7210786952015357,0.1407969201838492,8.442491363147791,0.7781237136801977,4.036948381335009,0.26773535395736453,0.03409723780311632
MAC005143,Std,Comfortable,0,0.17588159090497782,0.7898325511737088,0.1730768198791607,8.3904945228482,1.0066426526953944,4.614402826573736,0.23098024038898374,0.05666952982308342
MAC003536,ToU,Affluent,0,0.30950615069034754,1.0306313701960785,0.1788636449964237,14.787770584509804,0.5773503088206063,3.345680350134027,0.32515820562344144,0.05844809866259744
MAC003324,Std,Comfortable,1,0.29290492990111205,1.2708969548009368,0.27697818660725765,13.90983840913349,0.9543124699424052,4.424953365638391,0.24203447049746535,0.08230038610308707
MAC004001,ToU,Adversity,0,0.07518273060859643,0.41664569552980135,0.07912602079338658,3.6000066226821206,1.0127904100743623,5.374194097702519,0.2171867589592479,0.019679740669298715
MAC001909,Std,Adversity,0,0.3058255481815914,0.9371523806349207,0.18967425399355176,14.659373015555552,0.6081490929371953,3.0322031043922237,0.3496727652545657,0.07203174898514182
MAC004757,ToU,Affluent,1,0.31372233767827606,1.1273997118911172,0.24775318913256175,15.046630371203438,0.7848764147230308,3.627325429181553,0.2968065672979331,0.08771752168909948
MAC004160,Std,Adversity,0,0.27242506670450456,1.2327510060240963,0.27313273515773584,12.9201847373494,1.0152191559181334,4.619170956649823,0.23206728129757342,0.08423173975594751
MAC005496,Std,Affluent,0,0.17882586543727735,0.8575463587748345,0.17992719011184907,8.560364240066225,1.0003685927290293,4.87747298680659,0.22440280828211592,0.04851092169556832
MAC001452,Std,Affluent,0,0.2142083739882706,0.6896384618461537,0.16480933468146192,10.25230307876923,0.7212498052873362,3.1537342169924405,0.34257947753910056,0.10802462197130891
MAC000086,Std,Affluent,0,0.1275393562680016,0.5348857491400492,0.11789363738365727,6.093210072604424,0.8669570418189514,4.058852866173709,0.26693706430402125,0.0481163022979048
MAC005246,Std,Comfortable,0,0.18828626233084925,0.648049006754967,0.1086949851383573,9.016426490463576,0.5818789728734326,3.2696042530408946,0.4327294674415508,0.06720441181716807
MAC001540,Std,Adversity,0,0.12338536002056574,0.43445146379044686,0.08419062983226401,5.900480739599384,0.6765467630560981,3.4897535221830824,0.31652008420566285,0.024283808961278193
MAC000348,Std,Comfortable,0,0.09848781265886974,0.3364226517955802,0.07113941689492041,4.711070441712708,0.7078163359965738,3.328138037640345,0.33621698036360415,0.026842821350356087
MAC002301,Std,Comfortable,0,0.07766920277968639,0.2389334321005917,0.04948300910012292,3.703748520857988,0.6313214615741775,3.0673872361028502,0.34663489028416267,0.015314328942446349
MAC002970,ToU,Adversity,0,0.10094136155797177,0.5148583204283361,0.12532543185441886,4.839726525700164,1.2291128034127718,4.970096840388637,0.22961325055080267,0.0413123937218708
MAC001230,Std,Adversity,0,0.1532757507954754,0.6835175038051751,0.12665878514186776,7.332357686910199,0.9796823403704261,5.3162970479541025,0.23391837738970028,0.06110081331334404
MAC005057,ToU,Comfortable,1,0.2249297103276508,1.7709316967213116,0.3589607577284739,10.76740984180328,1.689892901567863,8.385801058614648,0.13806601531826931,0.11600021158641968
MAC003189,Std,Adversity,0,0.2045074437077569,0.7404654205607477,0.17490675943267056,9.798183176448596,0.7740713260739429,3.5377071523957517,0.3148020470785532,0.1534038230031186
MAC004356,Std,Affluent,0,0.15964049796031382,0.7839387181058494,0.17876527057508262,7.653466573816156,1.1706455226145034,5.176676608327109,0.2172403317655254,0.06437855561532019
MAC002556,Std,Affluent,0,0.11101057140260309,0.9812662231281195,0.18655699975368842,5.321404325956738,1.593043637699019,8.4240432150887,0.13557867011550775,0.03478175296645495
MAC002444,ToU,Affluent,0,0.18319045297014538,1.0748569301043223,0.20034176285068298,8.766022354843516,1.1005852090886796,5.926485487464479,0.19133478406663065,0.04548018288682636
MAC004968,ToU,Affluent,0,0.10475109249225754,0.3921709406837607,0.07325681730435266,5.020617094358972,0.6657223352983617,3.595720420268908,0.3669940579523776,0.05152419979113562
MAC001272,Std,Comfortable,0,0.06908092592275496,0.48310045738203966,0.09867563195230337,3.306415524961948,1.1988609124294474,6.033159961047872,0.20401798160989532,0.04092965608475432
MAC003316,Std,Adversity,1,0.4298019771896802,1.3553339669847329,0.3137401579679031,20.467333967748086,0.7233197013382315,3.2566283432224377,0.33450283657027013,0.20565869137750237
MAC000646,Std,Affluent,0,0.20614979024320165,0.7269316854651162,0.15095644334311542,9.874505813662791,0.651289031773,3.257995353468057,0.38558189957858546,0.08108620043140585
MAC002026,Std,Affluent,0,0.1391721954026749,0.608686900798722,0.10038418908920893,6.666503194568691,0.7155134789245656,4.298427889735479,0.2915977609986248,0.029126013041700555
MAC002642,Std,Adversity,0,0.051234733014923976,0.3326616767964072,0.06161611738663105,2.4489071851796407,0.9416779377428469,5.059504285866028,0.34857114895687547,0.04075697552283588
MAC001305,ToU,Affluent,0,0.24522157547423007,0.5443394216133942,0.08771787711474492,11.721981735007612,0.3686888227657583,2.2470041058629664,0.5059593028657249,0.05755506957815127
MAC001147,ToU,ACORN-U,0,0.12896955069647062,0.8332748093511454,0.1745663943502906,6.1700419833969455,1.3536033071654927,6.516992549220148,0.17316980331336557,0.053900484934196836
MAC003858,Std,Comfortable,1,0.36800568572883274,1.2821277884381335,0.3139624263486048,17.637553749898576,0.8392425681908933,3.4987773286378796,0.30875300502826003,0.106529384230847
MAC000224,Std,Affluent,1,0.33374016888183444,1.8848928015313933,0.4103473826515155,16.012721280704444,1.270841630633652,6.029050973275446,0.181857860003434,0.11555528622290105
MAC000128,Std,Comfortable,0,0.10972354314074076,0.521515451421508,0.09218296025518544,5.260817058590854,0.7758287996610722,4.375506293097035,0.2822512109871545,0.027281438378362242
MAC005414,Std,Adversity,0,0.08051315118827126,0.3635790190735695,0.06794575800579018,3.8586348773841967,0.8204113547659369,4.412202867776316,0.2535611907111554,0.01970196764242139
MAC003127,Std,Adversity,0,0.2811261097442612,1.221480917099237,0.24567776976004355,13.466022904885499,0.8340103987582711,4.259027337564419,0.26647724173034937,0.08933758375524445
MAC003070,Std,Adversity,0,0.16542508059233002,0.3933856705792683,0.07841153313866561,7.8972317071646385,0.48100140562192345,2.3891777972147956,0.4498729133224526,0.04723612319616297
MAC005131,Std,Affluent,0,0.046616702268727404,0.17807366739811914,0.03822651949815491,2.2325971782131657,0.8150143828471119,3.518911674446041,0.38907232734120056,0.014989183262036318
MAC004417,Std,Affluent,0,0.1354586742326448,0.645123249579832,0.12917860697651848,6.489742297759105,0.9561155277064384,4.821225736227998,0.22920047454188663,0.04605543065321459
MAC005393,Std,Affluent,1,0.8107014110880907,2.9377523751020402,0.7590107347010246,38.702112903129255,0.952529733552741,3.7967097773296548,0.2848753694158551,0.4459585928967146
MAC005328,Std,Adversity,0,0.07692260655760207,0.6179676544474394,0.09039253239767042,3.686438004851752,1.0903912863451837,7.4516304455994335,0.29188924517886383,0.01589733971626752
MAC004393,Std,Adversity,0,0.07395890639651599,0.23469413407821224,0.04859594217300297,3.540089385474859,0.6501927423448796,3.172296031468046,0.34731389826373227,0.032857025200563834
MAC001837,Std,Adversity,0,0.16956046733878297,0.8488151655608214,0.1880666986475617,8.129229067140601,1.0893855519331865,5.09342337494378,0.2289738501266141,0.07379616304181855
MAC004372,Std,Adversity,0,0.1639875707096279,0.6530878670850768,0.15038741583319393,7.85883960878661,0.8215608487254372,3.8024582079578826,0.3159500882991804,0.08808384301579514
MAC002669,Std,Comfortable,0,0.26426616185114565,1.2363133425787107,0.2657341601303496,12.661953520839583,0.9970265495680625,4.696745673579521,0.22954626151909555,0.07490797490496372
MAC004482,Std,Affluent,0,0.08688099389928618,0.37924099366459624,0.08768549063263391,4.164103105465839,0.9414018609096244,4.166651171141531,0.26814305619707585,0.03121215328106206
MAC002397,Std,Comfortable,0,0.2705139944991849,0.7153612896774194,0.1270840539340773,12.905227418870965,0.4664195673568813,2.6243205447187434,0.41042091945746956,0.07213983320700434
MAC004660,Std,Comfortable,0,0.24595411732690695,1.6068561862876252,0.311830307853749,11.79087291020067,1.2749737455028245,6.672686454874177,0.1621885184647085,0.05296968395157117
MAC001132,ToU,Adversity,0,0.26121262001341305,0.6566838124054463,0.10155964829193548,12.479909228744326,0.3909442283471739,2.51314519930867,0.4340258866325049,0.04650661828972509
MAC002461,Std,Comfortable,0,0.10249215999943191,0.49699999985096877,0.09112824243459516,4.896660208494783,0.8576873616423074,4.726410495600138,0.23994481299146234,0.020357312708477588
MAC003138,Std,Adversity,0,0.15012214618235045,0.9128003354026845,0.20019036847154206,7.165974833221475,1.3859913081979465,6.6322106699976455,0.2014627731713679,0.10093348451132671
MAC004380,Std,Affluent,0,0.2144880010708156,1.0694309635983266,0.22268950448813332,10.282482569456066,0.9797380104163396,4.860273534367662,0.24570300058838737,0.09722421572381416
MAC004176,Std,Affluent,0,0.0710175928415556,0.31439846153846157,0.06727646027905194,3.400752307692308,0.9721282011120119,4.547930773278288,0.2543943928794772,0.030962595581231406
MAC004186,Std,Adversity,0,0.2381742875334459,1.3715454531587055,0.26969422898053663,11.398990751771956,1.129230655320037,5.785894906547406,0.178034310883356,0.030098512103336535
MAC003946,Std,Affluent,1,0.28471643651081613,1.6774683760869562,0.39181454538725785,13.6508082986166,1.4035220264321826,6.168486998892307,0.17215661065995788,0.10679759207863641
MAC001290,ToU,Comfortable,0,0.0487019594651417,0.21650988142292485,0.045352742584677,2.3199525691699603,0.8197252821288448,4.027391197413837,0.3479659756176517,0.023073786888310462
MAC004004,Std,Adversity,0,0.18494183430506145,0.9133973518211917,0.19234813226718384,8.854514901655628,0.9919272919226617,4.861716874385726,0.22697894784705244,0.06925074430125065
MAC001421,ToU,Adversity,0,0.18089960583898448,0.3953526119402984,0.08642146720261736,8.675380597014927,0.48603974760122887,2.210798917777294,0.47332009416929743,0.030143170552284458
MAC003208,Std,Comfortable,0,0.19323598262621383,0.9952448225988703,0.18306507846907272,9.259730697551788,0.8598680719196575,4.867194220868515,0.2855443226020597,0.07363836868386245
MAC004519,Std,Affluent,0,0.15845239009633794,0.6398619406716417,0.12920404056587753,7.593386816293532,0.7594013959312343,3.83949757884956,0.31143972097888317,0.07065550201956085
MAC004489,Std,Adversity,0,0.14895873522388267,0.7784832295652172,0.1490482504318858,7.140868322360251,0.9866391059126286,5.22047550840419,0.210984831423336,0.038324657726697194
MAC003130,Std,Affluent,0,0.2983755971674583,1.0389984717125382,0.20980100519783138,14.243483182874618,0.7338551963425178,3.7636738365847138,0.2853084299605084,0.14098147416128098
MAC002128,Std,Adversity,0,0.06045342758069164,0.2275980707395498,0.05090725473754235,2.8961318327974284,0.8322343436056595,3.7338186298300116,0.27980375677489,0.011623734050308651
MAC001286,Std,Adversity,1,0.2560842050312645,3.4231065445966515,0.5345565404649625,12.262245054033487,2.0889767052830934,13.43261402407717,0.08277619929183708,0.045572439989387335
MAC005223,Std,Affluent,0,0.24043635064461805,0.9179814822751325,0.1913130974022194,11.489354497751323,0.7721847569234245,3.766907814507723,0.2881924020245025,0.06304063323105268
MAC003998,ToU,Comfortable,0,0.16105156080518174,0.7171225162251654,0.13505559380417712,7.722294701655628,0.821938025009074,4.397638316900423,0.24899229511141757,0.0393297210812722
MAC005064,Std,Comfortable,0,0.252830499131934,1.0457492207165107,0.2431675631699832,12.045961057476632,0.9792280177292964,4.297141496495781,0.2617185021286167,0.0977963232980162
MAC005526,Std,Affluent,0,0.21806886594904387,0.8902426891812865,0.15658180292590665,10.431181285526318,0.6858224350250017,3.9922706170935287,0.305508914247505,0.050703415675673734
MAC001055,Std,Comfortable,0,0.16493709153680716,0.5455957766214177,0.09832486884348429,7.870547510708902,0.5480739531657194,3.172300555005109,0.36314287536005024,0.055518701536218185
MAC000009,Std,Adversity,0,0.17862459634263306,0.8881723492424242,0.15742981027844702,8.557729167613637,0.8596629473527584,4.8648105863355005,0.23580130273527788,0.03640927357507545
MAC001241,Std,Affluent,0,0.09512411190692918,0.5835753417047185,0.10984710913412143,4.543144596194823,1.0126773689030553,5.497401280051987,0.2633782360011325,0.047692568740869724
MAC004877,Std,Affluent,1,0.7959878319852124,2.7238997458121825,0.5946083339753223,37.94388832779188,0.754012684731605,3.659417581760691,0.28442622544936985,0.42359992940916513
MAC003081,Std,Comfortable,0,0.23286419053939747,0.9559556564220183,0.18726710704368654,11.157802751070333,0.7934879698101842,4.0847782950241,0.258835368967377,0.039124902036783045
MAC005465,ToU,Adversity,0,0.1980833410420222,0.7895563691068814,0.166988982223657,9.494695462664714,0.7996733015074847,3.8451863601633494,0.29156900526351576,0.057736929544836606
MAC004932,ToU,Affluent,0,0.2548492635858085,0.9886934027166884,0.1931448600783677,12.21174514890039,0.7254863737517017,3.866214720864278,0.28806644275451726,0.08918008086123987
MAC004831,Std,Adversity,0,0.06629608614044813,0.27139507959479026,0.049140238130949775,3.1675282199710573,0.7215311230532172,3.9723808930398916,0.2955684156039947,0.010715755358842177
MAC002144,Std,Affluent,0,0.12014287641487083,0.459199678904992,0.09226901717722483,5.756758455072463,0.7312103878798066,3.673913868922075,0.31108351902350884,0.049188532312644716
MAC002796,Std,Comfortable,0,0.17981564575431191,0.7201963342931937,0.1306321038428571,8.616714658900525,0.7040107708499983,3.940450877914435,0.273961711958475,0.032668315371041715
MAC004892,Std,Adversity,0,0.21053515108000695,1.5330423074358974,0.25005790125792254,10.086208973974358,1.1384388234173506,7.010767972960425,0.174326452368462,0.04341610234881279
MAC004102,Std,Affluent,1,0.5566865762034732,1.1379540551301683,0.2411436086184787,26.638695249770297,0.5073662684211295,2.261839109876498,0.4844205959113171,0.3318407992433716
MAC004534,Std,Affluent,0,0.08315814293893889,0.28038729750933994,0.05264777150444467,3.9855255291407223,0.6137452293579697,3.2839882807512564,0.3397999203933399,0.01566086086384391
MAC003659,Std,Comfortable,0,0.17009393696745664,0.9673913043478263,0.19431562484199652,8.151620553162056,1.16299621841108,5.869749110231758,0.18238939386424502,0.04698497387841492
MAC003630,Std,Adversity,0,0.08067881534458372,0.29393280612648226,0.060640379503458124,3.853891304150198,0.6750899843131116,3.315436911736238,0.3771202278893069,0.04772003318361826
MAC001933,Std,Affluent,0,0.07701428303665056,0.6105484888712243,0.10900827445615875,3.6765341802861684,1.3455406681472246,7.520839062172048,0.16450028510074963,0.021698437657312195
MAC003507,Std,Comfortable,1,1.4402569556711156,2.867145186707566,0.4799379752629866,68.57373415501021,0.4026134184522494,2.2390837670260164,0.4925618341187341,0.7078099269198307
MAC001986,Std,Adversity,1,0.37637235299456984,1.9298516755980855,0.3941054828526366,18.012759173684213,1.0433640247622882,5.116633545332847,0.2101619329761815,0.06002802852940893
MAC001446,Std,Comfortable,0,0.17163870006405538,0.6022415383076923,0.10891417951644848,8.21700461553846,0.6062373760003132,3.388379897556854,0.33196819221882884,0.03542309811125042
MAC005472,Std,Adversity,0,0.015261748818298749,0.06749489051094891,0.015849150192540042,0.7314102189781023,1.0106705270506118,4.441626958710734,0.24727183259013222,0.008639315240668329
MAC004980,Std,Comfortable,1,0.28426000158241216,2.109082029036458,0.4174521812089936,13.49111457838542,1.4843147212067331,7.782847081657201,0.13318340654668928,0.13094229924496645
MAC005399,Std,Affluent,1,0.35503005064444393,1.8542054431292516,0.3986050286928802,17.006123806394555,1.4777391945928229,7.206637927294876,0.17612242281577506,0.28855821182318775
MAC003494,Std,Comfortable,0,0.12362198263438537,0.5231867704280156,0.10116764758787718,5.9139980544747095,0.8047487680568259,4.1963862502500335,0.26545278283255364,0.02153202996377457
MAC003424,Std,Adversity,0,0.22411914368075428,0.6991183936575054,0.15421007989683821,10.733205074418601,0.6846787780090418,3.1954462590147776,0.33538163310317964,0.07408760887171038
MAC002806,Std,Adversity,0,0.14568486383849882,0.7304024204236006,0.1420404719434848,6.980733736913769,0.9538384743160946,4.9748611193782555,0.22945818233424356,0.054104260659255755
MAC004588,Std,Comfortable,0,0.12750862290386458,0.45479131919866433,0.07450470195496674,6.098799666444071,0.5638755356219387,3.4469592291806066,0.35426025029716934,0.02326681968189783
MAC001318,ToU,Adversity,0,0.13775448091129786,0.34249004609494643,0.0696347035724916,6.518315467228175,0.5132414555083614,2.5476013471914967,0.41926894643716445,0.04443942365940764
MAC005360,Std,Affluent,0,0.1626912472784287,0.6511324317567568,0.11683149495341699,7.791935134459462,0.7059770483831577,3.9140236087963576,0.3076334079930428,0.02434102943649262
MAC000887,ToU,Comfortable,0,0.09263647479102065,0.2665890207715133,0.057568537785736326,4.431939169139468,0.6049673295488776,2.8494972824677918,0.37620932769019827,0.022356349356084493
MAC004597,Std,Adversity,0,0.1733596920714157,0.7165292170283806,0.14625251430354322,8.30088647863105,0.8211975855130546,4.156496407809288,0.2820467221947874,0.07528658382233128
MAC003032,Std,Adversity,0,0.1982299018431203,0.8644420728658537,0.17426864841999115,9.49220731753049,0.8249921142658846,4.187398354046926,0.2760452751275918,0.07579133106156634
MAC003357,Std,Affluent,1,0.39354149449007264,1.4585689653256702,0.31116913990060235,18.76669156704981,0.8031942102027833,3.7883926995122463,0.28456749429878997,0.12087625786931838
MAC001975,Std,Comfortable,0,0.15284184989398406,0.6424251592356689,0.12379970130553644,7.313399681210191,0.7867034406513383,4.109179229775722,0.26892321893704274,0.041091048863011466
MAC001536,ToU,Adversity,0,0.2089702058026396,0.7454114021571647,0.14948421807117399,9.985408320647153,0.6805798356354604,3.463892186221422,0.3205683096552326,0.05900951269249746
MAC000614,Std,Comfortable,0,0.22254168084884846,1.2809419432510885,0.24609167209061591,10.660195934833093,1.0974737293982832,5.750060496849063,0.19890057283473522,0.07068630067458526
MAC002011,ToU,Adversity,0,0.023355879766308107,0.1351180223285487,0.027114354484720122,1.1144641148325358,1.1203312316984215,5.40912813991469,0.2394568344698654,0.007780573828691246
MAC000909,Std,Comfortable,0,0.1358707840473834,0.6382032643916914,0.11915013201165449,6.50650741884273,0.8400394583716251,4.546200901893971,0.24780028750185693,0.02895862608210623
MAC003351,Std,Adversity,0,0.08771758513484877,0.5056551722222223,0.10137160902722615,4.194783524712643,1.1159034090204722,5.58019414159066,0.2058500798855905,0.02588249072511298
MAC001518,Std,Affluent,0,0.21036836923566649,1.112725732357473,0.26622089255246234,10.07621417211094,1.237464040796837,5.516223163396134,0.20929061964592247,0.13666262782806116
MAC005487,Std,Adversity,0,0.14106649855227651,0.8784904814055639,0.15514538821607973,6.745231330746708,1.0600445225623152,6.108174523280449,0.18580532217342366,0.039241590402546905
MAC003270,Std,Adversity,0,0.1772955262775735,0.7933238647727274,0.17088622133163833,8.493683713068183,0.9328208173020929,4.525410667818782,0.25284989743925507,0.08718299429222369
MAC000134,Std,Adversity,1,0.4386141732656764,0.6509022573934836,0.10377870967061543,20.987320809022556,0.6009254272610884,3.2774082836068397,0.5094088230983895,0.48900353971696786
MAC005523,Std,Affluent,0,0.18851001910895188,0.7223757307017545,0.14477691458577352,9.015023390789473,0.7250947514609656,3.660210676620168,0.30432608381164117,0.06993110980777073
MAC003733,Std,Comfortable,1,0.43764887178305395,1.6125960014,0.33471142659078856,20.957744002,0.7312954479783967,3.6354372554580245,0.2958618681827632,0.1292495158776183
MAC004219,Std,Affluent,0,0.1392903323152914,0.613673879752705,0.1174581708443194,6.661896445285936,0.842735069456031,4.348268712975985,0.2598175915650185,0.036674513578781376
MAC002988,Std,Adversity,0,0.0914039031161494,0.358965346369637,0.06899242098617783,4.377613861056107,0.6951016317398615,3.672759319901177,0.3003771739595571,0.035754874714029
MAC002480,Std,Comfortable,0,0.2572394667045459,1.184905970149254,0.1939041420848005,12.327998508208958,0.759252761545374,4.704638727865277,0.27801575099706216,0.10592477351401183
MAC005013,ToU,Affluent,0,0.20541357417026848,0.7652083892529488,0.1532293340807863,9.832179555176934,0.7102360670504905,3.5726930439014684,0.3265042691579845,0.05942851685929036
MAC002411,Std,Comfortable,1,0.38981298778830453,1.2128107289120715,0.25297864505715084,18.68261251326379,0.6373856848277509,3.0969908120836402,0.3360699294032349,0.07708584887804933
MAC002008,Std,Affluent,0,0.08115863433305491,0.4065996805422647,0.07572739233486639,3.8884306215310995,0.8797482135613136,4.671208857929894,0.28030774481035825,0.01899435630155263
MAC002646,Std,Adversity,0,0.12921489400884154,0.47262275449101804,0.09674958141600118,6.190266467065867,0.7571517215081602,3.6794673465852337,0.290744046953848,0.023054175476527806
MAC002557,Std,Affluent,1,0.36219021618644914,1.8988080148580961,0.4061403425306712,17.315183640233712,1.1137136832736592,5.272577919001535,0.21297209269318218,0.11181918854051208
MAC004598,Std,Adversity,0,0.06859776783820828,0.3463856427378965,0.08683294803415442,3.289681135225377,1.2717238886054743,5.108405980440426,0.2053384922696709,0.016499033440573085
MAC004379,Std,Affluent,0,0.19315983758902347,0.6836136673640166,0.13743138277910838,9.247013946164572,0.7013602170601004,3.417548295265114,0.33337179697506253,0.04880982238449491
MAC001993,ToU,Adversity,0,0.11317463332155378,0.597525477388535,0.09929113279073433,5.419982483757963,0.8558683767112447,5.193936016987202,0.23652618772583764,0.02430532460851559
MAC000856,Std,Comfortable,0,0.25210968183357074,1.0977274071111112,0.22224346021458177,12.054794072740746,0.8963475867953283,4.476982755365209,0.2414213331247904,0.08142835067439588
MAC000100,Std,Adversity,0,0.25049259433874205,1.2262167476600982,0.2429667334981809,12.006535713669953,0.9438898295976836,4.873152396483797,0.2226400326958476,0.08874297904602432
MAC004323,ToU,ACORN-U,1,0.2811284249541894,1.8919220505567933,0.36583598640325704,13.48080178552339,1.326451044394108,7.00621050843923,0.1611293570704615,0.08472784412080425
MAC004745,Std,Adversity,0,0.08853900235293018,0.25640915608011444,0.05696420851599925,4.227537911444921,0.6408628316374148,2.8925416439833915,0.3666488956579549,0.020116202170298414
MAC004866,Std,Adversity,1,0.27934810066620425,2.090780853400504,0.4098537697596042,13.243357679596976,1.4607879784739746,7.7218041859306235,0.13350110803624327,0.15025259898137489
MAC002995,ToU,Comfortable,0,0.25937030025453667,0.6828993400990098,0.11718168278927076,12.413676566996703,0.414857688262232,2.492373676323156,0.46761544583322906,0.06394029983108211
MAC003525,ToU,Adversity,1,0.28176686142865076,1.3183588227450984,0.28824959042006704,13.473803917058824,0.9779730111760976,4.651157552890012,0.23996043691105232,0.10204601097823711
MAC003731,Std,Affluent,0,0.08788753067792553,0.2867660001999999,0.06008653529731252,4.209780000199998,0.6771849130984642,3.2016888605342912,0.33673435475956565,0.02387425320538273
MAC004914,Std,Affluent,0,0.1382852577721717,0.4144276488372093,0.07756150084739498,6.627312661757106,0.5404288248954594,2.9390016919139077,0.3899798447529338,0.029886378666387856
MAC000245,Std,Adversity,1,0.5791850492366936,2.288545014111921,0.5108449724754496,27.744349154257897,0.8816045232657255,4.037592275482364,0.26513074079750165,0.21742924326706572
MAC004986,Std,Affluent,0,0.1131889047365829,0.3859765315514992,0.08196380960324048,5.42075358487614,0.548590594209362,2.8491087614807404,0.46577702704472107,0.08372352824397149
MAC003058,Std,Affluent,0,0.14512551759630143,0.5279908533536584,0.14909024250597014,6.917896341768293,1.0469121064367102,4.088657295470263,0.28665693397417097,0.12615932545355824
MAC001876,Std,Adversity,0,0.17490458468984255,0.6924367094936708,0.15298104291984452,8.38418038022152,0.8179735637281018,3.6527696091205892,0.3261477877889672,0.0522033101775354
MAC001479,Std,Affluent,1,0.6689958939171282,1.8929260408320496,0.4381227203492373,31.990853630354383,0.682358824545116,2.9538279896490036,0.36031390810447766,0.25900064541470846
MAC003930,Std,Comfortable,0,0.22491908003171354,0.8461599993684211,0.1683926939225506,10.75290946947368,0.7975181869572969,4.122564420822674,0.3262748319866866,0.12208882088255432
MAC002406,Std,Adversity,0,0.14109373871597294,0.7239999991058121,0.1331150802957441,6.752573769448583,0.9093344459108637,4.89540960731791,0.2531676636847979,0.04014641055312573
MAC003119,Std,Comfortable,0,0.2178922982379094,0.5722522935779816,0.0995157678113748,10.428122324311925,0.43494965655070505,2.541876616220153,0.4358201116596332,0.05328156719441001
MAC003776,Std,Affluent,1,0.3812840663711596,1.410799597795591,0.30502125492554233,18.271765526052103,0.7948898587960413,3.7425800879087143,0.29640008031361087,0.14201270417954567
MAC003371,Std,Comfortable,0,0.23610074045346754,0.8389040297504795,0.192111982091565,11.30504030671785,0.8351418526827477,3.6665670644622073,0.29682485619278814,0.06801228891280275
MAC001674,Std,Affluent,0,0.11922312886673005,0.6314555379095165,0.13016837050467617,5.696656786115446,1.0377857533846613,5.126146091089163,0.2523563550766496,0.056652968454111004
MAC003271,Std,Comfortable,0,0.2912902309771392,1.1808825731060604,0.24216749345552216,13.955897724431821,0.8007963781661671,3.959704120287232,0.2746989280530975,0.08418162229488674
MAC002344,ToU,Comfortable,0,0.07216107965871417,0.43342307692307697,0.08319304429925617,3.460744082840237,1.1006970178161841,5.753464369444772,0.20012031763868954,0.020961406558522896
MAC002022,ToU,Comfortable,0,0.11044201599837943,0.5377747610223643,0.09887987789242211,5.295742811980831,0.8739745454599327,4.839412466744596,0.2649443993452014,0.03415605613912739
MAC000627,Std,Adversity,0,0.21131875690415292,0.659623546366279,0.11825715140592838,10.11806395348837,0.5665289062745213,3.1538539791507834,0.3497856598679692,0.053541206758984376
MAC003908,Std,Affluent,0,0.10746405621329527,0.5424912280701754,0.10576245845236729,5.136759397243107,0.9003754542519121,4.725699195429536,0.26018969543944825,0.043096325260362035
MAC003976,Std,Adversity,0,0.23065726667959457,0.8870331134105962,0.1661283484123778,11.035105958940395,0.6466565322897772,3.548838687363612,0.3465487756406761,0.07141737599693694
MAC000028,Std,Affluent,0,0.10021846055247752,0.28965676062407136,0.04553254972793576,4.805254086032691,0.45889353552267614,2.919643942477566,0.4884257545164947,0.045858030603422494
MAC003133,Std,Comfortable,1,0.40173852201216204,1.4297832085496192,0.36729757499560717,19.223575574045796,0.924051333054197,3.9499299897011704,0.2894045713137004,0.23643017945074637
MAC000600,Std,Affluent,0,0.26913211270202164,0.8521712622641514,0.2493852316064069,12.892624096226415,0.9915383074221734,3.763727668850238,0.3036677484584557,0.20849121439191023
MAC004464,Std,Adversity,0,0.3110099537216296,0.9829429996282529,0.1928387997927043,14.900386618215617,0.6270015695458968,3.1588113094812504,0.35049867786345423,0.07508770620960455
MAC004768,ToU,Comfortable,0,0.2487636709088686,0.9390773638968485,0.1843039861245245,11.9248223487106,0.7304553544240775,3.791435294986174,0.2824299658578728,0.07489028699877984
MAC003026,Std,Adversity,0,0.20305968983276582,0.704689024542683,0.139814744284027,9.63837195045732,0.6890819194387289,3.49505982711189,0.31222815390209835,0.07591477629201936
MAC005079,Std,Adversity,0,0.19602689713456764,0.5308595945397816,0.09269730653255927,9.390104524180966,0.43877043707117525,2.5615312395374583,0.44289405505178775,0.05035463326353083
MAC002085,Std,Adversity,0,0.06708219066666667,0.4394319999999999,0.08137564061600218,3.2150272000000006,1.1472690112869894,6.307319435225615,0.1961628804907745,0.0261836691108186
MAC004005,Std,Adversity,0,0.12656859265307233,0.5936225167218543,0.12004024372995162,6.06717052963576,0.9320130822874605,4.655181920321905,0.23769184348726458,0.04278532330115175
MAC002919,Std,Affluent,0,0.2726749262095015,0.9087086079470198,0.25466030331428335,12.986918875662251,1.0138220824799318,4.181926314232654,0.29853661892146893,0.2600175412056727
MAC004784,Std,Affluent,0,0.12850226209203325,0.5076413196556673,0.09319983485751203,6.16249641276901,0.8105102855638756,4.233456482821278,0.2969245972467302,0.05934592518836404
MAC003500,Std,Adversity,0,0.12475435961381502,0.6494085589494164,0.13959828408637376,5.976424124124511,0.9964127563023948,4.8171943209407475,0.24286957996185202,0.06696427632430596
MAC004008,ToU,Adversity,0,0.07144763705908602,0.40179635761589405,0.07076805552195528,3.42168046357616,0.9377983522956282,5.340648285143589,0.24123177403669796,0.018373128362560633
MAC004639,ToU,Comfortable,1,0.6501789392807441,2.6094851487623765,0.6946218827753379,31.202730203465357,1.1779942281402562,4.649633363679761,0.2503442560531899,0.3523645742420406
MAC001541,Std,Affluent,1,0.34309880045214136,1.2348443755007703,0.27812209214915395,16.43880585808937,0.7379487552130409,3.560971445425906,0.34609677146673673,0.18844517052078993
MAC005420,Std,Affluent,0,0.09051054981647101,0.38737789904502046,0.08121976129219148,4.3331964526603,0.8756407436582834,4.151258131235463,0.2736861769415437,0.03391439163962928
MAC004885,Std,Affluent,0,0.04645990798471943,0.4129910602809707,0.08408121700515905,2.226920817752235,1.5606538445151974,8.353252313640326,0.14552436129225751,0.02850116961443391
MAC004059,Std,Comfortable,0,0.24996635309866866,1.294215949501661,0.2769363282685734,11.98421096345515,1.0520457119933846,5.120688328603351,0.23039350426196187,0.11444354470977329
MAC003443,Std,Adversity,0,0.22164402160680907,1.125480619573643,0.21809630051519058,10.594866278100774,0.9514212977451261,4.9931736704114815,0.22677327743653913,0.06234783736689372
MAC000115,Std,Adversity,0,0.18792290790314992,1.078287654691358,0.18870518933600952,9.002095061358022,1.0133926568440135,5.81681897212486,0.20628136340207653,0.056238581712495794
MAC000932,ToU,Comfortable,0,0.22919483821223208,0.7100550727536232,0.14124347541561566,10.922771016521738,0.5723203642599505,2.9803742115622285,0.38237624575411105,0.07284625259636963
MAC001804,Std,Adversity,0,0.06972758457596266,0.33807886451104097,0.05882696327129454,3.329593060094637,0.7986268561809929,4.490569019566089,0.3545340701363327,0.012222702980771851
MAC003749,Std,Adversity,1,0.7117500426572767,1.1837980006,0.2805662799789081,33.996515992999996,0.6039888947379274,2.3130392729345113,0.5693746283469004,0.3540365829214365
MAC002471,Std,Affluent,0,0.23282639995776683,0.9061895246882791,0.22430955381185538,11.159845381546136,0.8947752630496901,3.8449589901325276,0.2916897206926011,0.09394209520341487
MAC004672,Std,ACORN-U,0,0.003758173564024628,0.007170568561872909,0.0019218852033478784,0.1784063545150502,0.8409417173442421,4.13771526568477,0.29447819809322406,0.013592365073483345
MAC000640,ToU,Affluent,0,0.1478316480988896,0.5326250008720931,0.12024248133518134,7.079071219912792,0.7598777292685384,3.335922843689986,0.3493182172196004,0.06363898274852685
MAC002187,Std,Affluent,0,0.22295036128982665,0.8401683993762995,0.16732656275634852,10.664975053430352,0.7168379913224924,3.7291552796973235,0.3218993915695733,0.08761167571730981
MAC003596,Std,Comfortable,0,0.31347620251821917,1.0370629917322838,0.20718344095643823,15.0170590527559,0.6453343450502249,3.2963989990064886,0.3243396168686036,0.08293416077308546
MAC003364,Std,Affluent,1,0.49307741798607424,1.6789520147792707,0.36655118209369875,23.624696737236086,0.7433190502223226,3.451611518196024,0.30840598023841004,0.1548659142594619
MAC002197,Std,Comfortable,0,0.07879241939989834,1.4277504063209072,0.22042597814600468,3.7758622374392212,2.103746082190807,13.422482781896045,0.14353966147379868,0.045780403238577044
MAC003618,Std,Adversity,0,0.0794112689337276,0.606510846942801,0.10865525484805579,3.8020216946745564,1.1712592859143702,6.735609203434631,0.21307845906628722,0.03236368780387102
MAC003726,Std,Adversity,0,0.20350371837158496,0.9231920002,0.177356054661293,9.750902000800002,0.842574510534545,4.465037281109397,0.25021927111821296,0.06478668244732151
MAC005167,Std,Comfortable,0,0.10833252658839163,0.5597308292644756,0.1008261338308274,5.173860720187794,0.8892215891714964,4.935126040290589,0.2689415049335529,0.03580168825108209
MAC001121,Std,Comfortable,0,0.2306576641829837,0.7697149327300153,0.16938897688819093,11.03342081508296,0.7304253885183165,3.3185028427047842,0.31925476239512374,0.03426971053697458
MAC004342,Std,Affluent,0,0.08797282346001414,0.4187966572423398,0.07936696443494476,4.214314763091921,0.8358408585578434,4.492120281592025,0.27764867590224707,0.030467429977288577
MAC005039,ToU,Affluent,0,0.14303130585228543,0.6610826772965879,0.11377752127242324,6.849892388845145,0.7437863307690755,4.361627109392203,0.2857590553440625,0.03934024751200205
MAC004179,Std,Affluent,1,2.110901187314504,3.7938723084615398,0.5645104918930289,101.09236923400002,0.26707279084416613,1.8058192565979352,0.5638289442983222,0.49501816305323937
MAC005411,Std,Affluent,1,0.43736845695732934,1.1594904643051769,0.26279631341862275,20.954446867574926,0.5946763790469564,2.78971026383584,0.37615439955978314,0.19547754164302936
MAC000461,ToU,Comfortable,1,0.36222760478099975,1.2909985897183098,0.2600227155533791,17.360352111126762,0.7135901837535092,3.5411521069541334,0.30754694100990326,0.07994105525237655
MAC002042,Std,Affluent,1,0.3203931557519623,1.7500591977600004,0.3987841379042363,15.339252798079999,1.29745698459204,5.977398259603402,0.18700995633749729,0.14379718165332997
MAC001388,Std,Adversity,0,0.08397146481586536,0.7219785934250764,0.11501483586242849,4.024718654587156,1.3322608167588557,8.341902919506381,0.16030770245959625,0.013799968670365589
MAC003533,Std,Adversity,1,0.2601148551172952,1.5087921574509804,0.33522873374448614,12.471709804509803,1.277387705217648,5.836473986846844,0.18926145205443368,0.06802502368120916
MAC000408,ToU,Adversity,0,0.010769524446313315,0.03033426966292135,0.006150147867165866,0.5156306179775281,0.9504992859934266,4.9754791349315,0.4471531621752999,0.004873352021740969
MAC000607,Std,Adversity,0,0.1536457503711614,0.7575484854545453,0.13405904820018774,7.343315152424246,0.8630012016172779,4.9595617069275315,0.21876820339155026,0.03855665242497778
MAC000012,Std,Affluent,0,0.04413927621704027,0.1598372091085272,0.045455370429864035,2.1144360461240312,1.0015465268811383,2.862457342582499,0.3969135151210073,0.04495193209196748
MAC004991,Std,Affluent,1,0.2940243509318517,1.3975930057233708,0.3280597019501618,14.081593005405404,1.2951181880449445,5.625281366836611,0.20574528050591276,0.18179931133638286
MAC000314,Std,Comfortable,0,0.11563012952773963,0.4335213204951857,0.09000228807474628,5.543445667125172,0.768419622471624,3.693819998714357,0.2938088315643196,0.0260948429407143
MAC002161,Std,Adversity,0,0.1477334159836851,0.6123758067741937,0.11703370563193448,7.072859677580644,0.7709056975367964,4.069657331772345,0.27305708078159047,0.027521178310195026
MAC002725,Std,Affluent,1,0.5294916353806436,1.4867450975867265,0.30002140857216053,25.269034694871802,0.5362151928762775,2.7367901296572374,0.4361968678555043,0.25028498305033203
MAC004340,Std,Affluent,0,0.30659731154007575,1.1465097486072424,0.24955594355438143,14.68799303467966,0.8078475646286865,3.7464014219907855,0.2822924416227514,0.08328208220862882
MAC005090,Std,Comfortable,0,0.2400238166765515,0.8955732760775862,0.18156262690857095,11.462821122198271,0.7555483007876898,3.6897609408348537,0.2965110044315375,0.051060463280379755
MAC005322,Std,Affluent,1,0.4334576987049406,1.2945253285178235,0.26004112597657403,20.786699812757977,0.6528899887033743,3.2563639954525216,0.3381393327170549,0.16854495663463806
MAC002447,Std,Affluent,0,0.1384851205962459,0.5709383551369862,0.12064609066889714,6.578976026027397,0.8279261958219296,3.9745174439936437,0.29712915197859124,0.044028809125057654
MAC003548,Std,Affluent,1,0.30740825584809245,1.2612215713725492,0.32724082939643256,14.723576473921568,1.0627529953079442,4.2142157265781846,0.24881660085817178,0.1083705032824699
MAC005234,Std,Affluent,1,0.2830182607452615,1.363421956878307,0.4538505514571409,13.525355809391533,1.3993727891786252,5.260409915051678,0.2864707007843113,0.3752171491065725
MAC000503,Std,Affluent,0,0.13356808762062225,0.7168810191218132,0.14327976465219322,6.393783285410764,1.0441898468622062,5.343665503917596,0.22456327611519536,0.05359593017827682
MAC004832,ToU,Affluent,0,0.20379961049361614,0.9882069455861072,0.20273907451411224,9.756662806222865,1.0085290457461349,4.958422858839697,0.21804652697415344,0.0536005194633585
MAC004920,Std,Adversity,0,0.13421677882178848,1.1316782921188635,0.22350819067770122,6.407085268863049,1.5916353104883012,8.37778478991179,0.16964898382418167,0.0658133431688139
MAC003013,Std,Affluent,0,0.15966863139761897,0.759893292835366,0.16902890752921673,7.633658536890244,1.0882805840613474,4.897888588913318,0.22509160351558985,0.05282621087489906
MAC004276,Std,Affluent,1,0.46017092511694824,1.568746521638331,0.3282241750390608,22.04631993523957,0.6920543011581506,3.4016748845365035,0.3165236081939306,0.1387647274287121
MAC004749,Std,Comfortable,0,0.22462433611523877,0.6392675248927039,0.13790224591620787,10.752605150214594,0.6132927591745612,2.841740250700612,0.36407907686549934,0.04639533127359365
MAC002376,Std,Comfortable,1,0.3471622617188946,1.0312927182763743,0.19684268141271824,16.621407128380383,0.5576829657445045,2.9590023382917887,0.3613065263030979,0.08484053569215957
MAC005100,Std,Comfortable,0,0.2222240108219351,0.747199063466042,0.13683218499649893,10.627845434894615,0.5470270456035125,3.093253060124417,0.3900815087827994,0.0979738544937861
MAC000107,ToU,Adversity,0,0.13855461107966555,0.6974167688039459,0.13357897577214195,6.638260171886561,0.9192521387052839,4.915944835575372,0.23146594875889256,0.0376501755251519
MAC005036,Std,ACORN-U,0,0.23024541532946122,1.073929134776903,0.2570344365909436,11.026238846325462,1.0574256553199486,4.550783735844849,0.2471563225852997,0.11218446849116816
MAC001374,Std,Affluent,0,0.12459643435219685,0.6730260335375192,0.14342772075572566,5.970686062327717,1.1006951013186383,5.108186602793937,0.24278714188403205,0.0892671631976493
MAC004339,Std,Affluent,0,0.13924059281248147,0.7952813366295264,0.16969362264313603,6.674348188300837,1.2339826839654529,5.884750876928302,0.1935813934997315,0.058056099478177504
MAC000459,Std,Affluent,0,0.13247777146527712,0.37483380281690143,0.07736628072731547,6.350245070422534,0.5745128760702969,2.8080936585036533,0.37061548494317814,0.025014088195851943
MAC001561,Std,Affluent,1,0.33479367251933073,1.3136656402157163,0.2947612455731764,16.04165023112481,0.8301476990914168,3.7572742581060266,0.30878054170031377,0.15362600379364247
MAC002001,Std,Adversity,0,0.19540504418371524,0.5748232480891717,0.11307889343612039,9.34123885302548,0.5782538127613349,2.9290424033665206,0.363704294621143,0.031725753146575345
MAC003767,Std,Adversity,0,0.15461610096709377,0.8065511012024051,0.164095212999286,7.410627253106211,1.0218977340470405,5.1331033405864925,0.2265647414234016,0.06831815153626593
MAC002817,Std,Affluent,0,0.22238226565693026,1.083095453181818,0.21177402879839663,10.64278636090909,0.8152151100657961,4.348359210531296,0.3473110981899902,0.09263952471909007
MAC000070,Std,Comfortable,0,0.08918120578266855,0.5820958230958232,0.11790276913305342,4.275636363636364,1.329095825263565,6.561242549752314,0.16694496038963613,0.021005429713211347
MAC002479,Std,Affluent,0,0.16923618067180377,0.9202731364179099,0.18814992141031822,8.102053734477611,1.063819493702136,5.396106247306246,0.22107485529077844,0.07639485130498795
MAC005350,Std,Adversity,1,0.3045165670382056,1.4651228068825912,0.35061746629374585,14.60677463036437,1.2616436708305205,5.650893291641372,0.24851532931792925,0.2546717687279469
MAC005474,ToU,Adversity,0,0.037020273136326484,0.18623649635036493,0.03916797277573734,1.7715386861313867,1.0394169909308435,4.996164665990599,0.21268724781285683,0.007604225534974468
MAC001414,ToU,Affluent,0,0.09315325052913859,0.5442903231950844,0.10324914705496342,4.461860215668201,0.9763294827574505,5.320484820054641,0.26912785579380183,0.04054314276489137
MAC003941,Std,Comfortable,0,0.10823115607907968,0.6024760340495866,0.112198787429868,5.187603306611569,0.9921568813921646,5.272355143385995,0.22512831626245847,0.0308254151210538
MAC001156,ToU,Adversity,0,0.12471530456415207,0.43105891253776435,0.06661354963401642,5.96074773429003,0.5301533319775374,3.4075994892456456,0.37821735867663697,0.024423724706276614
MAC004082,Std,Affluent,1,0.3108272458202618,1.0125987767228177,0.2617975475960174,14.843513020673813,0.7111626352513004,3.028821209077805,0.43172042115155873,0.21115008953330003
MAC002621,Std,Affluent,0,0.188754413058284,0.7374266459580837,0.13565933110243344,9.035814370359281,0.6981609398127928,3.823194618586247,0.29723720602943515,0.043117166820507445
MAC002462,Std,Adversity,0,0.19812479964008478,0.8397315416107383,0.15550872895434456,9.428060400335571,0.7735815283909127,4.2100314784864565,0.26915447578124607,0.054043078876397116
MAC002347,Std,Adversity,0,0.09858864216190721,0.3072278106508877,0.06403281210252047,4.703084319526629,0.6415991375200191,3.127766459708478,0.3441718318924743,0.023640399762433817
MAC003482,Std,Affluent,0,0.27434094058608444,1.0349009724271847,0.1984350958513136,13.13174369126213,0.6738017982396621,3.5944402602724717,0.32292091113478727,0.07447704360917971
MAC003757,Std,Adversity,1,0.31208265470501445,1.2654729496993988,0.2858901588427459,14.944226455911826,0.9101159330949039,4.159794359070068,0.2559781258761235,0.10839345064416397
MAC004979,ToU,Adversity,0,0.14550584334257452,0.5973085938802084,0.12366241843366861,6.963858073046879,0.8604005649538674,4.143021845454408,0.272531161825995,0.03223339862784939
MAC004142,Std,ACORN-U,0,0.03808590409492196,0.1358338463076923,0.0317651789856867,1.8224584612307697,0.712521702873765,3.122935574219193,0.3909439969419756,0.023719796616968738
MAC003448,Std,Adversity,0,0.0983226227443045,0.41023062015503886,0.07458542342477457,4.700560077519381,0.740447561118864,4.045168791084451,0.2899572401379974,0.01685517744868485
MAC002435,Std,Adversity,0,0.09954520214661879,0.44154992548435174,0.09738019121360365,4.7636989569299555,0.9462597586037489,4.705286814406829,0.2401798848716225,0.05981885549218658
MAC004904,Std,Affluent,0,0.03793790830981976,0.27846193548387094,0.04950208585300871,1.8147987096774192,1.2866852967684035,7.342733821673493,0.15282211081704522,0.005998222833605059
MAC002874,ToU,Comfortable,0,0.27443055772487324,1.1624916500758724,0.23329513527753337,13.136989374355082,0.8315653965168258,4.203068139039203,0.25816000307741954,0.07052227285405627
MAC003170,ToU,Comfortable,1,0.32241970066510167,1.1440634319029852,0.25496797318092074,15.461649251865673,0.7955267785097168,3.588825895553131,0.29321962372484045,0.08265978514096273
MAC000029,Std,Adversity,0,0.0708509422303026,0.498681763402693,0.08756578058077709,3.3929130979192164,1.0777583368066948,6.215778069505762,0.21416617140868618,0.02618335267972848
MAC003099,ToU,Adversity,0,0.08031152433582513,0.27662900763358783,0.05476304823971831,3.849596946717556,0.6650569396418321,3.4169158291151516,0.3078535289199361,0.017139972816454175
MAC003730,Std,Adversity,0,0.25083158939786093,1.3773639973999998,0.29320013353104185,12.018937995800005,1.058305948936441,5.203185165276071,0.26756099725869115,0.1324186708004491
MAC002883,Std,Adversity,0,0.2285511056841114,0.8684819078947372,0.15713630794372946,10.949425987171052,0.6773349927669665,3.744764205502709,0.2989140288516075,0.03235998277076746
MAC004151,Std,Comfortable,0,0.05332068631307965,0.24186153861538462,0.05278633995715699,2.5559923079999995,0.8955029595589957,4.254678903122304,0.2628802766196966,0.034385802161829425
MAC003609,Std,Adversity,1,0.5343737743699905,1.6607593662721893,0.32421757059458794,25.592577906508872,0.6281457263410936,3.227376989549579,0.3347878913912276,0.19772857656346404
MAC000428,Std,Adversity,0,0.16485886989623105,0.9999101126404493,0.20774561483280543,7.88589185449438,1.2327463823431455,6.114319466520008,0.17666178893093248,0.05414000878369214
MAC003078,Std,ACORN-U,1,0.3122525417402367,1.172596037347561,0.2567505136156245,14.95309603597561,0.8349991514903783,3.833919677040242,0.2776577960636544,0.08384460850895588
MAC004634,Std,Affluent,0,0.13485225041237417,1.1773478255852845,0.2461433100472349,6.440193979765886,1.7437123073085468,8.81278393645908,0.1437814102645621,0.0661035591326857
MAC001262,Std,Comfortable,0,0.09538623269097389,0.3942359210045662,0.07346919422682963,4.569811263470319,0.7141919297046903,3.800867041974505,0.30505406803260593,0.038198919560398774
MAC003761,Std,Adversity,0,0.06471838617826514,0.19389939637826956,0.0360540194918404,3.0798792756539246,0.5182202975165339,2.8772482827083286,0.396963737053444,0.023916159511715607
MAC004287,Std,Affluent,0,0.2506090911375607,0.922843895672334,0.1949518557378968,11.98257959799073,0.7612940460938594,3.6761620092500404,0.30459789002290777,0.08569369097658167
MAC002989,Std,Affluent,0,0.19171181401987866,1.348298077564103,0.24680480289105902,9.164157048397435,1.2420704808755403,6.869545850842434,0.17637007233764293,0.07328599429348835
MAC000807,Std,Comfortable,0,0.18325978828817283,0.7793328403846153,0.15912383962508006,8.779795857840238,0.851291698785462,4.165554642013164,0.2696161555435599,0.05500838742393984
MAC005299,Std,Affluent,0,0.3327364836934706,0.8079959909090908,0.17001891677917472,15.926453212032088,0.5159868290228219,2.4083646397197676,0.4352212362323744,0.12584550375682366
MAC002962,Std,Comfortable,1,0.45950237110202524,1.3033393744645805,0.292255477601858,21.876149916639207,0.6368558382289374,2.838055833276204,0.36727863357681806,0.08154518847115431
MAC004663,Std,Adversity,0,0.035463616161436486,0.11093979916387958,0.021962143817454073,1.6976989966555185,0.5030769604703631,2.3803595425587214,0.5323886926320983,0.027482555191590086
MAC002297,Std,Affluent,0,0.09896125607762113,0.47880118694362017,0.09195788874011955,4.7061409495548965,0.8584292229381676,4.549391765704516,0.2759763510944359,0.024886983211345064
MAC004121,Std,Comfortable,0,0.36240900104307777,0.9179217814417175,0.15682856210624085,17.355659512269938,0.4242855730017132,2.495990497926947,0.441058993805494,0.07394133697977974
MAC000556,Std,Adversity,0,0.1948945758169184,0.7139710160869565,0.1558024621217712,9.30822898536232,0.7669351748212717,3.581712351592242,0.3144374401143523,0.06596839393777655
MAC003086,Std,Adversity,0,0.13004737916143178,0.7169771001526718,0.15840266575390274,6.224822900152672,1.1277084043528536,5.3380390567622085,0.2168327992425561,0.05362112136878741
MAC005398,Std,Adversity,1,0.39054472784580496,2.792318361768707,0.6853719804034324,18.53724352884354,1.6293545438023354,7.318515505763549,0.1533324358147942,0.26336628810954427
MAC001522,Std,Affluent,1,0.33963131389026446,0.749844136728395,0.1560160773067522,16.271435188117287,0.39662345350908385,2.137812536222724,0.5657101446050838,0.4423030265951302
MAC002431,Std,Adversity,0,0.13497367540609606,0.7158777944858422,0.12733350029202323,6.463959761549925,0.9236275116816633,5.19953272112906,0.22864750654535015,0.021875564982327872
MAC001386,ToU,Affluent,0,0.10596037168622893,0.2961100917431192,0.06206444271183746,5.04620642201835,0.5686367084687237,2.741557241592236,0.39034563609697354,0.03014411013717646
MAC002103,Std,Adversity,0,0.17756162615927973,0.7867624396468696,0.14399323308815973,8.509686997752807,0.7949960577246568,4.39898364442169,0.25996434037890687,0.054782711880539466
MAC003677,ToU,Comfortable,0,0.16532936181916863,1.060216699005964,0.19126626588091844,7.903180913121271,1.1659065767630836,6.604121194223547,0.16586936030709293,0.03790446413312076
MAC005067,Std,Comfortable,0,0.2650562485228657,0.770911077223089,0.14168374409256568,12.634686426989083,0.4951020640074495,2.7293995854057442,0.4377174148023493,0.09773244599546678
MAC000641,ToU,Adversity,1,0.523177235034328,1.6744098835755814,0.31404795749371667,25.011374995058144,0.6469904125417836,3.4645171938504036,0.33032041848972027,0.2525531583272109
MAC000669,Std,Affluent,1,0.34764162757701583,0.8824319166910688,0.1865633326475836,16.58722840248902,0.5086122548291898,2.49661470262135,0.45165150821171135,0.13067227446549545
MAC002679,ToU,Affluent,0,0.2772717222931803,0.9184347820089955,0.20186629892092617,13.239949024587705,0.7302342579995518,3.3373331334292353,0.3125962424981481,0.05472078904533848
MAC003312,Std,Affluent,0,0.16748380826100712,0.7444618333969466,0.1488589145040024,8.02099427614504,0.8543760326498843,4.368872352569957,0.26657056361587844,0.04829591367660963
MAC003542,Std,Adversity,0,0.0698609786672443,0.31567058823529426,0.0704395313334014,3.346723529411766,1.0191864224240095,4.604651541495471,0.23393574663959196,0.015001851354073593
MAC002770,Std,Adversity,1,0.3255120980393089,1.0711316189107412,0.22513168608704737,15.570187593343416,0.662690032167293,3.270399130011466,0.32967056231526315,0.11168424641749107
MAC000457,Std,Adversity,0,0.07574860186513398,0.3071394367605634,0.05389624426248592,3.62255492971831,0.6643938522084604,3.8712439167894734,0.3017915414199334,0.021757577569676168
MAC001283,Std,Affluent,1,0.4439970915753114,1.4731844524390243,0.2824869761134016,21.26843597682927,0.6488578832569244,3.4291506018443485,0.31847941017516895,0.12928660812264525
MAC005094,Std,Affluent,0,0.05481382630053918,0.265890510948905,0.05508937293779841,2.616262773722628,1.0163893992402446,4.921944304154368,0.2380062988648547,0.02635850546889335
MAC002446,ToU,Affluent,1,0.426149044334092,1.1199805675635282,0.27064608409150104,20.374538117189836,0.654092944117633,2.711390389367629,0.39285119509564553,0.11314968435062579
MAC000751,ToU,Adversity,0,0.053628898756714116,0.3049161766176471,0.048452197212151826,2.566757353088234,0.8094015992141259,5.23699468945939,0.252130126350395,0.013359909695193139
MAC002649,Std,Affluent,1,0.46912585844304955,1.8807676178410797,0.43891482766373663,22.47526236806597,0.8913178590332929,4.009790755442884,0.27953459008575354,0.22706968082779927
MAC001675,Std,Adversity,0,0.06632881668990165,0.271427457098284,0.05420865829245706,3.178418096723868,0.810321066321158,4.080569729328339,0.27343094491199654,0.012812019969066526
MAC000225,Std,Comfortable,0,0.1659757156008804,0.6919457206680586,0.15405500581683998,7.894004174530272,0.8768903779341368,4.066155293678896,0.2889362716570087,0.0627295991047258
MAC002394,Std,Affluent,0,0.26179359260889984,1.1792667664679584,0.24651916758196454,12.525944859910581,0.9312455006220259,4.604234743341046,0.24836847155297023,0.09509801253606336
MAC003273,Std,Affluent,0,0.2696968118173927,1.2521117405303037,0.29837544764191826,12.926109846022726,1.0513234125957724,4.566822701022328,0.26175941857679824,0.12937296985826555
MAC002553,Std,Adversity,0,0.28983240179768355,0.8386921797004991,0.1889421577983536,13.867252910815312,0.6311389615011324,2.8273924892430236,0.3795364125580117,0.09424651213231237
MAC000928,Std,Adversity,0,0.1603733306302171,1.2144194041791045,0.2318564949640042,7.679253731343281,1.4265664598484984,7.649169790191441,0.15195671376482547,0.06053785832506315
MAC005162,ToU,Comfortable,0,0.17076483375029683,0.7142671885937499,0.15540539835636596,8.1514609371875,0.9760492654489404,4.997806690284798,0.2770643540563779,0.16999218715060252
MAC003589,Std,Comfortable,0,0.30896385075328425,0.8840866145669292,0.16977315107875768,14.760137796456693,0.5354475911353281,2.8352762305044106,0.37202737205323294,0.06943618298174395
MAC002483,Std,Adversity,0,0.08317344648729941,0.2818835820895522,0.05720723655664128,3.979562686567166,0.7117330476587618,3.5159404556001426,0.3044134222058515,0.016461262917390664
MAC004042,Std,Adversity,0,0.21444027562488677,0.7631589410596028,0.15486771992632883,10.219854305298012,0.7046955294737587,3.535463036104667,0.2987000250215675,0.04549548519488786
MAC000065,ToU,Adversity,0,0.15559082830578833,0.7125250440414507,0.17226263128123975,7.461390329360966,1.0766363689493021,4.6701197123062546,0.2399061883880344,0.09825242187403924
MAC004958,Std,Affluent,1,0.6008772643224993,2.388244157272727,0.5910937703979551,28.712711699090917,1.0490430309747454,4.352979789899144,0.2487673950421766,0.27829477421890914
MAC002782,Std,Adversity,0,0.24979046365663993,1.2618698969742812,0.27934635402938857,11.959806355673225,1.086629079728936,4.999458363609061,0.22642611416437972,0.07110636792544105
MAC004480,Std,Affluent,1,0.5108394716111021,1.5788520620199145,0.318961777473322,24.47108961650071,0.5998657895376913,3.0328339952124237,0.36733723760532133,0.16630091515704132
MAC003966,Std,Affluent,0,0.1447424559188893,0.9353509948675497,0.17591085477479704,6.927875828476822,1.207305355231688,6.631067836041506,0.16895415057821134,0.04507277944728245
MAC003712,Std,Comfortable,1,0.5841796180083418,1.8065654875259876,0.457340474720467,28.021076921621624,0.7933283179184532,3.197308906965931,0.3322468919763002,0.2380899403729433
MAC002826,ToU,Affluent,0,0.10374012238958735,0.6701121219696969,0.13808261269191002,4.966598485909094,1.2988423494962706,6.445879419045663,0.17025258530497286,0.03205838360489371
MAC001310,Std,Comfortable,1,0.45477565713926843,1.131353658231707,0.17371058066627743,21.67067072926829,0.3913377357969492,2.5096277128890345,0.4554113556269194,0.13499381402254654
MAC002108,ToU,Adversity,0,0.1622867843867753,0.6967512041733548,0.13630817140361826,7.783712681059391,0.8375606839141353,4.295398297968028,0.24916239909374344,0.03382262769934063
MAC003860,Std,ACORN-U,1,0.6801964438816823,2.214945234888438,0.5839207459841765,32.46004665882353,0.9067348769132014,3.7321923964400403,0.295242146255844,0.3029526886633674
MAC003616,Std,Adversity,0,0.067314930761637,0.20339447731755425,0.03699453736328321,3.224635108481263,0.5462145089056394,3.020977959704211,0.3347667188663844,0.0037712349469406024
MAC002540,Std,Comfortable,0,0.1796759787162931,0.8131105263157896,0.1426919285313189,8.555617543684212,0.7793100474648479,4.46825373184263,0.2589746027893774,0.03993355458814158
MAC004354,ToU,Comfortable,0,0.09824266774827635,0.24421309192200558,0.04704664316937974,4.70625487465181,0.47308366255485185,2.4731416410997804,0.42040813208903155,0.011159737212171998
MAC001984,ToU,Affluent,0,0.046164444054118625,0.47168789840764325,0.09298656916529516,2.2070127390127388,1.2377887700968713,6.227855687184555,0.34641024042141627,0.05413501144698022
MAC001387,Std,Affluent,0,0.09045424041922473,0.37960244663608556,0.07176784169466731,4.327943425229357,0.7377698649131068,3.989616545556972,0.3118609305253903,0.03356006873160392
MAC005536,ToU,Comfortable,0,0.02164515053322463,0.13017251461988302,0.022855097237699663,1.0306666666666664,1.038204833255459,6.083604681284019,0.1717179983858669,0.0025815419678830586
MAC000181,Std,Affluent,0,0.23464620637387196,1.2372137677536226,0.2318458234799107,11.24910627862319,0.9237514944476327,4.989501410050467,0.24067546253367408,0.08949440614956755
MAC004630,Std,Adversity,0,0.15542268615200872,0.9399031717863104,0.17180860883642102,7.444823038230384,1.1115068310060898,6.08120062133203,0.18666712597389246,0.031982812564487546
MAC000209,Std,Comfortable,0,0.059018576657240474,0.20337135922330088,0.04032246166401289,2.8304138349514565,0.6818178957324643,3.4606355874363537,0.29958675776238386,0.006586896381625387
MAC004896,Std,Adversity,0,0.07557310737169937,0.32438795518207286,0.06452954462706907,3.4451988795518207,0.8150250649242637,4.36583412936253,0.2794528430893506,0.021642621472402673
MAC001601,Std,Comfortable,1,0.4971608629501346,1.6857503875968995,0.41258789774921484,23.789023252403098,0.8158324792394409,3.421264349534617,0.3052256013745925,0.18235806488537698
MAC001543,Std,Comfortable,0,0.11417309842071548,0.4802912177195685,0.10369437757191868,5.469365177657936,0.8859047244789304,4.078632330735674,0.27285459408087026,0.03649754166355752
MAC002706,Std,Adversity,0,0.18753480019052154,0.8579669659159164,0.18315614872503672,8.974493992342344,0.957620825418268,4.530755830782563,0.23551123661343187,0.056149806826998855
MAC001219,ToU,Affluent,1,0.3537061787436629,1.6117294819148928,0.36532967138425376,16.911343461702128,1.039102823889382,4.618027477563415,0.23023515280845427,0.07362917094410194
MAC000508,Std,Affluent,0,0.2536622314809861,0.8199291779036828,0.18253311988640986,12.117383850283286,0.6971391188462415,3.1910663084459836,0.3455901870217142,0.0812715696382962
MAC004302,Std,Adversity,0,0.10931100787934715,0.49813467461300315,0.08251336494280385,5.230486067801858,0.6963384668209424,4.276084032424103,0.3177792029352143,0.02650725727790588
MAC003695,ToU,Comfortable,0,0.04884367237341109,0.18210159362549805,0.044490820823198454,2.3292450199203185,0.9138422896559731,3.780071080182625,0.2810064189823654,0.01185462508925302
MAC002270,Std,Adversity,0,0.06224237402635289,0.46228908539823,0.08786190776958919,2.9802345131268435,1.3570480925277368,7.19380860234708,0.15383697867326634,0.017060113204696657
MAC000226,Std,Comfortable,1,0.2739751442544629,1.704783716160389,0.32416749590706734,13.130277032563791,1.1726586679218844,6.207316080934809,0.18226322002644735,0.06498986456322772
MAC000843,Std,Adversity,0,0.08854213119208716,0.39393481481481485,0.08221154632832808,4.245277037037036,0.9116724543431649,4.331861478951565,0.2623473733750909,0.02020126282185138
MAC000390,Std,Adversity,0,0.23699111274467669,0.8804402763888889,0.1895780657409792,11.358115275416667,0.7793749378199443,3.6895451055497968,0.2889160073969201,0.0656665496558933
MAC004615,Std,Adversity,0,0.06518471889410157,0.3456143572621036,0.06903422327313091,3.122739565943238,0.9228160213617652,4.595269269769299,0.29724437513569296,0.0353767028092036
MAC002024,Std,Affluent,1,0.457274528004447,1.1725825706422017,0.23789648089643575,21.784880729816514,0.5261889314057459,2.6015188103341376,0.4214105392262402,0.14521276274488698
MAC004643,Std,Comfortable,0,0.23680230309505382,1.193163877424749,0.27117258881331074,11.352630430434782,1.2017880040071576,5.4166908524235176,0.20034046949438453,0.09837030484724829
MAC001725,Std,Affluent,1,0.4158127628069433,0.8651504699059562,0.1298867657812638,19.867597177272728,0.32130362720498457,2.0678550712134807,0.5615502957301856,0.1155957282840562
MAC004055,Std,Affluent,1,0.47899369556806354,1.6986948588723052,0.4135929921615489,22.939880593864014,0.8574257575515488,3.6052453369819544,0.29469317429262787,0.1649310408153943
MAC005121,ToU,Adversity,0,0.0932778709584857,0.4254218751562501,0.08372328278611116,4.466181250156251,0.8749166600759348,4.43180943551994,0.2678973611222457,0.02552324469782334
MAC004547,Std,Adversity,0,0.15799119752248367,0.8367955105985039,0.15804745247425867,7.5763391513715685,0.9871097034021644,5.285562125070426,0.20635585233760778,0.031520423713729755
MAC000622,Std,Adversity,0,0.19512265740526386,0.5225639539244187,0.11684186406977802,9.319239826308138,0.5939190869912679,2.7122620918316875,0.3926470672603643,0.06825453958061546
MAC003261,Std,Comfortable,0,0.24987392392647606,1.0823137998109642,0.20848936269145812,11.903062382608697,0.8107446652507588,4.274001633698324,0.2706932001424478,0.0954169152366185
MAC003888,Std,Comfortable,0,0.21194840540969342,1.0139593493902441,0.1889771739737319,10.141853657723574,0.8705245142691717,4.757600006580476,0.24711430604358772,0.05467477322006203
MAC002413,ToU,Affluent,0,0.06756846625354648,0.3091430700447094,0.0565805786270758,3.2355633383010436,0.8047996314135496,4.261600991272454,0.28258446143005855,0.018832547849621354
MAC000761,Std,Adversity,0,0.15944265839210953,0.6319911901615269,0.12009991177426141,7.633575624816447,0.7369824596067392,3.91452345873514,0.2776962866734942,0.03671510692563724
MAC002862,Std,Affluent,1,0.3624257562695077,1.5559257563636366,0.38616287172736274,17.380742421060607,1.0530087022292525,4.503489948355092,0.24109055878885133,0.18238179400369367
MAC004655,ToU,Affluent,0,0.07513180324941454,1.0272190645484949,0.1634545278483577,3.6026505026755857,2.034582722236828,12.703545608800143,0.12484491243474326,0.026288239857444173
MAC003663,Std,Comfortable,0,0.1446443574313031,0.5784644270750987,0.1143316014544427,6.888225296640315,0.796686691792645,4.028466145470495,0.2701193932542987,0.037764140167692646
MAC004413,Std,Affluent,0,0.05670076036631853,0.3229425766106441,0.05900101815812387,2.712593837114846,0.9464128562540872,5.17220268334065,0.24224137822635025,0.020151298826293174
MAC001835,ToU,Affluent,0,0.28968205670953406,1.0216613924050633,0.2169353887028305,13.874363924050632,0.7343554596367525,3.4537347138032874,0.3069085440285016,0.08579974627884245
MAC002546,Std,Affluent,0,0.15152420923062626,0.5245790346089851,0.10399053762545049,7.22402163028286,0.6681315404417687,3.4271935770546764,0.35184789624904583,0.051709352107586384
MAC003877,Std,Comfortable,1,0.3154282789600938,1.181318460851927,0.27653552427834616,15.102440161460445,0.8856756239237845,3.893699144171577,0.2802679160674792,0.19147677772802724
MAC003121,Std,Comfortable,0,0.23471571241161146,0.7654183195419849,0.1614399745110985,11.24072977022901,0.6122678873586875,3.071896714659716,0.37865150963954425,0.08365864512065878
MAC001069,Std,Comfortable,0,0.10888829511748718,0.6088883858220212,0.09401360027170927,5.2143815984917055,0.8583568494117634,5.400092084633056,0.27131666698941515,0.050464415818344766
MAC001162,Std,Adversity,0,0.16251099286071627,0.6676147801886793,0.11815259256559142,7.779146226415094,0.6736580734477837,3.9519422510131155,0.28323158869990406,0.05014191187952636
MAC005230,Std,Comfortable,0,0.3418857799803248,0.6366250000000001,0.1147519776856022,15.528094086155917,0.36468804041548236,1.8808014910311022,0.5709814462050745,0.06103263492364167
MAC000652,Std,Affluent,0,0.029495760434818472,0.1379156976744186,0.029322206078109186,1.4101177325581398,1.0120413905313528,4.772796778344252,0.24572101061156315,0.0071827197486186625
MAC004016,Std,Affluent,1,0.7926137553876932,2.1940927183774828,0.564215972789707,37.84463079619205,0.6940322358586635,2.8442124550652923,0.3848115841944756,0.43494203337345977
MAC002172,Std,Affluent,0,0.11783668319920886,0.706185782552504,0.12564637746394863,5.64540710710824,1.0481338658119825,5.977007272289209,0.21164526527846006,0.033477967390092685
MAC002728,ToU,Adversity,0,0.24729552134372026,1.0635128196078434,0.23902376657486246,11.848683256259426,1.0310535253784323,4.697570373511237,0.23717245145001303,0.11110058538908665
MAC001634,Std,Comfortable,1,0.23718191838052113,1.421602849367088,0.3334239414920943,11.066979429430377,1.4911862849576953,6.6458550995472985,0.18276676805436873,0.13619409978334335
MAC001422,Std,Comfortable,0,0.21590700282464212,0.9425812866564416,0.18069330999912547,10.328213188190185,0.8031713830172621,4.224006246478713,0.2917245422120279,0.057463512505811054
MAC002364,Std,Adversity,0,0.08597393217406776,0.27462611305637985,0.06581914283689203,4.120851632344215,0.7465858717828311,3.0739848518806383,0.37565057184819567,0.016044358075110534
MAC004901,Std,Comfortable,1,0.4248235376742243,3.2917606332046323,0.6333173593657166,20.127411857657663,1.5057451946338827,8.09059425468955,0.13015463668986657,0.2507268339232976
MAC002269,Std,Adversity,1,0.3076312521697775,1.998476400884956,0.38839293967182315,14.728581117699113,1.2740462650256157,6.63822417782102,0.1684856260838418,0.08747764960555894
MAC002126,ToU,Adversity,0,0.10506116188912454,0.32718167202572357,0.06750521443022435,5.018162379421221,0.6397217609821463,3.0861038706757875,0.35732544154072965,0.024858716144131647
MAC001357,Std,Comfortable,0,0.23434121489192775,1.1764954122324158,0.23967480940781927,11.220389906574924,0.9984336403444488,4.992255180495446,0.22713499819742122,0.09028001183345749
MAC003421,Std,Comfortable,0,0.1691917431444367,0.4718220502901353,0.09753090957131415,8.092895551257252,0.5688887666514767,2.7722021285398406,0.37440973177947684,0.02457679303307842
MAC004778,Std,Affluent,1,0.6716952790754189,2.1535730636103154,0.47875629656053875,32.049638973495696,0.7862905438892619,3.4889867547544924,0.30739862507707466,0.30404764197679796
MAC001168,Std,Adversity,0,0.2362721393842001,1.5807734155589126,0.25764668646207045,11.299548338066467,1.0489641473258602,6.518394637218312,0.1875461120285109,0.0435590454929393
MAC002668,ToU,Adversity,0,0.24988700359180407,0.9912552539039035,0.19490461095236603,11.97139489234234,0.7499768928641655,3.8769840403823306,0.2946950916372319,0.07624221128828071
MAC003004,Std,Affluent,0,0.05849924240702481,0.2615256190082645,0.05323875979873728,2.8019867760330577,0.86109730304613,4.108299645021622,0.32513695676620663,0.030327635081699455
MAC000974,Std,Affluent,0,0.1324913920500803,0.7074573988041857,0.1377460270690582,6.338183856352766,1.0238269331213217,5.32139540529147,0.21052645859802158,0.035701656716800236
MAC001236,Std,Affluent,0,0.11459709511001273,1.0492724503805175,0.1635377019891514,5.4950791474885845,1.4177377432979084,9.1396043797683,0.15960648461939977,0.03927586516178104
MAC000363,Std,Adversity,0,0.0671612833407659,0.4173037446601942,0.07505090638464089,3.2121719830790574,1.0463063996704245,5.823831530766849,0.22139734996032923,0.021569005245535646
MAC001911,Std,Comfortable,0,0.19546420802107786,0.5237892234548336,0.13541575765195296,9.325061806656104,0.695250730464352,2.686682855613669,0.3887398616349285,0.04082887310890493
MAC000918,Std,Affluent,0,0.10558329816274709,0.3028857566765578,0.0622463662415723,5.054145400593472,0.5815557428581607,2.8874038550423524,0.37443241481388095,0.04107188859422455
MAC004150,Std,Adversity,0,0.1979443136078824,0.9623132716049382,0.23097150395295118,9.46760648580247,1.1673492687116158,5.55036625881336,0.2459957272886518,0.14948367378765287
MAC002457,ToU,Adversity,0,0.15309328494517857,0.6602989544095665,0.1417447973070018,7.324866965919281,0.8896171237566047,4.2019748411251365,0.2703707633706792,0.05398991246561804
MAC000299,Std,Affluent,0,0.30010370493735805,0.8673443977869982,0.22189173639290796,14.13834301549101,0.8930136188918499,3.4812729928464363,0.35661828303768356,0.16343764884230674
MAC004754,Std,Comfortable,1,0.3683709294656627,0.7989928464949929,0.12842240935080088,17.588854077110152,0.4038822753520608,2.3700125765882305,0.49059018106170604,0.18561190943781447
MAC003499,Std,Affluent,0,0.090436922243063,0.7034124527237352,0.12375914511166416,4.333385215758756,1.2615874947514654,7.0658501450953715,0.18252605767322855,0.03323720518408312
MAC001110,ToU,Affluent,0,0.29686364085257877,0.8649457009049775,0.14777865073236743,14.220251886726999,0.9601616491841081,4.837540431555563,0.3215388061103938,0.3320272706558871
MAC003252,Std,Affluent,0,0.2691793449807101,1.197030592160612,0.24019928477328284,12.763950286424475,0.86123830432457,4.348631799590737,0.2611253755539141,0.08887567159406501
MAC000027,Std,Comfortable,0,0.18675600870978692,0.5630979193390453,0.09435857834404314,8.94658629143207,0.5133237177985407,3.041317929739683,0.36572109787922474,0.04148810935045494
MAC000727,Std,Affluent,0,0.1506105117255507,0.5180718473607039,0.10377360147925051,7.195167155278594,0.6907963045134611,3.4466228409791912,0.3120344451560108,0.0330499811418566
MAC003781,Std,Adversity,0,0.14083219160718782,0.5973547084168335,0.13158740155357,6.737861722244488,0.9296763929531849,4.318353890077512,0.257675595823079,0.058667615750276125
MAC003899,ToU,Comfortable,0,0.21948839048895807,1.2240731717479671,0.2389529081574637,10.508022357723572,1.0701502232807303,5.571145166650595,0.20048754890149004,0.06575547570548869
MAC002336,ToU,Affluent,0,0.15854371515229748,0.8646794677991138,0.19189713130515323,7.571304282422453,1.1510011511626295,5.414051897305242,0.22924481653484913,0.10272640580146354
MAC005362,Std,Affluent,0,0.09833300649537352,0.475858108108108,0.09113939270397955,4.699213513513512,0.8114847352968149,4.242143592117916,0.35709547392241653,0.047477616889143405
MAC003649,ToU,Adversity,0,0.20138583307076588,1.4250177877470354,0.26922045559900754,9.637970354940709,1.326797333533851,7.087506486063507,0.15670322429007266,0.04759686659990901
MAC003859,Std,Comfortable,1,0.30947847900070496,1.6097768827586205,0.32295038060270215,14.811174446855983,1.0017984446308077,5.030932886459861,0.22270848910958432,0.07749678409084725
MAC000702,Std,Adversity,0,0.1189317587618926,0.6343573530882355,0.1253447208868725,5.69645000014706,1.0401466569537312,5.2865923995963415,0.21251720099833427,0.026500600029233448
MAC000061,Std,Adversity,0,0.1217762904040875,0.3765018404907975,0.08991115835530712,5.834077300613498,0.7497249499969123,3.1190858394653183,0.3400387210644992,0.027763218908611734
MAC002612,Std,Comfortable,0,0.09682935539175727,0.3783566673333333,0.09214503142340924,4.646258334166668,1.0383391541627922,4.809414440551919,0.2806551859290666,0.12144449629015315
MAC004606,ToU,Affluent,0,0.13501054828931158,0.6879966602671119,0.14509150509570945,6.471719530383973,0.979845891735653,4.903633295555291,0.25437853425590523,0.10167512997124467
MAC005409,Std,Adversity,0,0.18887491685462043,0.7152384192098092,0.11217602523333425,9.053581743460489,0.5809963629737781,3.720227940886884,0.3362147913180222,0.0348750303418961
MAC005359,ToU,Affluent,0,0.10944244270851304,0.5983932431081082,0.13236497612862566,5.245955405270271,1.097577199974785,5.170814852080555,0.24459445645082906,0.05807475400841567
MAC002828,Std,Comfortable,0,0.24848947935243387,1.1625666662121212,0.26637120768337524,11.89870302954545,1.0247145083501321,4.787038133477353,0.2339440173073821,0.14749116808256515
MAC002205,Std,Comfortable,0,0.13669794016073142,0.7714013047308319,0.16657038397253082,6.558712887112562,1.2115348838930518,5.735729171305539,0.19680384245648383,0.0579166783252111
MAC002837,Std,Comfortable,0,0.1390485018703173,0.37963181818181824,0.08273952212988805,6.662977272727273,0.6174770225869728,2.810844860051294,0.37602196227652224,0.03548182431648868
MAC003380,Std,Adversity,0,0.29222264665182807,0.8101842602687142,0.15185782173375306,13.99640115201535,0.5110639069787891,2.748469039148684,0.38628431795575485,0.044578338052496995
MAC001595,Std,Affluent,0,0.0674837278021595,0.46782198173374623,0.0842805375092226,3.2361393191950465,1.2344011799361023,6.914425254292741,0.17564679418045462,0.023291992582998723
MAC000775,ToU,Affluent,0,0.24586052844506437,0.8672308820588236,0.2048334121678174,11.744357352058826,0.8168838917545221,3.5355417143079757,0.30582109988308187,0.08247446553485707
MAC005226,Std,Affluent,0,0.08380369814111226,0.6344193129629631,0.13716187468685243,4.019601855026456,1.4211034994356004,5.867068870299265,0.25889681167781914,0.10995928580910853
MAC003188,Std,Comfortable,1,0.45866742715023034,1.361155137196262,0.26037263818645834,21.940426166542064,0.6077182047341412,3.1802478358443724,0.36096155592233037,0.2325208527472347
MAC004298,Std,Affluent,0,0.09040939217130818,0.3280030910355487,0.07965295104810133,4.324933539567235,0.7471901564494705,3.3687532283128356,0.39362462213943666,0.1136626377023098
MAC002841,Std,Affluent,0,0.07074863127940492,0.2858121212121212,0.05637249677136524,3.385681818030302,1.0155340238419492,5.540260474173969,0.31520967372728187,0.04411271284903345
MAC001094,Std,Adversity,0,0.11743736428013649,0.4086621417797887,0.08128004011436678,5.6007797888386115,0.6688266665725245,3.480965027168326,0.32915054088538975,0.043832730661910506
MAC002325,Std,Adversity,0,0.2759225476509639,0.8108275862068965,0.14783147042599643,13.178925287164748,0.5216742076807367,2.882837893063961,0.3785943104821509,0.04600515451781389
MAC001717,Std,Affluent,0,0.21246601947690952,0.9171802224880383,0.20463080525699837,9.853311002073367,0.9338301082565391,4.227829461930222,0.2954265819686055,0.08077124885942955
MAC000088,ToU,Adversity,0,0.33223151156458536,0.9929544343596058,0.20425141016216436,15.908437192241383,0.5945226598594417,2.945154290641098,0.36728811666206956,0.0746883189146843
MAC000488,Std,Affluent,0,0.1402883980121866,0.46345352098591536,0.15870402977573828,6.711143661971829,1.144433716693879,3.6323989038016418,0.3002321082744551,0.08002235959918404
MAC001751,Std,Adversity,0,0.17285825134409952,0.5596410653605016,0.11696691626859287,8.254208463636363,0.6765110384930801,3.1144023574241744,0.3531164689470612,0.06614959741185746
MAC001580,Std,Affluent,0,0.2556102011388771,0.8775232942546585,0.18597657088760453,12.214063663043481,0.6214977556029706,3.0556937284041408,0.3754707720749622,0.15887108916475856
MAC001078,Std,Comfortable,0,0.25876754942237096,0.5773514328808447,0.1516154203705509,12.341381598642533,0.5558041847010455,2.420181278906229,0.4468229996549723,0.17866335098421998
MAC005029,Std,Affluent,1,0.49120634922957523,2.5533622069553807,0.5487064841896827,23.514539374671916,1.1461230622916194,5.376326753322122,0.21940909310533427,0.2534279164078653
MAC004216,Std,Affluent,1,0.7901906554646649,1.586395063271605,0.3205175606703265,37.739256172067904,0.46674541257476404,2.252613252540692,0.4978299353189065,0.5361471494422163
MAC001254,ToU,Adversity,0,0.11038508508222954,0.6586605791476406,0.12070833644964736,5.293251142465754,1.047243835456961,5.78556361752069,0.20944622459627144,0.03206337806704624
MAC001044,Std,Comfortable,1,0.4710166770917607,1.2754206568862276,0.2611567795923758,22.518749997155698,0.5555067381538629,2.7541648692590717,0.381462401952208,0.16397191315354318
MAC001698,Std,Affluent,1,0.8726354955694867,2.0641962661993767,0.37011072869309813,41.74630530046728,0.5072540077051482,2.7534527294356663,0.4205685488647863,0.5427282274209198
MAC001188,Std,Adversity,0,0.11683370692353699,0.5554393939393941,0.11484241421803962,5.594189393939395,0.9392825720833569,4.594457206974054,0.2512040753273464,0.04005367062829313
MAC001429,ToU,Affluent,1,0.41486356607744035,1.0267576688650306,0.20970492740950603,19.80834202147239,0.41089377029111135,2.1767043638523473,0.5903556018082714,0.22863483993799213
MAC005515,ToU,Affluent,0,0.14129022532245972,0.8203654967836258,0.15992957757692308,6.736372805994153,1.0909179147511054,5.683872079526579,0.19678191789326824,0.03956499692537095
MAC001112,Std,Adversity,0,0.22294862118829578,0.5456440422322776,0.09353384412044738,10.675088989441928,0.4159071858716381,2.4240572615322233,0.43212108987251596,0.050110206017030416
MAC000234,Std,Affluent,0,0.24652459944850058,0.8702515189550426,0.1774350455654246,11.808251520534627,0.6901590351751447,3.4183274692187586,0.3340147696458188,0.0767855386893666
MAC002478,Std,Affluent,1,0.2885598364778729,1.1997014911940298,0.26788711166750434,13.736473130000002,0.9392945903615891,4.406692797952359,0.251965149647412,0.13851384325454014
MAC005427,ToU,Affluent,0,0.21968933622127323,0.8307304867452137,0.17638639967502737,10.529827688954343,0.7854238092205783,3.7803376339348875,0.28279681366929643,0.06718218182497931
MAC002102,ToU,Affluent,1,0.3004667462936782,1.6264134618589745,0.3513605239408572,14.40179166554487,1.3929774121448746,6.584520940658417,0.1894941908810671,0.1830286207027583
MAC001079,Std,Comfortable,0,0.028059339317172104,0.1262356495468278,0.027868354025269364,1.3226072507552875,0.952605458052832,4.377159095875115,0.2639278453406042,0.009372276168613084
MAC005158,Std,Adversity,1,0.3210841424513613,1.1601228042105263,0.2493668078675979,15.335185961754386,0.7706427055821319,3.64930387728271,0.3035082905434628,0.10403909126491452
MAC000315,Std,Affluent,0,0.09817893730185204,0.7292998588401697,0.14200219260007654,4.672998585855729,1.4024108247966556,7.348794900689558,0.16777601764638767,0.03326751045215911
MAC000647,Std,Affluent,0,0.23385124849161923,0.7684360470930232,0.15533011065110053,11.18596366337209,0.6512094372733386,3.2416059192069384,0.33600212337936236,0.04499601373469328
MAC003299,Std,Affluent,1,0.39392341209607595,1.1947480925572518,0.22873267554755453,18.86953053587786,0.5746338098749966,3.0482144649600484,0.34508352969920963,0.11615080122546452
MAC000714,Std,Adversity,0,0.07995001131372284,0.49265689178885647,0.08984165992485589,3.831331378739004,1.05966002648167,5.774176948540294,0.21092731087898062,0.023163684410378076
MAC002783,Std,Comfortable,0,0.20564158192110948,0.7473676246596065,0.15377952368102593,9.854682299394858,0.716732630389195,3.5292269581748217,0.3281790807646866,0.05591912503624878
MAC004421,Std,Affluent,0,0.05435769829533456,0.36224789901960797,0.08225711875906329,2.6070980390756304,1.536758339690529,7.977521477766637,0.19158738453352153,0.06194633489645169
MAC004410,Std,Affluent,0,0.1694711218316909,0.534719887815126,0.11076094429561176,8.12452661204482,0.6020210880075788,3.2568441540845043,0.3980614195099813,0.23966424244509107
MAC000926,Std,Adversity,0,0.09798662558599762,0.3382029850746268,0.07502825489226655,4.693859701492538,0.7620714899557621,3.4763771321288766,0.3082092557442689,0.019868845570994144
MAC003107,Std,Adversity,1,0.29134491036047944,1.4636039750764531,0.29986556663612335,13.943038227064216,1.0488913857624502,5.169039951839531,0.21880712231327762,0.08974308595182948
MAC002362,Std,Adversity,0,0.21554460205902978,1.0433367942136496,0.19974956256592502,10.300942134569738,0.8657841258824296,4.5139819766662335,0.2659318225820648,0.06185840894028913
MAC002853,Std,Affluent,0,0.30082130166244514,1.0986848486363638,0.2474662618292911,14.402819698181817,0.8340978326281281,3.7348497851097826,0.2890848093070881,0.07855678085100824
MAC003139,Std,Adversity,0,0.15771290142449101,0.5111879194630874,0.11005008611968947,7.553104026845639,0.7012016683938227,3.267160266080402,0.32085858080148455,0.03400306835961035
MAC004006,Std,Affluent,0,0.24069775300838675,1.038362581788079,0.2358551450030317,11.537534768046356,0.9579208560617788,4.297083506219928,0.2597505491208048,0.08152941517893128
MAC003991,ToU,Comfortable,0,0.2151331893776592,1.0941804607615895,0.21932008022597785,10.309268209437084,0.9961130652043588,5.053758542089324,0.2234779863758986,0.061992579224555276
MAC003691,Std,Adversity,0,0.10564136179009144,0.5901095609561752,0.10795514091295964,5.054167330278885,0.969556242358391,5.238796979131218,0.22339694638370317,0.027736789532677445
MAC004554,Std,Affluent,0,0.22896281354813933,0.8766783043640898,0.19199866887858302,10.967234413840401,0.8368171496805262,3.88102118891988,0.2745484695770509,0.06262975006033838
MAC001894,Std,Adversity,0,0.1722989773776686,1.6105237341772152,0.27394440333660275,8.24708228101266,1.5807090980015028,9.474126479291698,0.1360618680320764,0.06472922653459415
MAC001470,ToU,Affluent,1,0.26727465167350484,1.2671384621538457,0.2591822532552912,12.700609230461543,0.9341613746191578,4.701781406831141,0.25390300239552105,0.12754848858632803
MAC000650,Std,Comfortable,1,0.3336495092521013,1.1122011654518955,0.23152475430327984,15.967803204227401,0.6785088933802672,3.306568885546296,0.336191019945106,0.09377948173810056
MAC001089,Std,Adversity,0,0.06533360563962727,0.2749321266968326,0.06184388639654971,3.127475113122172,0.9259351617645201,4.208798054104354,0.25589074834030806,0.018207650917903707
MAC000818,Std,Adversity,0,0.09228454711941346,0.36382204708661414,0.0735198381401455,4.409154330551181,0.8040933464693897,3.9670748390801944,0.28999830124131165,0.04252085690678978
MAC001191,Std,Affluent,0,0.14595677815435223,0.4548727275757575,0.09072344661949974,6.9877106063636365,0.6065901054646002,3.034340356631606,0.3706127090027627,0.0283473954687141
MAC002350,Std,Adversity,0,0.2192034420532318,0.7182973366863907,0.13972301901436965,10.445417159467455,0.637324138484439,3.2788748677189776,0.34195284370459084,0.07467442231740583
MAC000983,Std,Affluent,0,0.29931643455802115,1.0731953486046508,0.21727321345774847,14.30847441674419,0.7174684233039845,3.733998833534259,0.3017350019086555,0.1504835175522093
MAC003353,Std,Comfortable,1,0.6888268089030127,2.844803747663552,0.47014297876470906,32.587719636448604,0.7045487423863458,4.197642466131946,0.25939256603747224,0.13781017074570046
MAC004590,ToU,Affluent,0,0.23665270102130342,0.9830651100166945,0.1985672172275423,11.321275461936562,0.8263571224033359,4.163207027887665,0.2600880155317612,0.06366522712301496
MAC002960,Std,Comfortable,0,0.23240986231939798,1.2738991699173559,0.2207483353605688,11.139667764462812,0.9624041895452415,5.665068565622158,0.20142247240206035,0.06904894665394759
MAC001886,Std,Affluent,0,0.10574619492174442,0.5713809523809522,0.10621881791545458,5.061014285555554,0.9532539028667745,5.127021788430978,0.23126726697481978,0.03805630096285158
MAC004759,Std,Affluent,0,0.11375658694355556,0.44423959842180777,0.09080249896438784,5.452219512338594,0.7855816318997866,3.8298964460612117,0.28824749445675674,0.021695053451194542
MAC002225,ToU,Affluent,0,0.2797831678213863,0.8741647050000002,0.15763422719362694,13.398091175294113,0.5628809289830887,3.1116833415866885,0.3640387004341072,0.07064666255992215
MAC004694,Std,Affluent,0,0.09152973198981018,0.5166549412060302,0.10458264286882323,4.3824070350083755,1.1027128961168773,5.526297195516871,0.22125397585783144,0.03058567374328762
MAC004353,Std,Affluent,1,0.32680939873434584,1.1012482592747561,0.22274029682096289,15.453502094421205,0.6310885961728513,3.185404439855314,0.37553098134105606,0.1379513640586404
MAC001895,Std,Affluent,1,0.4400344097066052,2.643594938291139,0.4462703727561679,21.077444623101265,0.950008153940271,5.496088504583786,0.2396370296530182,0.1787491940517524
MAC001009,Std,Comfortable,1,0.6250358560175108,1.6012406573991036,0.3383984457070502,29.869877429147976,0.5356453393894134,2.563417188127912,0.40576180889629015,0.13707608541487018
MAC000899,Std,Comfortable,1,0.3867203918243545,1.2217640952522257,0.27433256302785797,18.52425964510386,0.7131137185127044,3.1911576792165217,0.3234617196959366,0.06528844507400645
MAC005278,ToU,Affluent,0,0.09349329961372847,0.430623669680851,0.08024402838594172,4.46297340425532,0.7116209540703249,4.0511559221093005,0.3826556752321599,0.04758390970171097
MAC000145,Std,Comfortable,0,0.26091348558954436,0.9411552340553547,0.1897289489016805,12.507093860770158,0.7008154028633883,3.546595131957171,0.31282308332278674,0.07470931663611056
MAC000688,ToU,Comfortable,0,0.20784157612939372,1.0073308934114205,0.202687279894501,9.902510980087845,0.9280729834677791,4.749450390553048,0.2536408246491678,0.09431500740045687
MAC003545,ToU,Adversity,0,0.16425069854723587,1.088170588627451,0.19834281613810387,7.868360785490198,1.1607689764052345,6.28497457697101,0.18991748997765268,0.04235874801544437
MAC004038,Std,Affluent,0,0.18382056513734435,0.6661970200331124,0.14518566541446776,8.798317879635762,0.779924679362802,3.7060983943679946,0.31824434925581613,0.09994496468846766
MAC002875,Std,Adversity,0,0.11979008721220695,0.3597931031198686,0.07507506610646698,5.7230985215106704,0.6478022653251515,2.941101897020941,0.3806713220340991,0.04502109375141761
MAC005109,Std,Affluent,0,0.058503567467616126,0.42063593734375015,0.07760834568742106,2.8034843748437503,1.2685814910697288,6.922951653018987,0.1655275954738834,0.01592541848819989
MAC002636,Std,Affluent,0,0.08501468176180309,0.3354101794910179,0.06553726945851682,4.06625149685629,0.7495288415367605,3.8431206999780216,0.2897158766498893,0.015939975689541783
MAC004116,Std,Affluent,0,0.12971848710119518,0.7842392651840489,0.15218121843724497,6.209127302760736,1.1214040502143188,5.915992242141952,0.20167439884409957,0.04879768371806386
MAC003925,Std,Comfortable,0,0.14270374228223695,0.4437954070981211,0.08874819897976689,6.8356304801670165,0.637098463042891,3.1619249681975754,0.33756328561474885,0.046346960026744446
MAC002601,Std,Affluent,1,0.6980212363977543,2.3829983286666665,0.4994541849133562,33.36435166199998,0.6742935856655932,3.308571024629263,0.3462990697285369,0.26198892514606076
MAC000066,Std,Affluent,0,0.1413262040856285,0.44754601226993873,0.06829001087182604,6.765161963190184,0.43290825532556343,2.933315676869342,0.4518726454890806,0.06341160379215971
MAC003000,Std,Comfortable,1,0.2617147469389611,1.5042656780528052,0.33629465622115573,12.535600658910887,1.301364063268759,5.913167407424985,0.1784035658262836,0.06713211511156879
MAC003932,Std,Affluent,1,0.5308709150133921,1.9194170244680857,0.4553071637274713,25.391006399574472,0.8408869987841726,3.6668601406826684,0.2987985203438459,0.22959099341138275
MAC004267,Std,Comfortable,0,0.03550286343785093,0.23620556414219473,0.04430629029436059,1.6976893353941263,1.221587019006994,6.520099467353544,0.18797603836891277,0.01401140762728722
MAC002625,ToU,Affluent,0,0.23792079850635547,1.0748982022455094,0.22280294011502966,11.366142214970061,0.9375372127475264,4.5749580070704425,0.2377230183497043,0.06328555798884251
MAC000914,Std,Comfortable,0,0.15455501699689767,0.5784910977744809,0.10630248469720922,7.392330860385758,0.6753833934380328,3.66331756627134,0.31384124509853684,0.024551810601674946
MAC005133,Std,Comfortable,0,0.20917649103979669,1.5979187507812498,0.2564451913567932,10.00695312375,1.2252919285761674,7.6965264176384425,0.16336877153998391,0.05744103992498212
MAC000991,ToU,Affluent,0,0.10189393164557987,1.3701076207772798,0.23226057099199654,4.879082209715994,2.2769380783751263,13.451568969764208,0.07737416886307491,0.008356482590551216
MAC001947,Std,Adversity,0,0.20443385766293856,0.5886820348171702,0.12751997887565314,9.794270270111287,0.5972196943635226,2.870448943262492,0.4043666318872435,0.08258022223584924
MAC000297,Std,Affluent,0,0.16129199776907424,0.6828960341997264,0.17220699753070437,7.733476061149111,1.1382977355645905,4.906394927750412,0.2544989924137552,0.16079895977123312
MAC001107,ToU,Affluent,1,0.3238509968295183,1.1849788519637459,0.27641958162595753,15.454457703172203,0.8314968581178458,3.7531607504158075,0.30962831406588814,0.1743631177853218
MAC000812,Std,Affluent,0,0.13003001311474321,0.5259201186390533,0.10749432216919497,6.211081361242603,0.7987898559464458,3.8609681207568958,0.30397635702624987,0.03312533610372455
MAC005308,ToU,Affluent,1,0.72493429679397,1.5856773755020084,0.3296764274215733,34.74114993373494,0.4667088504422077,2.363013655896609,0.48953379129764035,0.523043714287603
MAC001428,Std,Adversity,0,0.08073242495085423,0.48833996937212876,0.0917138209294833,3.8575712098009185,1.1355256906347095,6.050485264406991,0.18590899660882498,0.026246403762932437
MAC004690,Std,Affluent,0,0.08735918350045604,0.32543718609715244,0.07709216518722875,4.150149078894472,0.9068320180816095,3.9290106455580793,0.32814698232638406,0.06016221261000543
MAC003675,ToU,Adversity,1,0.4798895126368601,2.8307713767395617,0.517827022837901,22.992576544334003,1.063959094184673,5.818957677496421,0.19215310733582217,0.09589616758713489
MAC002516,Std,Adversity,0,0.2856771231426854,0.8686239602329451,0.15904557372656997,13.680121463061566,0.52761075214113,2.954689999126633,0.37659529226189425,0.06753176067482497
MAC002517,Std,Affluent,0,0.23900488901129618,1.049103160565724,0.23892504842486897,11.433354409151416,0.9901442073443231,4.423354752385381,0.24364428992605253,0.07867738098608165
MAC002843,Std,Adversity,0,0.12214519751713564,0.28271818181818187,0.05131339588571811,5.828586363939395,0.39667044655197126,2.237441661371852,0.4850489116181302,0.03946608460728826
MAC000872,Std,Adversity,0,0.25305718103868813,0.46119851851851873,0.07429769123347968,12.109308148148148,0.2786989626568604,1.7901447954403455,0.582572579252601,0.054603303988592915
MAC002315,Std,Adversity,0,0.04718607957734148,0.32788626292466766,0.06459832191124933,2.261645494830133,1.25867402325589,6.389068757061014,0.20687710305846224,0.018680790136171528
MAC000342,ToU,Affluent,0,0.2281957642398508,0.9443696557241376,0.18291020916117784,10.876228965241381,0.7986563668200687,4.1546186675827,0.25753306109078916,0.03059290724366441
MAC000305,Std,Adversity,0,0.11776026707518461,0.33308379120879117,0.098387504165994,5.629892857280221,0.8663987988195849,3.5899274004213986,0.3191563963750817,0.09315993659654083
MAC004231,ToU,Adversity,0,0.2026147461300729,0.5984922834876545,0.13264470135178588,9.704016974999998,0.6500886077416483,2.943425157119257,0.3654235504054079,0.040687846505908766
MAC003163,Std,ACORN-U,0,0.22534113900407512,1.0628637910344827,0.24662351843227834,10.792039650344826,1.0528174421490097,4.7855751218499565,0.23223586011603492,0.10856456491229743
MAC002265,ToU,Affluent,0,0.24756311402184683,0.9304203517699113,0.22021124931697186,11.84792772654867,0.9212349444063632,3.9826795192453663,0.2732898531729908,0.11419861438315566
MAC001255,Std,Affluent,0,0.2916267895789371,1.0647716899543382,0.22480415916132698,13.900047182648402,0.765934188255946,3.658409081076564,0.29573622268391275,0.06445819708687078
MAC001564,ToU,Affluent,1,0.34364750065523825,1.5234191044684127,0.32968191997066504,16.474300465331275,1.0209516847623843,4.871509958747429,0.22967528906774995,0.16612262983379494
MAC001558,Std,Adversity,0,0.07534458589021051,0.26025885978428354,0.054415703226701036,3.6098659476117123,1.1382060441562436,5.848969683493125,0.25163507804560675,0.07152843425346761
MAC000852,Std,Adversity,0,0.0764351750368765,0.3519466663703704,0.07135515087446428,3.6555837034074083,0.8616197240266771,4.229434242334743,0.2759724266931242,0.02291285834744011
MAC003400,Std,Affluent,0,0.25466582756627815,0.9582692276923076,0.21503357418300348,12.197038459038463,0.8303513233447561,3.7409632200190446,0.28049435489610575,0.07527067417666924
MAC000038,Std,Adversity,0,0.23730859596001072,1.0018382338235294,0.2059778361334139,11.380653182843139,0.8392900024856157,4.205250918692587,0.2713309906544755,0.10213766577783569
MAC003825,Std,Comfortable,0,0.10838698333072097,0.3937737373737374,0.08323579595815381,5.193672726868688,0.760767426075121,3.627866204799711,0.29414725054168694,0.03714047659199928
MAC002277,ToU,Comfortable,0,0.13309311398429607,0.2951917404129794,0.06277352056232124,6.375356932153394,0.47007224866331154,2.2133760401875637,0.47937230826369526,0.018434422799689234
MAC000349,Std,Affluent,0,0.12027825738374769,0.6975911613259668,0.12647942167891044,5.7636174041436465,0.9504232047629291,5.4312832370207085,0.27237567508064164,0.05515184847819206
MAC002137,Std,Affluent,1,0.6805136790613383,1.795980708842444,0.4329681910174191,32.60716719903537,0.6016728625198527,2.626781460786615,0.41502366155501563,0.29067289855632783
MAC005220,Std,Affluent,1,0.4874298846249931,1.9622414220316626,0.49575212115587586,23.212186018865435,1.2463573721768324,5.149455031628991,0.23311279674238994,0.3299056623768101
MAC004915,Std,Affluent,0,0.046288006610050496,0.2131653750645996,0.04486619781621925,2.215552971963824,0.9753633885055469,4.434933332121056,0.2744490185581024,0.02795071357067947
MAC001814,ToU,Comfortable,0,0.08380694497923447,0.7174905362776024,0.1170232080893353,4.012454258675079,1.3484440937374431,8.293923100728573,0.14873259873990982,0.020560543577180984
MAC004903,Std,Comfortable,1,0.3465831283639696,2.4248790223938226,0.5438346244795822,16.487617756499354,1.4268020548178462,6.895346441857036,0.15438498094656666,0.21266731242035875
MAC001701,Std,Affluent,1,0.3344094107368697,1.9527648026479751,0.36637254167839567,16.02792679766355,1.1493378736759376,6.420961131236499,0.20126803653156916,0.2041723275496199
MAC002434,Std,Affluent,0,0.1285063039092437,0.8379507471641794,0.1420989011767582,6.131667164328359,1.0056505258350399,5.763552220484199,0.3022468601400428,0.08477233560268271
MAC002966,Std,Affluent,0,0.11045431614757344,0.6474776867768597,0.12940903397863704,5.295548761157027,1.1311472735767698,5.734658513088114,0.21383186474513638,0.04504429419539967
MAC004191,Std,Affluent,0,0.10171837720494636,0.476304615076923,0.13555977352055482,4.876236923076923,1.3515576520258907,5.570766638929385,0.22432875278561706,0.08544399443534573
MAC004750,Std,Affluent,0,0.21310097601932315,0.6901623134328357,0.14069912315439506,10.200376865671641,0.6546202206855032,3.2417070884393593,0.3248211365445721,0.040157719424104836
MAC000420,Std,Affluent,1,0.3484209868771178,1.2937738747191014,0.2918670297796789,16.660991569662922,0.857210782878616,4.008102656473857,0.28874042531038024,0.17788947807295635
MAC004341,Std,Affluent,0,0.32111095771399856,1.0298259050139276,0.19898277658915997,15.377681058078,0.609264341572556,3.192572188293822,0.3349676433410479,0.06764873171159586
MAC005440,Std,Affluent,0,0.23229064570315677,0.7338291973722628,0.20068933243970027,11.136259854160588,0.8898152485504521,3.233046723819463,0.33673156542278315,0.09480357590025709
MAC004317,Std,Affluent,0,0.029391761631864393,0.05577244582043343,0.008140593530131895,1.399869969040248,0.13617209150349538,1.3724052920985557,0.827841088814176,0.024586874143261456
MAC001460,Std,Adversity,0,0.0383821300586555,0.19052923076923073,0.03667089749948642,1.8349569230769232,0.9396201825096072,4.975062688845688,0.20882641137448335,0.00574278907406242
MAC003036,Std,Adversity,0,0.10403998836586327,0.35565701219512186,0.06915797951116988,4.9814740853658535,0.6526938755346552,3.3608618428430748,0.3260734689842507,0.014168584452263279
MAC002792,ToU,Affluent,0,0.06130387617179538,0.5239062031770044,0.10135724677530006,2.932523449621785,1.589663249339752,8.198516733100663,0.16819559542827978,0.03714775734322122
MAC001242,Std,Comfortable,0,0.08997441725024549,0.37257077640791475,0.06421691724981342,4.308625570928463,0.6765467789412205,4.016490315951356,0.2875513274768052,0.026355386868800207
MAC000074,Std,Comfortable,0,0.2845184972120992,0.9234901711302211,0.20452660325742844,13.634380834398037,0.7147945216507333,3.233027992192633,0.3266131634611872,0.0590737799426552
MAC002249,Std,Affluent,0,0.27643627671436655,0.9982243981927711,0.19988093310305913,13.190521086144583,0.7121156085435371,3.60237567281813,0.32146948036046064,0.09794246977627658
MAC000072,Std,Affluent,0,0.09215255128205098,0.5643783787469286,0.11221320143838504,4.414203931449632,1.1606670804330974,5.918309370106723,0.22270628097056164,0.04602062732452569
MAC000474,Std,Adversity,0,0.1927713470345663,0.6229633801408454,0.11593680737696947,9.235885915492958,0.5778405729412157,3.1423543688730415,0.34460139483319707,0.04470768606235456
MAC000871,Std,Affluent,0,0.0624535604525498,0.422537777925926,0.08723924702570407,2.9882725925925935,1.3595243624824878,6.7622672752359625,0.1644450568674798,0.019716814478951274
MAC000215,Std,Comfortable,0,0.12087514636266611,0.38666990291262143,0.07054670261101129,5.790582524271845,0.5753887967255086,3.168731631161806,0.3360583505690665,0.027310530420006626
MAC004799,Std,Adversity,0,0.16575991337651266,0.9400416081779052,0.13493114306117499,7.940169297704449,0.7595581290569562,5.3329292639519235,0.3037327062410378,0.034671342381790295
MAC003745,ToU,Affluent,0,0.1737450036852457,0.8184779988000004,0.16365761788985647,8.324214000600001,0.9085879120515817,4.648336813213675,0.2593565699357861,0.08177018394350387
MAC000126,Std,Affluent,0,0.11041633127470485,0.6288022247218791,0.1286797142185482,5.2927861553770095,1.1462079100042586,5.680822231663647,0.20365531800284797,0.055839685604851516
MAC003165,ToU,Adversity,0,0.3387724659210268,0.7535538210069445,0.20867223603296212,16.03500000295138,0.6827016900923243,2.5316476465341524,0.4351041914597897,0.20137679407739512
MAC000527,Std,Adversity,1,0.3661305700177749,1.3348778430397727,0.2908580274815129,17.54465625170454,0.7905994410168383,3.683465830351882,0.28247550368232865,0.08487862189445707
MAC000901,ToU,Comfortable,0,0.2288231413043152,0.7858145399109793,0.1744585015628557,10.940848664688426,0.7403892610148766,3.41155243397885,0.313162537904778,0.06674516116698097
MAC002884,Std,Affluent,0,0.2561988239796931,0.8694546939044481,0.17282252636227102,12.262581547446457,0.6374768194835457,3.2884458517730764,0.3430227093441042,0.10016916249199716
MAC001227,Std,Comfortable,0,0.22630556854317685,1.2922846298325723,0.26637239808847574,10.847579910502283,1.1781216770849536,5.776900821148891,0.18336157906802755,0.04198919061469
MAC002653,Std,Adversity,0,0.17601650256669418,0.6240539731634183,0.12099728361932319,8.421002998650676,0.6793942030056399,3.5306837847458117,0.3139840096028202,0.033940347236718696
MAC002203,Std,Affluent,0,0.08366773618402636,0.29969918699186987,0.06296263367592034,4.004455284552845,0.7528063657105831,3.594557668346341,0.3062822164497137,0.028832234876136505
MAC000789,ToU,Comfortable,0,0.13162184862769044,0.6853245232011747,0.13897178514657893,6.303494860646109,0.9310909149435707,4.7647611198024435,0.29797179364940435,0.0657676554661058
MAC003282,Std,Adversity,0,0.17238773647481492,0.8271423142314988,0.16477900572686707,8.236170776660343,0.9416487839220298,4.794383793629337,0.23500333918191962,0.05962829912475917
MAC004456,ToU,Comfortable,1,0.3378416762260781,1.1590235162128713,0.22667636702159946,16.185199261138614,0.6913824146995925,3.5991207313708187,0.3127163944632963,0.15216065636542986
MAC001623,Std,Affluent,0,0.18702352476962136,0.7788279062015504,0.16493379111370474,8.957159687751936,0.8601209844146843,4.134633769859754,0.2798000557772238,0.06523348467834542
MAC003755,Std,Affluent,0,0.2493455818575669,1.0664949905811627,0.22374537217654952,11.94525651302605,0.8436463567933954,4.094238732352548,0.2720809856649346,0.08698640383887195
MAC002212,Std,Adversity,0,0.2262733871145032,0.6565106027732464,0.1301709822086994,10.851104403915173,0.5649932373158443,2.863069420746595,0.374866414987812,0.04554227420729104
MAC002904,Std,Comfortable,0,0.10953213544400259,0.2964794069192751,0.05586808401015523,5.232006589785831,0.5157969834625087,2.725197353074023,0.39883745143951455,0.023467147907507875
MAC005165,Std,Affluent,0,0.30838666521455316,1.03992968828125,0.23097789889379605,14.767856251093747,0.7729361313205492,3.5460239185180016,0.3037258155202275,0.1206640319958415
MAC005103,Std,Adversity,1,0.36400605435524347,1.7375819049921999,0.42361362384464796,17.441705154134166,1.3044419157365148,5.808697065450361,0.2015290209008538,0.22669026896063266
MAC000247,ToU,Comfortable,0,0.23198888146933755,0.8167819747868453,0.17754448944331833,11.109800244823388,0.7183531249188453,3.348991634763806,0.3346260350301903,0.06413389723082752
MAC001765,Std,Adversity,0,0.2939108587099304,0.9136379313479622,0.16256707539040274,14.061896553918492,0.5187430923919034,3.0419845581099234,0.38266437649492707,0.11647849910401079
MAC002903,Std,Adversity,0,0.23924156167833086,0.4986551155115509,0.08669527799692099,11.435414191419143,0.3597197617412432,2.07655830149892,0.49846656515120674,0.0390517554610784
MAC002860,Std,Affluent,0,0.1359764694218217,0.3658315628224583,0.0593043370979343,6.494688922458272,0.42702252963113313,2.681839498328286,0.4200339705026721,0.03357489947902637
MAC005494,Std,Comfortable,0,0.2524112235044145,1.0248179538653368,0.2509107552221912,12.096236906234415,0.9894185981699892,4.102131789294971,0.2599068310528557,0.08464102990057996
MAC005135,Std,Comfortable,0,0.12515350548317916,0.53325000046875,0.10182393559554606,5.99566093828125,0.7409817799512532,3.9636515666700296,0.30254468348471997,0.04506352878711443
MAC000404,Std,Affluent,0,0.02570083715295613,0.23068011140472883,0.04563736670598127,1.2309179417246177,1.4389826641491972,6.510635216785406,0.23870377547315982,0.02288946095858612
MAC000537,ToU,Adversity,0,0.09163102565491452,0.4616799990000001,0.08505048432206536,4.389430000666667,0.8250204975738844,4.606664409403994,0.25183212102456987,0.031080791126144845
MAC001824,Std,Adversity,0,0.20528319010595647,0.9159690716494846,0.17781079187612528,9.797920960137455,0.9582835516618489,5.130133059390184,0.26246261951032446,0.10171023320579518
MAC002858,Std,Affluent,0,0.029107856399590515,0.2012954545454545,0.04588933941724435,1.3958803030303033,1.7734819374457504,8.103186762925903,0.1457312815291603,0.012262277865871732
MAC004126,ToU,Comfortable,1,0.299396393125845,1.3582411671274959,0.2731888444111848,14.322413210599082,0.9420822097847027,4.716592738767004,0.22986092857411108,0.07996538785220515
MAC003489,ToU,Comfortable,0,0.13600610559755086,0.674723736381323,0.13082584531833555,6.5131848254863804,0.9391729476362183,4.887591005414525,0.22780315928779452,0.037372170822123324
MAC000169,Std,Affluent,0,0.14120255146977725,0.4930132532530122,0.1088126099818692,6.763479518192774,0.7553067110241369,3.4722690580126607,0.33500600542135045,0.05339874371117726
MAC001571,Std,Affluent,1,0.7421052967928702,1.7192268529320989,0.3534286265826668,35.515188283950636,0.5767016667601174,2.7412130908837877,0.4324336437029961,0.634745728127681
MAC002291,ToU,Adversity,1,0.43302473463273355,1.3674940994100295,0.267031027386663,20.7418185820059,0.6613231245651046,3.426078031514501,0.32608392928456853,0.21362170197789102
MAC005175,Std,Affluent,0,0.06959340601126016,0.351360293872549,0.06458825026396497,3.311061274264706,0.8957243317000239,4.8886319312557545,0.2967513120194807,0.03553070200971985
MAC000197,Std,Comfortable,0,0.00042765885244698803,0.004263922518159807,0.0011372301130715033,0.020340193704600478,0.9888134896271515,5.058311838702172,0.25466306728363397,0.0071583862251713625
MAC003060,Std,Adversity,0,0.12552382495000036,1.2081737818597562,0.2061555520351812,6.005713416768295,1.5829739812407182,9.386848250779678,0.13309588442909895,0.034647112280833434
MAC004580,Std,Comfortable,0,0.10035005185881127,0.2699806763285025,0.05799422212844661,4.808147342753624,0.5872715372599093,2.8417977925194333,0.38176183710962175,0.025625187569843826
MAC004173,Std,Affluent,1,0.33899040427058497,1.3764046135384618,0.3218067796133406,16.204855388153845,0.9040457603095163,3.9866735623658482,0.29342266733725036,0.17009899402072703
MAC003604,Std,Adversity,0,0.14367948717537804,0.6410197238658777,0.12315635341304271,6.88416962504931,0.8192436325658337,4.349916940448758,0.26417743738581756,0.047318161197144354
MAC001401,Std,Affluent,0,0.16275708146749682,0.6756039744648319,0.1636319743305926,7.798282873547397,0.9631339943756991,4.352490697801832,0.26843500241452295,0.10473755925022792
MAC000103,Std,Affluent,1,0.5021439582186686,1.489096638655462,0.2682729367402118,24.080999999859948,0.5430591047221958,3.0292328294983166,0.3565653121840192,0.17170298399515135
MAC000292,ToU,Adversity,0,0.10636299926314381,0.3644870041039672,0.07237107273794169,5.099369357045142,0.6659676244274545,3.358278590141129,0.33629765560839775,0.03150796674996278
MAC000175,Std,Affluent,0,0.16721086297684132,0.44598552472858866,0.06734962832950207,7.998884197828708,0.4022936469239233,2.6480205107060706,0.40851496288812567,0.02769303756318857
MAC000695,Std,Adversity,0,0.04091180652249066,0.21112112259970459,0.04498535433246531,1.949422451994092,1.0409328527765882,4.9614615617945965,0.2548746340747509,0.020159342630304534
MAC000035,Std,Affluent,1,0.47346678593662084,1.3530379446756429,0.28383514598965787,22.66003549277845,0.6102240817450377,2.974311695946011,0.3683040784883854,0.21669407629517437
MAC004428,Std,Affluent,1,0.3175263478553921,2.10348599579832,0.5123925230595306,14.951053219047619,1.2537197487788945,5.71568675270035,0.2702208992486097,0.2987029303351623
MAC004072,Std,Affluent,0,0.16912339688944872,0.5904885142419602,0.1037523474482504,8.097583460796324,0.5878245436518961,3.383919463077161,0.34055932653849175,0.02952197998700154
MAC001437,ToU,Affluent,0,0.09267889260451898,0.37526934969040254,0.06763023936019123,4.428643962693498,0.838001455959577,4.81544279712059,0.353481820399864,0.060806839214526016
MAC004477,Std,Affluent,0,0.12060749397902491,0.4211313505576208,0.08018947083434043,5.767263940520447,0.6305376767432157,3.386584922147935,0.33360331007778365,0.04196868916253345
MAC001997,Std,ACORN-U,0,0.10260714993321746,0.719891719745223,0.15340569603583554,4.915815285987263,1.4388382896888035,6.872114217437068,0.19059723998140313,0.059575084143247865
MAC005482,ToU,Comfortable,0,0.18135256890661447,0.9788201747076023,0.19264465215417786,8.674114034210527,1.0269949254833743,5.206614453645681,0.21674322779899383,0.050835392751786126
MAC001187,Std,Adversity,0,0.21166717355364176,0.6644166663636364,0.15805036168382267,10.11346363621212,0.7539821510121206,3.189483276858622,0.3332908403413816,0.047538792144884004
MAC001076,Std,Comfortable,0,0.2797560543835561,1.1713785817496232,0.22250506715034285,13.393710407843137,0.7636661387782201,4.100401576948954,0.27046056963589565,0.08019395805041159
MAC004696,Std,Adversity,0,0.2767750481016192,1.249886097487437,0.26412646491064207,13.253045227303181,0.9474389816473346,4.5709195907696,0.260279689719665,0.09584447071278215
MAC002633,ToU,Affluent,1,0.41291190900532965,0.986559880688623,0.2661271884145121,19.536953591017966,0.6705391128155693,2.984482231642577,0.37980800255903463,0.30584905469202794
MAC004804,Std,Adversity,0,0.13880661102406977,0.6212338589670015,0.11268706426163073,6.641520803012912,0.7762076297207434,4.354871476092911,0.28958089679043303,0.048510365383042486
MAC000654,Std,Affluent,1,0.32501377507845536,0.7503154062499999,0.10116891211473561,15.518693312645356,0.45043017378687455,2.9735985386980914,0.44631799686161394,0.34763600994090504
MAC003597,Std,Affluent,1,0.5989409180332229,1.6571200781496063,0.33848156989309797,28.652718491732283,0.5586811344953113,2.7733089449845987,0.37709758381625497,0.14987613333315764
MAC001667,ToU,Comfortable,0,0.12854301476556748,0.40611214953271035,0.08004680287014172,6.1534127725856695,0.6182843449984643,3.137368453466931,0.3446853897667302,0.019718914848516806
MAC000046,ToU,Adversity,0,0.2755953457825733,1.0276176476715682,0.2235794831154369,13.20438970502451,0.7975699195304142,3.734275118368868,0.28415591446959687,0.0772560030300979
MAC000025,Std,Adversity,0,0.09929423505447865,1.2530146878824973,0.220710117871792,4.760558139779683,2.20302524147425,12.580959246363676,0.08950800799876525,0.023419525503550333
MAC001903,Std,Comfortable,0,0.14692625237399135,0.49960855816164806,0.08573045801436684,7.020469096988905,0.571652930414019,3.330873890812235,0.34019431217129636,0.020046124234997968
MAC002393,Std,Comfortable,0,0.18590740620172289,0.574819402835821,0.11123148461048628,8.891247761044777,0.5938356411903858,3.052357819313151,0.3677831825994082,0.023030568143685703
MAC004225,Std,Affluent,1,0.6394117645154812,2.0994351834876546,0.5037508818628272,30.568024693055555,0.8005590534623088,3.41901223841355,0.3093868852449634,0.24376420933414075
MAC005372,Std,Comfortable,0,0.14585668071317764,0.4108484438430311,0.11677401776537204,6.963008119079838,0.7900523946513436,2.836808969102211,0.3652830973361367,0.04014285248849344
MAC003996,Std,Adversity,0,0.05077275536369532,0.26213741738410595,0.044258522129020816,2.4316986756622514,0.7930365003112734,4.743837913341239,0.2601044426353801,0.013888901677631819
MAC000144,Std,Affluent,0,0.13102311145900064,1.0001723597826084,0.18123299155580955,6.275731366304347,1.395032448698773,7.8301900213550315,0.14360469385038235,0.039834299449378115
MAC001806,ToU,Affluent,0,0.15652729799442452,0.6770173492113564,0.14803651618818986,7.422320188801262,0.9258420621274625,4.276433201349509,0.2939013724776906,0.08703132462745362
MAC004576,Std,Adversity,1,0.3557064442213573,1.1454271344221107,0.23655529185474586,17.04726381595477,0.6439034996304437,3.1754041308030563,0.33845265695027077,0.09217121375472262
MAC003686,Std,Affluent,1,0.33920531461308356,1.1354681302788845,0.23824604050993645,16.22544223685259,0.6769433312836809,3.3211472691444417,0.33786364604969366,0.1405690682319566
MAC004307,ToU,Comfortable,0,0.07776799606447307,0.31889953632148377,0.057828686930238085,3.7068918083462146,0.7300582741868996,4.03826314529119,0.29780195875324544,0.024324213384544838
MAC002965,Std,Affluent,0,0.24320319002403143,0.757166941983471,0.1472402463247963,11.656867768595042,0.5602324619483589,2.9805975504411437,0.3721198244450618,0.06836826917162239
MAC002285,Std,Affluent,0,0.1294313911511676,0.459573746902655,0.09106348627743086,6.202036873451328,0.5992675881972507,3.2121042141236007,0.3617176694477474,0.04978912795761608
MAC001124,Std,Comfortable,1,0.3416984874506595,1.1876726996983407,0.23643789566620785,16.34021719577678,0.6902652447093038,3.5195879284009357,0.3011036640073137,0.08347009181024956
MAC003242,Std,Adversity,0,0.17074327392645008,0.6687339620754719,0.11646894080863134,8.17691132037736,0.6569596155080278,3.8182756058661824,0.29085180388053433,0.031943263560037106
MAC000917,Std,Comfortable,0,0.23939719441377721,0.6475178043026707,0.12085017773046774,11.41151038635015,0.48731407828339357,2.6584529597749325,0.41008093853176936,0.06514484883071416
MAC004119,Std,Adversity,0,0.11850792201670966,0.35515488249158256,0.07081900175719129,5.616602693939395,0.591814447742943,2.9497740070767775,0.37090349493709435,0.036449258440595426
MAC002951,ToU,Comfortable,0,0.051282091469359956,0.2518561985123967,0.05546175795823879,2.4483520662809917,1.0741990916499458,4.834345569883955,0.259217169516818,0.032105881063171124
MAC003185,ToU,Adversity,1,0.31353836540614444,1.474977568411215,0.25993237153023185,15.008067289345796,0.8135859848002719,4.609647091029832,0.2571089616561449,0.058281522421296555
MAC003395,Std,Comfortable,0,0.164213544318664,0.6852500001923076,0.1387926317557024,7.849015384615386,0.8367451221989863,4.165409172835309,0.2583498293099886,0.03636616556685284
MAC004208,Std,Adversity,0,0.2914565044245029,1.083875000308642,0.23185248982041845,13.921492283796296,0.7776551376038758,3.6973802957448947,0.2882518111102026,0.07488075901271221
MAC002360,Std,Affluent,0,0.14256485254569073,0.6131958458456973,0.1302369763432224,6.81822106884273,0.8830667812104315,4.220067216180186,0.2804324565349591,0.06313945241691919
MAC003474,ToU,Affluent,0,0.218517242192336,0.8470684953033267,0.17561405694006127,10.479806265362035,0.7663783396544874,3.7721902125889564,0.2975455115462852,0.07099875229739729
MAC001154,Std,Affluent,0,0.16651577020944036,0.6938882185800603,0.12791290933509014,7.962708460271903,0.75417020217641,4.11203663654689,0.29143066000524176,0.05045680204797883
MAC001874,Std,Adversity,1,0.42899246596151475,0.8198734185126585,0.11659248690245912,20.521324368037973,0.27232095659596117,1.9079183406678426,0.5451404113623514,0.04505974958363485
MAC004846,Std,Affluent,0,0.11343184425674836,0.49968224275700923,0.1009318319386774,5.433761682009346,0.747143835326006,3.964805828809231,0.3444343176203919,0.05477184286117093
MAC001221,Std,Affluent,0,0.2836914219274223,1.1708523601217653,0.25990229347128585,13.57442618127854,0.9127017607343595,4.207453557538871,0.26405431708796484,0.11781000888418557
MAC001150,Std,Comfortable,0,0.1602916666666667,0.674,0.12930789408087665,7.6800000000000015,0.7818634844397059,3.681620839363242,0.2646329365079365,0.0
MAC002215,ToU,Affluent,0,0.18161507771457436,1.1194600924882627,0.26155076447107173,8.695286380046948,1.377632619310634,5.96562935018399,0.20752019007517125,0.11502980306760247
MAC001209,ToU,Affluent,0,0.08834679893906945,0.4865159329286799,0.09122459209810029,4.228224582397572,0.9215868286404952,5.006461216523928,0.2669912023167911,0.036849072384825134
MAC001467,Std,Adversity,0,0.25914210782879155,0.7396661543076922,0.1613401889482554,12.360393846923074,0.609045075137788,2.8360611463875927,0.382661879663478,0.09621699402499594
MAC000003,Std,Adversity,1,0.3970628096234052,1.865843668867925,0.4809029499122604,19.040411054447446,1.191100581412715,5.158327068869748,0.20722517702779142,0.2421279852224258
MAC002004,Std,Comfortable,0,0.2934614306642854,0.896198631278539,0.19288939658847942,14.050646120547942,0.7586491111895226,3.6133287528610576,0.33833797457928444,0.23084055519620864
MAC003392,Std,Affluent,0,0.11364355746501395,0.5944903840384617,0.12850038040252987,5.44184038423077,1.1398193557241119,5.271437922133702,0.20944181328430161,0.058109693455937854
MAC003819,Std,Comfortable,0,0.20401527327149332,0.6784606066666667,0.14988874991091256,9.766238383838386,0.6700471405588646,3.169404269524871,0.37516552588911084,0.09112851673170068
MAC002152,Std,ACORN-U,0,0.07856793280321879,0.47613526586151367,0.07877347856839519,3.757475040418678,0.9575018560987318,5.865735964261624,0.22007541558050778,0.018100577642128732
MAC003707,Std,Adversity,0,0.0752494500905445,0.17027544910179637,0.036460081817933546,3.579247504990021,0.5232271912814824,2.8022954471883006,0.5284893885007068,0.07010250559306629
MAC000957,Std,Affluent,1,0.4732025819644807,1.7782268668656722,0.3625248796125124,22.677347761044782,0.7487768952913679,3.7844618407796324,0.29011385757182956,0.1232524503629266
MAC000193,ToU,Affluent,0,0.24414191573530697,1.306280874213075,0.2864361242472419,11.67484624782082,1.1657361592161883,5.540360265734719,0.20296255787114675,0.11270814252765197
MAC002867,Std,Adversity,0,0.07768771143390969,0.18677827073170736,0.02947393814918349,3.7155188472283815,0.4248404700859821,2.674004624004148,0.5435133229533083,0.04197723906446608
MAC002952,Std,Adversity,0,0.2518732524240127,1.1352112198019804,0.21790841410923512,11.660136962046204,0.8363764092639597,4.363692468303805,0.26659107701436385,0.054117051092549114
MAC004430,Std,Affluent,0,0.058482037700264486,0.22161009789621317,0.04986723611296751,2.798962131837307,0.6301673278035512,2.79123684441358,0.4658727434303944,0.0557327950718973
MAC002283,Std,Comfortable,0,0.19337028620454544,0.8518088885925927,0.19629759628335805,9.266623704148147,0.9581747519139983,4.440515493264966,0.2608605630790066,0.09638372861915416
MAC003137,Std,Affluent,1,0.34017080732373106,1.1170033545302018,0.2674212136911404,16.2751275159396,0.7632564679113021,3.29285342316684,0.3312860320025137,0.11294885096507887
MAC003462,Std,Adversity,0,0.06520838524363233,0.15488953488372093,0.02653436322459339,3.1174922480620157,0.39705892561905454,2.3435101456245895,0.4605731116186936,0.011353814038416052
MAC003315,ToU,Adversity,0,0.14979795712831204,0.6584274814885498,0.12039057185344304,7.1765973288167935,0.7726348049906093,4.204900233123879,0.2936116902386883,0.04234261163585512
MAC002109,Std,Affluent,0,0.15486403326240025,0.641327447351525,0.1453789874490691,7.394813803852328,0.8965681481745188,4.03176122335318,0.2790875303528116,0.06703306183123768
MAC004731,ToU,Affluent,0,0.01812057055849796,0.23556366294706724,0.04541720985432462,0.8687196000000001,2.8994268826948693,15.35674619376291,0.11181003179613838,0.01843613073280819
MAC000671,Std,Comfortable,0,0.20853543543908665,0.5376603219619325,0.1120110130453886,9.975568082137626,0.5269474868839176,2.5414843085507646,0.41959548330154006,0.03659644517296225
MAC004718,Std,Affluent,1,0.5555856303324801,1.3253840691322902,0.24351536017651737,26.61031009445234,0.4446940281048137,2.4084844808421386,0.45516072209480524,0.15864470061921399
MAC005481,Std,Comfortable,0,0.15689439989629883,0.7159239770467835,0.10583998744435409,7.5078201758771925,0.6839075764710416,4.610438736855512,0.2669584042346083,0.02610990899141147
MAC000258,Std,Adversity,0,0.1697281016366689,1.233452989255189,0.22213795206518266,8.137726493040292,1.3116746001183501,7.377850993656605,0.14587069810308653,0.029256013731989865
MAC004315,ToU,Comfortable,0,0.16641133485365964,0.41333591284829724,0.07714244809835445,7.974633126780185,0.45093486585423637,2.437704820740458,0.4386235109750927,0.040294756708618776
MAC001879,Std,Comfortable,0,0.13714655230933318,0.7912812491776314,0.15901659787935007,6.557746711348684,1.09350667363432,5.527646620406787,0.21490452227525794,0.051312473856236857
MAC000422,Std,Affluent,0,0.12384367911479961,0.562922752949438,0.10072929750763938,5.9152485956460685,0.7808284857785962,4.304054493831134,0.2845825582554799,0.038888385227262984
MAC003957,Std,Comfortable,0,0.23828285619199518,0.7318725157284767,0.14169434974554115,11.409271522847682,0.598087775067457,3.0938944725806685,0.34743398348515914,0.06704819117657046
MAC002879,ToU,Affluent,0,0.08499205964505092,0.3406474461285009,0.06577197953915039,4.072032948434924,0.7546810784649445,4.000999041301147,0.3099809678536345,0.038338340610600076
MAC003679,ToU,Comfortable,0,0.09298451183529657,0.3413320079522863,0.07200299559904688,4.426457256461233,0.7955017481207908,3.783866494112776,0.3111677519160511,0.03338480396714095
MAC004989,Std,Affluent,0,0.2004514243086378,1.017208603911343,0.2708543929367879,9.57818383298566,1.334147241256236,5.287703328808863,0.21912783050144044,0.0890757451529091
MAC001563,Std,Comfortable,1,0.300617958430703,1.3546147932203383,0.26453535969529546,14.37422958474576,0.8687909652979215,4.461173671675983,0.2538714067654311,0.07757252769941678
MAC000466,Std,Adversity,0,0.20311533176670807,0.5938338032394367,0.11601423563541861,9.72606338056338,0.562917980472506,2.8747622568099707,0.37169294534965336,0.035292356115455115
MAC003803,Std,Comfortable,0,0.18278089847451803,0.7295846770161291,0.20038784024180106,8.747864918548387,1.052073643648659,4.179874239967437,0.26356567384603824,0.09874550599834837
MAC004284,Std,Comfortable,1,0.3001031315503707,1.253997985483871,0.27395375476721234,14.389131050000003,0.8595099861965959,4.094875986337466,0.28296470022891884,0.12687520312806483
MAC005553,Std,Affluent,1,0.6909027126390791,1.6622679357247434,0.35770838286191925,33.03610542240117,0.4981937372705876,2.407677624825299,0.4466521468899345,0.29190819244147753
MAC004423,Std,Comfortable,0,0.13198623377046265,0.7467254889355742,0.1589025871360762,6.317859942857139,1.2120900564084454,5.830707380862855,0.19134072248862835,0.044321310422209666
MAC001296,Std,Comfortable,0,0.03791270001907086,0.2903394216133942,0.05771478565531863,1.8174718417047184,1.446542376120077,7.289298322632405,0.1808998758185892,0.017986013909138055
MAC001709,Std,Affluent,0,0.17648859672913295,0.8209703836236933,0.2037375457583532,8.456794425958188,1.146782281143191,4.723522820472109,0.22386923546135848,0.0711337699797233
MAC004566,Std,Adversity,1,0.3352854125942971,1.176126093882647,0.20162235336738207,16.057671664169785,0.7164734796017808,4.048002722851194,0.30149296580535934,0.1761572535982091
MAC002793,Std,Adversity,0,0.22573055285002305,0.8000499248108925,0.1513431523185946,10.806866868986383,0.6665765072589626,3.537837254151241,0.30777022536591403,0.038412194010756844
MAC003965,Std,Comfortable,0,0.069247326377173,0.40591721837748346,0.08497812049288603,3.318837748178808,1.2099432066246876,5.908100047388097,0.1938669828793236,0.023296544289553925
MAC001693,ToU,Affluent,1,0.3374807114283678,0.9755335413416537,0.22041804941124069,16.109522620592823,0.6508891005767763,2.9329359423460577,0.36601487184104936,0.13317191215069726
MAC004887,Std,Affluent,0,0.14334346989703375,0.6943341861715749,0.14352244712606177,6.872457105633802,0.9463532006681049,4.617728185478495,0.2501437061183651,0.059477137689778165
MAC000916,Std,Affluent,1,0.668156438498074,1.7234629062314544,0.3247030744191829,31.96448665430267,0.5251032634055105,2.849444594245655,0.3935649825959701,0.37329072033811556
MAC001834,Std,Adversity,0,0.20010727541887346,0.6667535546603475,0.13564017675384718,9.586587678357029,0.6579948217354433,3.2576417217528513,0.33637666453761006,0.04498528168861222
MAC005305,Std,Comfortable,0,0.18810052323137338,0.9200080309236949,0.1862567964697472,9.003540827710843,0.921342754165541,4.602994937087166,0.2611756588303438,0.06887673198386693
MAC004842,Std,Adversity,0,0.2078363323715008,0.9600665696092622,0.1862286389859655,9.948871201591896,0.8556051827747326,4.535489030285074,0.24171881953784,0.06813318358390613
MAC005405,Std,Affluent,0,0.04403661608851579,0.22852108843537422,0.046754703128611665,2.100908843537416,1.0271286880741295,4.954404999925011,0.23320727538583433,0.012901647124206066
MAC001248,Std,Comfortable,0,0.059839750642525474,0.2314237804878049,0.047896748181830616,2.8628780487804883,0.7983204867598979,3.8134420472299886,0.2926916096617716,0.018482764431248598
MAC001019,Std,Comfortable,0,0.07987100136848159,0.1807443947683109,0.04384626339468562,3.7992436475336326,0.5344955020713287,2.198160387666859,0.48888991071174764,0.019851871118722973
MAC000077,Std,Adversity,0,0.12183094703839384,0.3654373464373464,0.08149634187800331,5.839753071253069,0.671950756851003,3.024339843488811,0.3453514944656993,0.02269141166130671
MAC005510,ToU,Adversity,0,0.12961672034738642,0.8722469154320986,0.1823873647667752,6.18099382962963,1.367224446466376,6.584715753810305,0.17315655616030026,0.04265020768866032
MAC001942,ToU,Adversity,0,0.10177095216914359,0.2929952305246423,0.06005025487372976,4.868182829888714,0.5092235007545762,2.6044692357900603,0.46260047674091587,0.03203571499394995
MAC002720,Std,ACORN-U,0,0.15791483712593465,0.49902413288084463,0.10386116095760334,7.519754147963802,0.6831058300654316,3.211048308500727,0.3401499261157884,0.06687849295043968
MAC003667,Std,Adversity,1,0.916663893062993,1.4623618333996025,0.24291917456419093,43.86824453638172,0.32678477449603693,1.7416155419048578,0.6122195204912458,0.35812096221459827
MAC003842,Std,Comfortable,1,0.33631861577569006,0.9756444456565656,0.2290089626433463,16.088802021818186,0.7041071952398642,2.994731426130391,0.3517200659054431,0.09071306751388163
MAC003610,Std,Comfortable,1,0.39826396718402013,1.0939467453648917,0.1947670149426174,19.070788954832345,0.47943197093372614,2.715422918583893,0.4008620246676803,0.11244222468709121
MAC005051,Std,Comfortable,0,0.08821064863142189,0.4017566304212169,0.0828735895468225,4.210212168642746,0.9613267936927136,4.628172166288933,0.24496593978020925,0.025241778117166463
MAC004405,Std,Adversity,0,0.1859575032852325,0.7354383745098039,0.14550733459181509,8.902126049579833,0.7230168794978592,3.6954845769495686,0.32922004135072924,0.09264418463394332
MAC002745,Std,Comfortable,0,0.1265924721627858,0.4516903323262839,0.11332661627167565,5.9973338364048345,0.9206403465100158,3.794489459781486,0.2920057190758279,0.05160451618413068
MAC003319,Std,Affluent,1,0.49658718371051735,0.9625171763358777,0.15234185964722874,23.772919846755723,0.29128029078542,1.8876984452521641,0.569833736192532,0.10756427110785644
MAC004463,Std,Affluent,0,0.21845110575647353,0.7995551408921933,0.1610989253191318,10.462472116604706,0.678843050517718,3.4556886975382874,0.3441839302686041,0.0707307401836036
MAC002830,Std,Adversity,0,0.04870648882125777,0.2192030301515152,0.03961717414534261,2.325546969545455,0.744366119011915,3.8563824656101504,0.34759912229075823,0.023701792653978454
MAC001684,Std,Adversity,0,0.10275062167380311,0.37643525741029643,0.0731493311104992,4.9121357254290166,0.7011895384219256,3.6086225821576834,0.3125949824445265,0.020499730079816834
MAC004270,ToU,Comfortable,0,0.15475565704077152,0.9367063123786408,0.21123470569099384,7.40762864393204,1.2920930719521366,6.240139853549029,0.21723546526580248,0.15351147463103684
MAC001646,Std,Comfortable,0,0.22342674468416987,0.6907667195956453,0.14184053131087393,10.681080869828929,0.606910409227318,3.073975327554496,0.3608541668513612,0.13172731794286366
MAC001041,Std,Adversity,0,0.1264932228721414,0.49133233577844304,0.09306136905245407,6.050058383682637,0.7137869745340101,3.8080984522787706,0.30009618765470697,0.03319838041502573
MAC005250,ToU,Affluent,1,0.42099811886554184,1.6121364256953639,0.28301918958896,20.156170858145693,1.046698956601805,6.020889379496436,0.2506046608469007,0.3146626101008471
MAC003580,ToU,Affluent,0,0.13124729411626346,0.5897681732809431,0.10942120883602222,6.277278978585463,0.7741351342987993,4.216914055454682,0.291256603875233,0.03747900179723903
MAC003997,Std,Comfortable,0,0.22134626791528703,0.9285579483443709,0.21419325822764596,10.61255960165563,0.9263811890922709,4.179010001257193,0.25440532003394717,0.07340682278276253
MAC000924,ToU,Adversity,0,0.10623028508527212,0.3834970327893174,0.0770785601486384,5.078367952670625,0.6932903021756234,3.5013132020929216,0.3178873020727165,0.028218534218556097
MAC004164,Std,Adversity,0,0.15816119938661893,0.885316923846154,0.17414277033818118,7.563007694153844,1.061650456183727,5.441433712504627,0.229833504843843,0.07060843302618362
MAC003844,Std,Affluent,1,0.3042779083946184,1.2965627520242915,0.2928150778522976,14.559957485627525,0.9441366849497064,4.31269266307059,0.2582479929983312,0.1364524411324638
MAC005451,Std,Comfortable,0,0.3359852954912901,0.977378102627737,0.20085110877308285,16.044020439124083,0.597496530041552,2.8992001772523834,0.3786416543943845,0.0760751544654015
MAC001481,Std,Comfortable,0,0.12917150498858035,0.5434730354391372,0.134758585446852,6.184848998459169,0.94190985699215,4.016278341574925,0.273517755723224,0.05046135101386681
MAC005147,ToU,Comfortable,0,0.1304485537934661,0.601618152425665,0.11428506577538897,6.2460485123630685,0.8553901240170557,4.541184976137693,0.2503725084904433,0.03571961978079888
MAC000800,Std,Comfortable,0,0.1721681311271942,1.4516952686390536,0.2337599689363924,8.248143494230769,1.2479035040332453,7.719987786035723,0.19200530086267037,0.05197656423704881
MAC005338,Std,Adversity,0,0.1903151362015191,1.1083504053908355,0.21262086413027803,9.114005391778976,1.1171362977337664,5.8027028438765775,0.19278660217064142,0.058261795307944717
MAC003700,Std,Adversity,0,0.07856206205257092,0.29351399980000004,0.04935872321191679,3.7617819998,0.6168652435919706,3.688255175187911,0.29875850280156835,0.011089256979585689
MAC000321,Std,Affluent,1,0.7982379437124856,2.198668500137552,0.402063721535229,38.23864374099037,0.6822376426057458,3.7400319509362374,0.34602859021631405,0.5866029525458129
MAC003944,Std,Affluent,0,0.1471889826002496,0.3547256198347108,0.05437207821959717,7.053114049586774,0.36563152829519285,2.379327198908446,0.4506266050736498,0.019031626958127483
MAC003228,Std,Comfortable,0,0.32047367324983805,0.712875706967985,0.11708384092444639,15.34763465386064,0.587918073891539,3.126971984598371,0.4231017239982069,0.2384345042879112
MAC003624,Std,Adversity,0,0.12943091815764818,0.6264516771203157,0.12518980700877372,6.19885601637081,0.9619085766560941,4.801811103143993,0.23931189136046116,0.028641459924398125
MAC001381,Std,Adversity,1,0.35120094972505644,1.0811005124361153,0.24429414777882474,16.47495571039183,0.6744186954139798,3.039445904219451,0.359033982003545,0.11853677950469438
MAC004347,ToU,Affluent,0,0.21017803975670088,0.405974930362117,0.06757097077056676,10.065189415041782,0.3172330389101852,1.9230678988276344,0.5521709578910784,0.05048665448367494
MAC001249,Std,Comfortable,0,0.0668042892344349,0.29780821917808226,0.06882270520428485,3.1990015220700148,1.0615001171354683,4.617795619470803,0.24068697798485128,0.025726202843071946
MAC004110,Std,Adversity,0,0.054353637251506444,0.22935122699386504,0.04543627818293046,2.602184049079754,0.8249800223692308,4.155015261252692,0.29224872481974457,0.016598634822826985
MAC004021,ToU,Adversity,0,0.16528193106653044,0.786100994039735,0.18148299612870705,7.927642385430463,1.0901095955092215,4.826735754431484,0.22976944604747362,0.05220088146890851
MAC003285,ToU,Comfortable,1,0.5437209341817819,2.377588099285714,0.5754531795107611,26.089571445476196,1.3657257837944523,5.767423188715647,0.2087261223408419,0.40388522163144913
MAC001348,Std,ACORN-U,1,0.41419567246574324,1.4075917417431194,0.49749257043495243,19.811302753211006,1.132943026899003,3.973941498189116,0.31420466871688646,0.373798895250653
MAC004374,ToU,Affluent,1,0.5416830363519483,1.4399707132496513,0.3302162573589375,25.932057187168756,0.6274096535847251,2.761853169186476,0.3956354937157827,0.25177695417899576
MAC001468,Std,Adversity,0,0.23972991760257653,0.6057984609230769,0.11068146643477694,11.457819999692308,0.4505575352627576,2.4777777711872093,0.43373252717586785,0.03891949889256818
MAC000920,Std,Comfortable,0,0.061646279838804004,0.22672713643178408,0.055709066687063255,2.9455157421289355,0.9208701160962025,3.8208722114380347,0.28058594131294534,0.0209042646521388
MAC002897,ToU,Affluent,1,0.41506093704385605,1.5157304768261965,0.23077900803586532,19.858612085390423,0.5684153588023055,3.7521203964628556,0.31439926067026946,0.09436851094103893
MAC003454,Std,Comfortable,0,0.2945543761357311,1.0346317833333332,0.21843341805944333,14.116100776937984,0.7193814427903333,3.4924441282645975,0.30955541936787884,0.09275691755365045
MAC001598,Std,Adversity,1,0.32808858034297916,1.5948651184496128,0.27028322946169736,15.705942636744183,0.82310942677047,4.889500193326545,0.21849531221214527,0.05422331808430191
MAC001612,ToU,Affluent,0,0.2145842183458784,0.8209411749226005,0.17378255326481895,10.266351391176471,0.7619413070286809,3.7409713145664947,0.30758447357634205,0.084577832661735
MAC000265,ToU,Comfortable,0,0.17065164369419747,0.4140293036630036,0.0892318644494152,8.157768009401709,0.5496389499982101,2.5160730348743194,0.4289413202618386,0.05767514898112889
MAC000087,Std,Affluent,0,0.3297907601256876,0.8911576352216753,0.1656178049871772,15.805541872290641,0.50200998438453,2.700379106502523,0.4030276475132547,0.08388393769015151
MAC002419,Std,Adversity,0,0.14194126268832227,1.017143071684054,0.18230095890329565,6.799685546795828,1.1537511793638249,6.412177988931124,0.21426262707177454,0.056948832634633205
MAC003184,Std,Affluent,1,0.29067198708771175,1.3307962585046729,0.2887711812676041,13.907246725794392,0.9687254386396763,4.576951230869455,0.23350488076557008,0.09837559427747673
MAC003003,Std,Adversity,0,0.11697322930478711,0.6862673265676569,0.10678680587322288,5.591349834818482,0.8828453611923234,5.708202953802246,0.2141391923392474,0.026375879001525014
MAC005195,Std,Affluent,0,0.2538022476180866,1.0581565798684214,0.20929119916280217,12.145167105526312,0.7888388774789298,4.13449473099196,0.2871035027427658,0.11346206737400837
MAC004337,Std,Comfortable,0,0.24412574571517115,0.7295598864902506,0.1605627851169901,11.703225624233983,0.6617399255369372,3.1840746039716055,0.3813095623770816,0.15869865703808927
MAC003498,Std,Adversity,0,0.14833721663467245,0.663064203307393,0.12817318069925562,7.102941634824901,0.8450592378013074,4.394215420868387,0.24941965006601105,0.03172608608970816
MAC002671,Std,Adversity,0,0.19915708298829135,1.0298318313813812,0.2047682804623782,9.531558558558556,0.9828469151572542,4.981515667677947,0.23419463276529318,0.09109004697242393
MAC005394,Std,Affluent,0,0.1254596350818284,0.7540190447619047,0.12720446183354667,6.005711561496598,0.9788146032077565,5.748042893894736,0.21658224754722916,0.02327026434886609
MAC004120,Std,Comfortable,0,0.2850123446245595,1.051662576380368,0.23444947311510062,13.640239265644174,0.8038843838120644,3.6783940464804905,0.30014954934484706,0.0826967133117054
MAC005014,Std,Affluent,0,0.12914438098220327,1.4820458714285711,0.33502976889242475,6.194965924246394,2.6236197391755964,11.829369071938157,0.08865109511101538,0.02413892905078075
MAC005010,Std,Adversity,0,0.05974278422101701,0.23289673202614383,0.0484139849633951,2.8653934640522887,0.7567191039512151,3.618660211730719,0.3394471625682229,0.026826992339232154
MAC002224,Std,Affluent,0,0.06789133382284179,0.4333065572131146,0.09240356255116787,3.2489131142622942,1.6826940947827216,8.589667786745718,0.2101674081762555,0.06362246957420517
MAC001116,ToU,Affluent,1,0.3876916846795769,1.5086042784313727,0.3660285310651229,18.57588591515151,0.930232335439556,3.8746955309152797,0.2715162263660109,0.09359248623970708
MAC001663,Std,Adversity,0,0.09349167225512527,0.342588143525741,0.08279272982908131,4.394488299375974,0.879455763344383,3.728654618877999,0.3377728253089323,0.042465285645605665
MAC005228,Std,Adversity,0,0.21475839102778257,1.545451057142857,0.3453953074632143,10.253152113095236,1.8765072490312509,9.154092179621946,0.1352010048248383,0.13315216379149333
MAC000733,Std,Affluent,0,0.12578425501345072,0.6879568965517242,0.13350697177871704,6.0254534482758615,1.0646601017696704,5.587114205892128,0.21219167053918142,0.04901918271945442
MAC002179,Std,Affluent,0,0.2618012865683679,0.9580582511326861,0.21716971470772406,12.553962784304204,0.784194874923612,3.6842323699881057,0.3120253293859418,0.2095911722698093
MAC003146,Std,Affluent,0,0.14700518267887316,0.5844882553691275,0.1223256218683964,6.939567111744966,0.7982367173926376,3.898115803230384,0.3095225623646202,0.09415962888671227
MAC000037,Std,Affluent,0,0.0016856960250700977,0.07636842105263159,0.011288185461178312,0.08087882496940024,1.997049276533039,12.281089800731761,0.2128699119862151,0.004653456265689822
MAC003255,Std,Comfortable,1,0.38653857121140506,1.125035916446125,0.28060609934713654,18.53136483969754,0.7444094254257566,3.006421903890675,0.3551835709823836,0.12170546488535568
MAC000921,Std,Adversity,0,0.1896499417038031,0.8224538690476189,0.1593672014975186,9.081605654166665,0.7418176872984291,3.9595756735523944,0.32263012206512526,0.07576310243349209
MAC003145,ToU,Comfortable,0,0.0811644418942229,0.42256207936241613,0.08829705353026725,3.879674495134229,1.1125817827946014,5.155257211615893,0.23937461625260978,0.06087854036462923
MAC004717,Std,Adversity,0,0.1704612698733841,0.9018947372688475,0.16317140167790065,8.166075390896161,0.9364901351507995,5.156300411203108,0.22419008544128746,0.047859899288421485
MAC002690,ToU,Affluent,0,0.09091879943476211,0.5955697149925036,0.11761508225583961,4.350145427136432,1.2910812499036586,6.649871662730594,0.178096704386832,0.04134547694151329
MAC001213,Std,Adversity,0,0.16063135201176562,1.1339074361153263,0.20834047526071411,7.669963581487099,1.2871449014274359,7.136619439552235,0.15611376801701488,0.041329258741027164
MAC003349,Std,Affluent,1,0.4310099408757762,1.427666667049808,0.2638363209337972,20.64386782126437,0.5919398298781267,3.2835411901116784,0.3336354016753287,0.11220042065603275
MAC002202,Std,Affluent,0,0.1438370491579959,0.6681853660162601,0.13885722964627265,6.889091057723579,0.9304528615796157,4.5031487828006105,0.25422974210834276,0.060250565005733094
MAC003034,Std,Comfortable,0,0.19066264540938105,0.9505701224085362,0.1718693347357483,9.126631098170728,0.8926644232449252,4.945739691007078,0.25141597817086325,0.05540029884658727
MAC001547,ToU,Affluent,0,0.18156297014370903,0.8003436052388291,0.1788307319604096,8.683041602311247,0.9385668784028712,4.256108066675739,0.27377763650988257,0.06874114343580139
MAC002094,Std,Adversity,0,0.27791580699979684,0.6180754417335473,0.1203653344076923,13.321524879935794,0.43243388954110323,2.2386033098351366,0.45891493501675873,0.05423152059906622
MAC000748,Std,Adversity,0,0.12004540139442717,0.5372349487518355,0.10864171376412905,5.734895741997063,0.8575672165944103,4.212215818057816,0.28238208050472174,0.04592018418645059
MAC001466,ToU,Comfortable,0,0.06970301993067748,0.36501076830769225,0.07034249001921164,3.340781537538462,0.9577321819689739,4.950812729566049,0.24629973427700821,0.02355656223864028
MAC000043,Std,Comfortable,0,0.07389247084028648,0.1806507354166667,0.038005522812780274,3.5390833333333336,0.5368833426502432,2.5647879915167056,0.42467850237376276,0.0471329309462521
MAC003751,Std,Comfortable,0,0.2172140939982776,1.1023199984,0.2428768892416024,10.399791995200001,1.0917959978213108,5.196768950630564,0.2132622421530696,0.1041554645671171
MAC004172,Std,Adversity,1,0.5542912324494136,1.3721926016949153,0.2675722311512171,26.52681047627119,0.4846821717826719,2.5035378665392756,0.4122913882437454,0.13692784590107604
MAC003608,Std,Adversity,0,0.2054550069671399,0.882034581556196,0.18921541196795535,9.850002882708933,0.9059136979951173,4.292702934665655,0.2477694004418489,0.06341562521378497
MAC001172,Std,Comfortable,0,0.11419890095341594,0.5656616315709971,0.12188337767848965,5.464512084743203,1.0474140607526317,4.986995504389551,0.22300517466690795,0.043053208112186034
MAC000568,Std,Adversity,0,0.12557246486636967,0.477692753768116,0.09706223523644285,6.0124681157971,0.8002626849830209,3.9270725531795665,0.28556401855972036,0.044778051775341006
MAC005006,ToU,Affluent,0,0.12070160942201785,0.631554248496732,0.12806194977681068,5.778603922222223,1.0053375970949467,5.051781267659084,0.23728870485035078,0.04947125470075033
MAC005283,Std,Affluent,0,0.2648854326038956,0.9974135639627658,0.2054409108682062,12.69284308617021,0.746012916728051,3.764982897699017,0.2962538112111177,0.12063301165262416
MAC000140,Std,Affluent,0,0.10581126203161208,0.3911361387376238,0.08356184076418507,5.070821781435644,0.6981297099145705,3.3703950395782334,0.33616474332550866,0.0432113346484868
MAC001525,Std,Comfortable,0,0.11947865077613039,0.42050077026194144,0.06428873837792369,5.721180277195686,0.5431852336023919,3.531837715680229,0.30153588259842046,0.01512879145660888
MAC000343,Std,Adversity,0,0.10538841914253874,0.39129379310344825,0.07959450561788507,5.050653792689656,0.7417071109154423,3.6462567564248047,0.29284225836838945,0.022687348824541095
MAC002949,Std,Affluent,0,0.27098200127234634,1.2007752059504129,0.2750824981585751,13.00080991371901,1.0021353459475362,4.475428473086451,0.2507980190864122,0.11375986405298658
MAC003787,Std,Affluent,0,0.15098662393116566,0.5374737903225808,0.09992240397143891,7.2202479838709674,0.6574151973144405,3.5457708454817176,0.30914457407929313,0.024834224648105342
MAC002714,Std,Comfortable,0,0.2052063680490286,0.9035513598187312,0.20461611897756204,9.826075529758308,0.9627200036530567,4.358850737545297,0.25129672949159854,0.07352530828377978
MAC002696,Std,Adversity,0,0.05322350474892574,0.22378528573573578,0.03907363567518774,2.5429294301801804,0.6180673310321655,3.5595914000768523,0.41133871986637544,0.023574810467977984
MAC002982,ToU,Affluent,0,0.05587576676707618,0.2632668864909391,0.053252085340259624,2.66679901169687,0.9046219208651478,4.356842132468637,0.272859336213735,0.021458533970328413
MAC004094,Std,Affluent,0,0.12798922996228176,0.6401699843797856,0.13147332682142227,6.127263399693722,1.0774072942880537,5.268736021837205,0.21548882699508967,0.04800623466209876
MAC004044,Std,Adversity,0,0.15895721577676597,0.5772036420529804,0.10507004030408836,7.600625827483444,0.6436062867705516,3.6035301219427636,0.30022916940460626,0.035853810310735056
MAC004131,Std,Adversity,1,0.35970357035746076,1.24648312607362,0.3007148962830353,17.121165642484666,0.8328928236849139,3.5321142290591467,0.3070973068983905,0.12262629069091725
MAC000396,Std,Affluent,0,0.22885543451914983,0.8932597206944443,0.19780402377143932,10.966837498333332,0.8610229760734629,3.93209770729238,0.27390011910558343,0.07464574527351764
MAC000240,Std,Comfortable,0,0.22221448928512266,1.2802277376642337,0.26567922574160946,10.64930073051095,1.1892296529926973,5.977584264673331,0.21311309800530787,0.08316087469924065
MAC000492,Std,Comfortable,0,0.19696237563986513,0.8025726382228492,0.1643264080908771,9.438595205077574,0.8139170822689621,3.977611005898842,0.2824654140033991,0.045648637929848204
MAC003615,Std,Comfortable,0,0.31079392608080336,0.9533412228796844,0.18219752132107622,14.870944773767256,0.5745682137338796,3.0611261353758175,0.36004375921651854,0.07801058956352665
MAC002758,ToU,Adversity,0,0.18889309143202596,0.6621679278366115,0.11483039598176083,9.043329804387293,0.5851297221130622,3.4346003567573535,0.3262774576220108,0.037264520411088804
MAC004197,Std,Comfortable,1,0.35666275470712205,1.0773307568778983,0.22957685479194168,17.066557958887174,0.6573983112874954,3.084592419645545,0.34108695270516587,0.09756192219511177
MAC002407,Std,Affluent,0,0.22198875831464246,1.2304590175856929,0.22192254163121816,10.635815201788375,1.0165084501736104,5.701390880520554,0.22712035933227695,0.06533183028981325
MAC003005,Std,Affluent,1,0.3351164773850334,1.88717073125,0.44869865368718603,16.027673779878054,1.5288243636684493,6.665745294917134,0.17382684498441012,0.1748005426517883
MAC003415,Std,Adversity,0,0.11153160085779054,0.6107176021276597,0.11298260866667578,5.329408124177951,0.9623734550031895,5.296250696137197,0.23389360924418162,0.034611959517050206
MAC001872,Std,Adversity,0,0.050698968125287784,0.22605854430379738,0.04252667288059713,2.4289810126582276,0.7932858662314946,4.220839198399432,0.2825741219382752,0.012838154552926336
MAC000409,Std,Affluent,1,0.6214907189773855,2.0096910125000003,0.4855290845509818,29.780172761657305,0.7678563577173233,3.2369884475103423,0.3478242562134168,0.3334052282259657
MAC001304,Std,Affluent,0,0.2969308605988071,1.0571140499173555,0.23182322451394816,14.219059504628104,0.7514907019155922,3.4385929741411942,0.3198459840269323,0.09421559561800863
MAC000294,Std,Comfortable,0,0.2710713811170494,0.6325253080711353,0.1059618128513664,12.991428180164162,0.37778666833419966,2.318238526518244,0.46556656084008097,0.09017095391300199
MAC003158,Std,Affluent,0,0.2509697357802014,0.9549446307046981,0.2661625420258981,12.039761746979867,1.0419521662399367,4.171544962243424,0.2586917482948252,0.16739908570633627
MAC002558,Std,Affluent,1,0.383710747821231,1.4000033279534105,0.3270495926096343,18.332347753410982,0.8347714757862656,3.6221740239243814,0.30014635838877407,0.13983926374074235
MAC003987,Std,Affluent,1,0.33014589286707124,1.302980134768212,0.30522949136010274,15.824586097019862,0.9156071303655644,3.9898738642577145,0.2668730874767406,0.10550689266130592
MAC004531,Std,Affluent,0,0.17624367742516567,0.7959651311332503,0.14351127005365685,8.435352428393527,0.773278703870827,4.389742434615669,0.2644772825121648,0.06459497779642505
MAC003292,Std,Comfortable,1,0.42369416803417126,1.3049904606870228,0.2776359657002725,20.201181298854966,0.6429230616584259,3.0662166656391445,0.3419541725058523,0.11633077847997193
MAC000816,Std,Affluent,0,0.11764994678262909,0.43271025289747417,0.07870472860656715,5.6313372959881125,0.6475507456787739,3.569732327069819,0.3197269223465306,0.02080492839330509
MAC005435,Std,Adversity,0,0.191497326902836,0.7440538567685591,0.147906043225608,9.157049490101892,0.7682986232292973,3.8878528140653827,0.27771548051867473,0.04688771325569111
MAC003720,Std,Comfortable,0,0.21810073746602476,0.9584725271978018,0.20068393365004591,10.41664835137363,0.8762366520173779,4.2944566853140715,0.26442368605492067,0.07464652001911144
MAC001864,Std,Adversity,1,0.38307729478408115,1.8028262248025277,0.4058086555741674,18.339593993364932,1.0717434768014134,4.81768817661654,0.22160400058075772,0.10394498093205114
MAC004310,Std,Comfortable,0,0.045345905112559766,0.33655108359133123,0.05781952430248523,2.1647445820433444,1.2296849910276402,7.073387247300661,0.17206427049864562,0.013808586923895099
MAC000356,Std,Affluent,0,0.19362769427057364,0.976141209221902,0.2184688411832704,9.270818444092217,1.1061148549837059,5.161815581484195,0.22452966870975208,0.08169871457061705
MAC003588,ToU,Adversity,0,0.17563519626573654,0.8703681108267717,0.1594753691493364,8.413068897244095,0.8592370779324607,4.7862814392393895,0.24989207900763544,0.0498172575751267
MAC005442,Std,Affluent,1,0.6793119333631206,1.6724043817518248,0.30331612710723055,32.507327004817526,0.5635588353727923,3.045273282860879,0.3917651866102149,0.4699912911555852
MAC003035,ToU,Affluent,0,0.06543407214906592,0.19747560975609754,0.036194487537941175,3.131592987804879,0.5587271621550451,2.9110673598563,0.4156877329776139,0.029630491256068935
MAC000633,ToU,Affluent,0,0.22728631910731592,1.3574825601744185,0.2909835848036029,10.892377910174417,1.2702420364954563,6.079984717916823,0.1826774162510304,0.07566420953509292
MAC002309,Std,Comfortable,0,0.14009239571193907,1.4401920234859673,0.28981420443513883,6.716901036041358,2.11503607165483,10.835957331861295,0.09985997338781784,0.039021216299608655
MAC001918,Std,Affluent,0,0.17398976792928264,1.0940158489698895,0.17395052070131556,8.331510302377179,0.9750188314354735,6.179728238817602,0.2046002949592024,0.041172608851159
MAC005376,Std,Adversity,1,0.27717515861548037,2.6633437071718538,0.5714255741339271,13.055852502029769,2.0327496160636613,9.687081160493376,0.11097780953588218,0.1683976118595747
MAC003706,ToU,Adversity,0,0.23225419051270982,1.362143712774451,0.28803031578959964,11.12522954171657,1.1786407521586721,5.835290542513293,0.20517975581979175,0.09621639295783127
MAC001482,ToU,Affluent,0,0.16369166618783382,0.4309598765432099,0.12228144658881646,7.850611111111111,0.6986739330759059,2.775687605492413,0.3880381653887563,0.09272307861043043
MAC000075,ToU,Affluent,0,0.10893760628725527,0.3809078626535627,0.07255229897447461,5.18284398071253,0.6032060899923257,3.364621858202854,0.3527142696544893,0.06920296027814764
MAC005212,ToU,Affluent,0,0.11547454378423828,0.4674637682476943,0.09997583998869501,5.519779973913044,0.8326781443842777,3.975345284350543,0.286943939466129,0.036438929381062066
MAC000307,Std,Affluent,1,0.8470531716990622,2.3165343401098903,0.5175312127069246,40.59583242115385,0.6305069504871342,2.894705510589448,0.36583033476400567,0.4275677063179365
MAC000811,Std,Adversity,1,0.37143751540395886,1.2326168633136099,0.312491374661204,17.795710060798815,0.8812851457590218,3.5222599750450496,0.2991477291707336,0.15436962703413967
MAC002786,ToU,Adversity,0,0.1022285923384416,0.4331573373676248,0.09594141258438174,4.890204236459909,0.897213345886664,4.167361881751857,0.3361982437884656,0.0661103878199215
MAC003257,ToU,Affluent,1,1.103322647699394,2.347882801323252,0.39334853056616254,52.83874669678639,0.3533522257944339,2.133310419519732,0.5217953862560775,0.3913116239436254
MAC001723,Std,Affluent,0,0.18835228434280546,0.5786671896389323,0.11764863723920947,8.908386184929356,0.6293737411219795,3.073193399606959,0.3582150160869068,0.04363272774095116
MAC003885,Std,Adversity,0,0.1205305221769669,0.6645679513184584,0.13259091898649117,5.773523326977688,1.022870384357618,5.4604767775357095,0.21135446755568985,0.0674627555381692
MAC002814,ToU,Affluent,0,0.3296928998514624,0.9285999993939396,0.17998630585941938,15.771874240151515,0.5264336948580528,2.7914763833649685,0.3828690500859169,0.09030796193638187
MAC001010,Std,Adversity,0,0.10704328333995332,0.5525351273542602,0.10267824434457731,5.112955157249624,0.9513279475965281,5.273473588869014,0.2684303733281303,0.040462634303854064
MAC002565,Std,Comfortable,0,0.10997362730199328,0.45676539118136444,0.08991548918170651,5.274657237603995,0.8309106097107535,4.170902987509801,0.28106852318463577,0.06159795623584371
MAC002074,Std,Comfortable,0,0.2432711658335606,1.113724362019231,0.23722499742819736,11.659407053846152,0.9706817794008925,4.625002502715935,0.2292814397878368,0.058720690065629896
MAC000724,Std,Adversity,0,0.2379352798924402,0.842778592815249,0.16647884321552964,11.389630496334314,0.7436510847925485,3.7929763815636877,0.2924185928866214,0.1302799090691852
MAC000682,Std,Comfortable,1,0.31726683067599054,1.0457101038067347,0.24722287065776186,15.150563691215222,0.7251257776230372,3.265512393137343,0.33452935056708266,0.13574674055857808
MAC000221,Std,Affluent,0,0.26632303293380466,1.0745856633049815,0.2541246866006893,12.736990278736329,0.9331900137993782,4.065894805029057,0.27922199680611365,0.13360345607717194
MAC004826,Std,Affluent,1,0.3688854635461746,1.5213971217266187,0.36598391118654133,17.652582730791366,0.9632817167223768,4.222402110440494,0.25814751085424426,0.20517619569870735
MAC003213,Std,Comfortable,1,0.30709616582719296,1.3756045193973638,0.27597331507229156,14.701403009981172,0.8659812301958335,4.421149189989928,0.25255038867788404,0.09142848675580897
MAC005059,ToU,Comfortable,0,0.2630097241025492,0.8564087361934477,0.13767146414227666,12.570672386427457,0.5191152326265634,3.2403308124533527,0.3307460654975073,0.03767020062396315
MAC003771,ToU,Comfortable,0,0.10393950400801603,0.5463967935871742,0.10913112743968723,4.97465130260521,1.001841317933302,4.998573719388701,0.2400631223206479,0.034242309552977586
MAC005422,Std,Adversity,1,0.3773177092509409,3.0834993177353343,0.7100953379066285,17.861552525238746,1.8616462326206835,8.496251605569611,0.13103215601103252,0.20743443749041685
MAC003263,Std,Adversity,0,0.2517565315699558,0.968344047448015,0.19971444644844832,12.063960305482043,0.7686839817145995,3.8176177927526487,0.2769567629292114,0.06433246560415866
MAC002507,ToU,Comfortable,0,0.15182086097636815,0.48786069651741304,0.11215772732851695,7.276031509286898,0.7354226827035074,3.1772012776397927,0.3351590084243823,0.03703926069359631
MAC002287,Std,Adversity,0,0.1638581853800882,0.6334174042772862,0.13100621402005103,7.808387906194689,0.7415216820113395,3.7178212737017327,0.3161666451252201,0.059328051991800614
MAC000151,Std,Comfortable,0,0.07803374825076388,0.25446329735258727,0.053466936264974785,3.7396654634175683,0.6718482193567651,3.2067472263106844,0.34147181536014415,0.014473757649069288
MAC000433,ToU,Adversity,0,0.174832172077811,0.7445147687763712,0.14794498411785637,8.362828412236285,0.7450556794256142,3.7649266522486444,0.33393744267926817,0.07038682116239332
MAC005116,Std,Adversity,0,0.21214965637108843,1.0391658866979654,0.2192635682546783,10.134574337558686,1.0304821126284494,4.889617014961182,0.2238713998451429,0.06261038726589799
MAC004385,Std,Affluent,1,0.644846097327263,1.4900990230125521,0.30223157010153195,30.891744763737787,0.4531662743818175,2.3705480249995183,0.4383493084898651,0.2345978541657684
MAC004686,Std,Affluent,0,0.12311253538805295,0.40341038492462317,0.06866396524359797,5.898636515410386,0.49320211392084573,2.980123647960537,0.4142872771606396,0.03330843276677959
MAC002043,Std,Adversity,0,0.07454714661985798,0.45794888146964857,0.08110199581414045,3.5722523961661343,1.0355860732042732,5.867026003323741,0.20607109443560578,0.023766635220224683
MAC005291,ToU,Affluent,0,0.09996102406186973,0.4498104129506008,0.0856850245671436,4.7868638173564735,0.8250518388968742,4.408368583860371,0.2610674522464242,0.03921599710360985
MAC003114,Std,Affluent,0,0.2312894857195965,1.0295267167938935,0.22699810651907185,11.079903814351145,0.9319049334329005,4.331860346846696,0.25526932019808757,0.07942200451255454
MAC003429,ToU,Adversity,0,0.19555393517565894,0.724069632688588,0.14283211581398791,9.350437137330754,0.7080587769652396,3.639950793778326,0.30341626589348464,0.045056415691506355
MAC000739,ToU,Adversity,0,0.07994195351214431,0.38979032243401757,0.07446543225658303,3.8243885629032257,0.8979232471364403,4.688037188862273,0.2505548836365855,0.02088109651410161
MAC004248,Std,Adversity,0,0.15624999302140197,0.7729502609947644,0.15071456483750834,7.479756543717278,0.9420226159512041,4.890272840450279,0.22435577142631286,0.030458285550662528
MAC000019,Std,Adversity,0,0.12983585782843737,0.5822570388004896,0.10698074835218763,6.213882497674419,0.7590709110502112,4.136449860993901,0.3061580652269519,0.045454070977665254
MAC002559,Std,Adversity,0,0.15147845846653973,0.34239434276206315,0.061514411444978156,7.2529484193011635,0.41925708528513633,2.2897772550223063,0.46390904063273336,0.032808004936655685
MAC002695,ToU,Affluent,0,0.08868387857585622,0.48237987957957956,0.10222773966921381,4.242262762312311,1.012824589645978,4.98863664741367,0.27703200625629315,0.04708915097218947
MAC001850,Std,Adversity,0,0.20813436794512516,0.5717282780410743,0.09514331283679295,9.9559478671406,0.4553964566586093,2.7397552851244993,0.3912418762717495,0.030264602188459933
MAC001006,Std,Adversity,0,0.14146923595373437,0.3768983560538117,0.07380934612041276,6.7640239165919285,0.46802243991886006,2.507563338827962,0.43233625918988755,0.05663455439274081
MAC002711,Std,Adversity,0,0.06566744673095852,0.31740240240240236,0.06387960393889391,3.141638138138138,0.908554638515703,4.509986984466041,0.2491514967561262,0.02237063542149478
MAC000774,Std,Affluent,0,0.16445756901968214,1.2894863032534247,0.21716318427787798,7.8789092476027385,1.2161750682047376,7.302705735664337,0.19478222206439896,0.056144974823008724
MAC001605,Std,Comfortable,0,0.13928451612473378,0.9013250763157894,0.17436012581043558,6.664024766873065,1.2387854487447307,6.525681591251898,0.17644513032800518,0.04178719910237812
MAC000235,Std,Affluent,0,0.22458242141930365,0.5737336669597991,0.13691155379659842,10.652336686809047,0.47579508754736644,2.534634685681135,0.527185653440971,0.3140822666230532
MAC004924,Std,Affluent,0,0.11928681300917188,0.5183958615782663,0.10391851712273337,5.710668823932731,0.8493759497153888,4.216259406087171,0.26498139141420085,0.028527998014240375
MAC004710,ToU,Comfortable,0,0.21304751795686902,0.8842428815745397,0.2012747750603132,10.201254606030153,0.9378732572898076,4.150114684346542,0.26375887656546854,0.05704280888558711
MAC004192,Std,Affluent,0,0.2677376821964441,1.0083292304615388,0.21356136530873965,12.782298462769234,0.713962376777465,3.536273671495022,0.36800402052339104,0.11541939508944032
MAC002520,ToU,Comfortable,0,0.34499033436139237,0.840354408485857,0.16443476968231413,16.53253743710483,0.4641760421022019,2.3821897124048563,0.4576512780387977,0.058866669334021356
MAC001358,Std,Affluent,0,0.2591639882804137,1.0388836148545177,0.21283824128885803,12.408460950535988,0.8101405661186961,4.014149469567153,0.2729551175057662,0.07907961942586583
MAC004333,Std,Adversity,1,0.3217574566534879,1.5048637015299031,0.3199642884892106,15.407354663004174,0.9490177861864355,4.646207299338113,0.2455516990456462,0.1448717638483741
MAC001586,ToU,Adversity,0,0.12263542193403802,0.7114442707430341,0.13028026474529464,5.871362227708979,1.0072143223101868,5.624762526227602,0.21331934098905084,0.03723947481510681
MAC002395,Std,Comfortable,0,0.24659934099771566,0.8171698947839044,0.1806378255932836,11.778858419821166,0.7167446494466648,3.2631482069867332,0.3390696730843187,0.05600136877784951
MAC004637,Std,Affluent,1,0.4625995932329115,1.1760903013377928,0.24296875810937452,22.153389625919733,0.4802286072523209,2.5119168282089963,0.45539132839641,0.30346452024081205
MAC003565,Std,Adversity,0,0.1649662212354792,0.5650196459724951,0.11794231090408515,7.902373280746562,0.6924175383878816,3.383424246800859,0.3112561636677387,0.03193521207818962
MAC000132,Std,Affluent,0,0.2909211060238411,1.1892719391841784,0.2479414731296512,13.94412855179234,0.8451161102097815,4.114179893699301,0.2662509674602935,0.07162318802628038
MAC004898,Std,Adversity,0,0.13457248981786551,0.7543925350064349,0.13117198297816834,6.448162161776064,0.9729562746990342,5.710925008406377,0.18916230118355518,0.03146341174682206
MAC001635,Std,Comfortable,0,0.07842283841389265,0.33692379424572305,0.06519517178428005,3.747049766251944,0.7659378960136342,3.9567567934868424,0.3078421040955416,0.023846904924550855
MAC002729,Std,Affluent,0,0.13356755924678174,0.4586903324773412,0.09377364996941692,6.396356495619337,0.6960414979915526,3.406364546788339,0.32660188895676057,0.0425555410896591
MAC001314,Std,Adversity,0,0.14172999105916734,0.5986865444954129,0.13866111299529765,6.7510948010703355,0.94746212910754,4.188628364832867,0.2745747312883374,0.04961809863010528
MAC001720,Std,Affluent,0,0.2513566453929088,1.0632633244514107,0.22660523339785482,12.035023513793105,0.8615548840391559,4.1253062718279345,0.26372105116289624,0.08565725805390019
MAC003622,Std,Adversity,1,0.3675617170378879,1.3892524621301776,0.3312412987807491,17.61550690059172,0.9392485356092447,4.084248607596307,0.2679429620425126,0.15575197095760282
MAC002815,Std,Affluent,0,0.07471901933008351,0.37653083163538875,0.07795868129840848,3.582402145040214,0.9249687546270485,4.42953309377295,0.29114801378117494,0.04104067754449544
MAC003535,Std,Adversity,0,0.2727921835936444,0.959464706862745,0.20385280822379656,13.063137253333336,0.7234099309006174,3.4590379647650016,0.31695955898112627,0.08491837739100049
MAC001021,Std,Comfortable,0,0.07150120862561801,0.5116965621823617,0.08770998305067138,3.4240209269058295,1.2073535421107169,7.16578743551752,0.1639472617865125,0.020173469412554563
MAC000788,Std,Comfortable,0,0.14873341739628712,0.4514816860805859,0.10840793621543456,7.124760073443225,0.6033169027423196,2.9018393623441927,0.40793801998336504,0.11017216617712448
MAC003894,Std,Adversity,0,0.14736040474885403,0.5229654471544715,0.09213532194793397,7.056361787398374,0.5941808340980101,3.4655459864643063,0.33464403761203504,0.04370893878454071
MAC001510,Std,Affluent,1,0.4859756288626149,1.8977827449922953,0.4470955244213452,23.273731897534663,0.952313647756588,4.198776216429439,0.2603279555452652,0.2292293305784652
MAC001978,Std,Affluent,1,0.8338225997473578,2.258535029299363,0.5986125442950792,39.89942675684712,0.8087054106528565,3.0933656573818893,0.3592212474986482,0.5123589950915037
MAC002016,Std,Affluent,0,0.11718632083769781,0.6971996811501598,0.13540349487332712,5.613859425559107,1.152826323162597,5.962051733707712,0.19803019069647326,0.04175969276195947
MAC000938,ToU,Adversity,0,0.21543307120209176,1.0664738427503737,0.19549929212699121,10.30107324394619,0.8701190674137876,4.813529625501914,0.24883616360576674,0.05072212518992609
MAC001287,Std,Affluent,0,0.10553231533672658,0.4789931027586206,0.09056711986102448,5.020296551034484,0.8174325308135431,4.302385745056742,0.2984302658643146,0.02831739930023173
MAC000929,Std,Adversity,0,0.2039243524967455,1.4125208947761196,0.26600524914610363,9.724600000597016,1.2688421861299795,6.971379081145113,0.17417941458928057,0.07175886529181
MAC000379,Std,Affluent,1,0.6920463210726273,1.8139469554027505,0.3854263954127612,33.13607072554027,0.5474237320977562,2.60586265240946,0.4051267664566449,0.13876764031260022
MAC002677,ToU,Affluent,0,0.10834804364241803,0.5378410794602699,0.1109206926256256,5.181407796251876,1.0844551030381355,5.200716729959055,0.2149736516771657,0.03750956636331792
MAC004387,Std,Affluent,0,0.08977554594222432,0.33512970697350064,0.0630125519864356,4.298520223012552,0.6323670962017865,3.409953984880631,0.3660940249834195,0.02708334121933777
MAC001774,Std,Adversity,0,0.0993548063716636,0.43716457978533096,0.10872726553630858,4.311475849552773,0.9381509094149916,4.376876016607548,0.3439893042414066,0.06466416171904497
MAC000555,Std,Adversity,1,0.47059848229801376,1.4801492747826086,0.28815727403869795,22.549710141449278,0.6019303320702565,3.1118174261035256,0.3459773859205309,0.1072004361875526
MAC002375,Std,Affluent,0,0.11525745910843181,0.5320580357142857,0.09681159255783924,5.511622023660714,0.7940293668903171,4.4286171833509815,0.28402861976902627,0.03944166784459518
MAC005371,Std,Adversity,1,0.34138634981726446,1.074230040189445,0.17790927058501504,16.326366714073075,0.5186547845440921,3.0816595908314146,0.3711524352381907,0.19629358270251723
MAC003250,Std,Comfortable,0,0.2630006654409277,0.8887786263358781,0.18675050455970651,12.571494276717555,0.7285071610096233,3.4965541539344045,0.3089423329231767,0.08734656944811006
MAC003479,Std,Adversity,0,0.07713893744182826,0.4083589745920747,0.08021875581479722,3.6956923072261096,1.0773216502969494,4.909090212850203,0.2567101402641497,0.06330441790526127
MAC000489,Std,Affluent,0,0.09323758303415183,0.5646685465444288,0.1101184914130198,4.4710155142454155,1.1104415840109347,5.701738071136011,0.2148994958989785,0.03767471318838111
MAC000707,Std,Adversity,0,0.21457674058615497,0.6020147492625367,0.10106571448680315,10.222076696460178,0.453669869561623,2.747113698051881,0.40354582559056634,0.03965706384163868
MAC004550,Std,Adversity,0,0.13079859537311772,0.6587593514962593,0.10907177997940103,6.267506233915211,0.7914578155289439,4.851790941430859,0.25653462099669766,0.03271732716465539
MAC004657,ToU,Comfortable,0,0.3190893968225298,0.5799138521959459,0.0669965987090523,15.10960979831081,0.21180826160976723,1.795119885746591,0.6570083625826048,0.07204380809024578
MAC005403,Std,Affluent,0,0.18017572054010814,0.9914408164625844,0.21866107419745442,8.631140137687073,1.224686050641579,5.745851855659622,0.19172278372399135,0.07147606253791963
MAC000092,Std,Adversity,0,0.10583688495598301,0.7144987676108376,0.1440303841711106,5.0671884225369475,1.3815163288917967,6.9895139410190446,0.17283631764574758,0.05445097629515053
MAC003452,Std,Comfortable,1,0.3249579638995408,1.119883721705426,0.259350218353792,15.563273253488369,0.7727183180205176,3.427417812549737,0.3269129068407703,0.09579590303055972
MAC003568,Std,Comfortable,1,0.49757301858372993,2.034776035756385,0.4806963692290911,23.7891434227898,1.026750122954355,4.395527890412849,0.2452606397480641,0.23592067624680807
MAC003538,Std,Adversity,0,0.08704545985060691,0.5733509803921568,0.1113632038933532,4.170637254901963,1.252053465867706,6.525227508062023,0.16911299289957288,0.02385628726819047
MAC000605,ToU,Comfortable,0,0.1798804757256465,0.653777938896952,0.1657644283890237,8.575667635703919,0.9299846834472117,3.796016692372166,0.2867918686723609,0.08990856186687987
MAC003919,ToU,Adversity,0,0.15634408027184962,0.744032518292683,0.15415004121948067,7.486290649796747,0.8794014990583331,4.388123923982388,0.268082944857064,0.06815981432156518
MAC002902,Std,Adversity,0,0.12100294953492853,1.079648026973684,0.1928500999003185,5.79374506611842,1.5612898193031992,8.85162280241299,0.14315899138901467,0.03805967921501526
MAC002687,Std,Adversity,0,0.13005005343073145,0.3180434782608695,0.06844711167471262,6.209686656671664,0.4984836096957707,2.4135667361696744,0.4323190560878146,0.037009321148802364
MAC003579,Std,Affluent,0,0.22903163723867387,0.6989666001964635,0.1313940348265654,10.957322199803533,0.5426256484954344,2.9531445508194873,0.3719845577707724,0.05585025577365474
MAC000093,Std,Comfortable,0,0.23935854862483857,0.9156945815270936,0.20235030453630823,11.46789039421182,0.8134056590524816,3.766839758948614,0.2886618960674169,0.07259066460930612
MAC004180,Std,Adversity,0,0.29387690142227385,0.711529230769231,0.18862150362454186,14.05845230846154,0.5939252153344853,2.4093007946127845,0.4386932199872667,0.14280312453638047
MAC000980,Std,Comfortable,0,0.11415881437845062,0.5869559933232168,0.11982393969501716,5.299311076479513,0.9480768929460378,4.765212176179775,0.28874676098858515,0.055178690026851315
MAC003116,ToU,Comfortable,0,0.15111653367374772,0.7666253825688073,0.12827429333317383,7.24032568883792,0.8211265821363243,4.963672325508864,0.223840968537681,0.027503698498737263
MAC003224,Std,Adversity,0,0.32988293244914224,0.8552504698681732,0.23156816863818455,15.808943501129946,0.7174881532563996,2.7900416143862454,0.38061686471188805,0.12937348805347879
MAC002149,Std,Comfortable,0,0.17325819269957923,1.6116328512077296,0.31607254973587917,8.297560388566827,1.84346055761326,9.623441687498735,0.1202882884189187,0.05824083237740804
MAC000844,Std,Comfortable,0,0.27803835862653414,1.1179406528189912,0.23430915935237873,13.308137981899112,0.8112376477870836,4.020205995913918,0.27437520093843304,0.12790188976420608
MAC000179,Std,Affluent,0,0.15657933380518296,0.6072065217391305,0.11930257201322171,7.498623188647345,0.7447808019383483,3.8762863861001375,0.3010857962031472,0.06248450569304646
MAC003747,ToU,Adversity,0,0.17046986693852417,0.6245739993999998,0.12691244837935622,8.131579998600001,0.6966625810166882,3.57031495719791,0.30905289594623125,0.06588454960323055
MAC005031,ToU,Affluent,0,0.13755054219829482,0.5851839680683311,0.12995949301318002,6.560065701971093,0.895035796929192,4.174956008078309,0.28038472492343114,0.0583577197926131
MAC004484,Std,Comfortable,1,0.4085570663796345,1.3642457363636362,0.27578717501234806,19.57532244019886,0.8512154979596452,4.123940323346005,0.2943351568109193,0.29458808707796963
MAC001608,Std,Adversity,1,0.3783208106089346,1.3925356049535602,0.3403076422205783,18.095586687461303,0.8956713511189137,3.7808635018006536,0.27620827739122034,0.1187163704157223
MAC001476,Std,Adversity,0,0.07350908072379102,0.24837349397590366,0.04851394209103322,3.5093614457831337,0.5913961285886977,3.088574156432189,0.38624766948241945,0.028850070732192933
MAC002702,Std,Affluent,0,0.3121837147552839,0.8282027037537538,0.1640522270963053,14.946265765615614,0.5216165676852611,2.638246617833665,0.39989595188444294,0.05119999223262828
MAC000030,Std,Affluent,0,0.23774999995019402,0.9521725817625462,0.20947715670424735,11.40039290159119,0.7693205539365603,3.701933172000688,0.31988659083639265,0.13812000727920515
MAC005156,Std,Affluent,0,0.24922878460978581,0.8129328124999997,0.16510032901509294,11.890578124531253,0.5656773172297115,2.977706966669163,0.43550862093563686,0.11368975678606572
MAC004548,Std,Affluent,1,0.2901705860620284,1.3222542851428574,0.30149439736597655,13.900945713714295,1.0389211580047513,4.663768748202411,0.24118954662558054,0.12962138711943913
MAC001038,Std,Adversity,0,0.10822728121197767,0.33548952110778446,0.0635453256085514,5.167534431287426,0.5739968036275734,3.01916393407142,0.37430582165219245,0.016538532672559784
MAC005145,Std,Adversity,0,0.11538598454633799,0.4284014598540147,0.07079303644902651,5.521262773175181,0.7393960130762024,4.376430930962069,0.3344024584822283,0.04768968646700642
MAC002316,Std,Adversity,0,0.2804834914449138,0.5778670607090105,0.11498994550109326,13.40485819793205,0.4057984908865753,2.0464260749863494,0.5143073126546834,0.039519269588077305
MAC004017,Std,Adversity,0,0.08923428765470152,0.5155264894039735,0.08332173556228714,4.278600992715232,0.89210865189662,5.4674020370097525,0.23044979721375217,0.014475211800898292
MAC002053,Std,Adversity,0,0.046957849645390064,0.18564,0.035187802267900324,2.2490816,0.7372652776415076,3.9116765301357312,0.2738450357500327,0.004736536308840673
MAC000528,Std,Adversity,1,0.2471174843000289,1.2315457582362728,0.2692879072229433,8.676795341597341,1.304084879258831,6.124397878085017,0.34188915884116805,0.3234023394824774
MAC003611,Std,Comfortable,0,0.1750085539562414,0.8630414195266273,0.15951372393759655,8.379587770414203,0.8864413063685287,4.843887313625562,0.23019053139613133,0.048315528973323016
MAC004135,Std,Comfortable,0,0.22612214847854967,1.6275260728527607,0.28471305677882724,10.738794476840487,1.2281140027269652,7.022575370965126,0.1613634244656765,0.058301707690808224
MAC000623,Std,Adversity,0,0.14567719542053503,0.8608357555232558,0.16023925186941004,6.98410029069767,1.0919418784333352,5.920368005174784,0.17908956286153457,0.026414844244937803
MAC002773,Std,Adversity,0,0.10076733321714054,0.468315642178771,0.08920726415858639,4.806290502513967,0.8426037876035521,4.524586360445823,0.30251756650299483,0.0353496234959322
MAC003558,Std,Affluent,0,0.2499605411569781,0.9199155192534382,0.19488859883510087,11.978622788212183,0.753334679993706,3.585265463707533,0.3034780038607427,0.07022218344371611
MAC003024,Std,Adversity,0,0.07702711574372449,0.5096987775229358,0.0951320783192057,3.656495413302753,1.0662654901057724,5.741105393831155,0.25809057005444647,0.03732049656070323
MAC002459,Std,Adversity,0,0.09637971145885213,0.4661999998507463,0.09545876512429695,4.612204477313434,0.9502048303956787,4.66081313076266,0.24145620749796043,0.024655404432273924
MAC001812,Std,Affluent,0,0.1413664415642936,0.643460567192429,0.13726237219491497,6.7649779175078875,0.945090911338853,4.4333091237773,0.25719546200626736,0.055232455521890524
MAC003875,Std,Comfortable,0,0.27838139019148517,1.0323245438133875,0.19449331487181343,13.324904665517241,0.6859381850018873,3.671636434450493,0.2901967912159932,0.047460334424126276
MAC000295,Std,Affluent,0,0.22196910074310242,0.7277031459644322,0.1633351100315742,10.62918467852257,0.741804672889974,3.318212758174372,0.32732519163967966,0.055439654060505654
MAC003567,Std,Comfortable,0,0.2084012127075732,0.6161198434184676,0.11633556077039968,9.973970531041255,0.5490270075296652,2.922039174485453,0.365307938230005,0.037413798310462335
MAC005542,Std,Comfortable,0,0.1437652420758747,0.4675620220520674,0.0974898728738254,6.884332312710567,0.6617992363928599,3.2667345139069845,0.3745461519920378,0.0631884519761203
MAC002284,Std,Comfortable,0,0.07861039525650294,0.5066011816838997,0.083057642093096,3.7614180206794696,1.036701521677051,6.362110365960996,0.183147334086634,0.01754902162804667
MAC001173,Std,Affluent,0,0.11432642966852902,0.4552265862537766,0.08823625868499826,5.467983383836857,0.7483166107326812,3.8842534777310354,0.307529461647106,0.06820311508203171
MAC000794,Std,Comfortable,0,0.22746284088321927,0.6230635150664697,0.12479308542304822,10.859082717429837,0.5352659106089936,2.674791935416031,0.4020293445086408,0.03872450106315072
MAC001940,Std,Comfortable,0,0.19352777586150757,0.9136327499205088,0.182340841942464,9.271484897138313,0.9200273533363428,4.66629634948678,0.25183565908349537,0.06308952449023747
MAC003484,Std,Adversity,0,0.163722180901487,0.652568772490706,0.13429822176921627,7.827546467657994,0.8124539450351251,3.9529264575488914,0.2733945283174331,0.03879508960449062
MAC000268,Std,Adversity,0,0.09548484260012824,0.4563345548229547,0.08787258946762937,4.5704383401709405,0.8651626549767744,4.483047217348413,0.28611253899148936,0.031177742250490078
MAC000117,Std,Adversity,0,0.1722961523548179,0.6145753080246915,0.11932948297803855,8.252456789259261,0.6638883999972165,3.553840853790704,0.33250072187854657,0.08293175131646455
MAC001091,ToU,Comfortable,0,0.13500376739306882,0.45153544494720954,0.09540314944711993,6.464241327149322,0.604742597062016,3.173197162383396,0.43481677276604197,0.09038791644482251
MAC003541,ToU,Adversity,0,0.15947125226793904,0.5712313729411763,0.12307746839982882,7.6345411768627445,0.6821220969928457,3.258563824451231,0.3564935454089046,0.0673927716088548
MAC000570,Std,Adversity,0,0.2173264887146148,0.7580928894049348,0.15613040939055509,10.390838898693758,0.7053040805381704,3.4428678004559474,0.3091921850111193,0.04317908611143345
MAC003109,Std,Adversity,0,0.2284817521868257,0.9239984732824428,0.1836419620907007,10.942361832061067,0.7799961637381286,4.003307846394444,0.26707131741865214,0.05353232067931412
MAC004395,Std,Adversity,1,0.477932422844372,1.1470977653631282,0.2095679470828319,22.880594972905023,0.5030154267152517,2.706348731584915,0.4436900043154767,0.3557653721466185
MAC001771,Std,Comfortable,1,0.3491802847811817,1.9452480238546608,0.32041016596897354,16.66182148278041,0.9079511661804365,5.544595884078927,0.2311425153237624,0.0709985072600942
MAC003654,Std,Adversity,0,0.15726211788327307,0.7408735179841899,0.14421511790386413,7.5307134387351775,0.8851218228399694,4.502766357505896,0.2783325940764575,0.04813926744698641
MAC005375,Std,Affluent,0,0.2047117546910839,0.7083897155615695,0.13405311372167888,9.816341002300405,0.6169320046160826,3.3843251065046998,0.3548252009785594,0.09765137331249572
MAC004026,Std,Affluent,0,0.210088863825384,0.7349569539735098,0.1682015794436311,10.062488409933772,0.7721631078131679,3.4558680394888226,0.31536951320308576,0.07811337748134926
MAC002809,ToU,Affluent,0,0.06921282971294705,0.30359001497730703,0.06440479822294529,3.3173721632375184,0.9232943687253075,4.331839980445819,0.24766487304638868,0.010923255513615624
MAC004450,Std,Comfortable,0,0.0846163752763082,0.284553370786517,0.05962310999798788,4.05515308988764,0.6832115450404129,3.2855988781115713,0.3370480419284696,0.021011582215966332
MAC004095,Std,Comfortable,0,0.1559447068479185,0.8893030790923827,0.17195791276536387,7.468042137115074,1.028458283468415,5.513509496195325,0.21439495222111327,0.05991167779603139
MAC003475,Std,Comfortable,1,0.33078502275854577,1.0664213596116503,0.22551550598694903,15.810205823300972,0.7214631391773454,3.4141561747523865,0.31325163240875903,0.12199404884021373
MAC004620,ToU,Adversity,0,0.08192820258594408,0.35411853088480794,0.05857374976411764,3.9183038395659433,0.6141493445875837,3.8067552168309797,0.35909157137364095,0.029726918955586847
MAC000533,Std,Comfortable,0,0.14833671069068344,0.4732514204545455,0.08965720043044415,7.1020596590909095,0.5940159145048721,3.145095617896445,0.3453806740259942,0.0252645512905802
MAC001315,Std,Affluent,1,1.1577737267133381,1.7694021406727827,0.23071702923307616,55.192394487003064,0.2594059769291152,1.6890027771797467,0.6167380351817534,0.7543523394356546
MAC001053,Std,Affluent,0,0.11716681197837032,0.37732634700598794,0.07478057834539412,5.592836825898205,0.5337813348273533,2.816166986872637,0.4251185813754681,0.034171166778536766
MAC004261,Std,Adversity,1,0.32461388903753974,1.1007624394863562,0.24299432621000408,15.534857139486357,0.7421160224236198,3.398043820655009,0.3183444680455848,0.09223359438522025
MAC003431,Std,Comfortable,1,0.6270606875003428,1.8566673098646032,0.3719326725626381,29.91181817234042,0.5933213338931667,2.9889885387378703,0.3484032467457798,0.15195466749142175
MAC005074,Std,Comfortable,0,0.1891606641129256,0.8110829417840377,0.1680578939532292,9.062802815023474,0.7874736767099519,4.0390793799397855,0.3164911617300996,0.08384463583468711
MAC005452,Std,Adversity,0,0.23890113721372364,0.7213766424817518,0.13385008332746756,11.423489051240878,0.5455501093739326,2.9737519492508464,0.3591632343596865,0.03673957153392148
MAC002600,Std,Adversity,0,0.30723493887152786,0.7537216659999999,0.11935338597999895,14.71492499916667,0.3889887656804749,2.45209341728561,0.4463272178835883,0.05592863037307921
MAC003969,Std,Comfortable,1,0.3338592140579291,1.4749718587748344,0.3365573299214753,16.003584446523174,0.9944033934682482,4.510199442818542,0.2429553128629988,0.13365831941668263
MAC000044,ToU,Comfortable,0,0.2961423256917095,0.9721813726715683,0.2598198195494941,14.196224263848036,0.8878061169185107,3.4196226880154597,0.3095266368267892,0.0958239270793923
MAC005347,ToU,Affluent,0,0.11019647019115283,1.2259743255405404,0.19325773784465924,5.251754054459458,1.6197532225603963,10.259864368335377,0.15687022381039178,0.03959650120572686
MAC000769,Std,Comfortable,0,0.05384646776981271,0.4664941173529413,0.08784015954368575,2.578448529117647,1.5308787967322215,8.427741746122877,0.1404858879038261,0.023532886759106753
MAC004925,Std,Affluent,1,0.32761502682749283,1.1993803379042691,0.27148150837823815,15.697906857697284,0.8255342893531221,3.7049185747355864,0.29573956329133266,0.12459250292853696
MAC001345,Std,Adversity,0,0.06841824340940643,0.5136666666666666,0.08675050412969167,3.269348623853211,1.2054431839022572,7.108617886062535,0.17618281603707242,0.014777152875858793
MAC002421,ToU,Affluent,0,0.19734812891041975,1.2510656723880598,0.20094643067586637,9.44654477716418,1.0041103367638855,6.303657093012949,0.18559771083945778,0.05078108619822816
MAC001405,ToU,Affluent,0,0.2169295073386742,0.7706554364471669,0.15455052303248992,10.396944868759572,0.7033129567948954,3.542882338353221,0.3169093264476816,0.06829545494345021
MAC000706,Std,Affluent,0,0.2386500024419372,0.915517594281525,0.19300984339480562,11.375055717741937,0.741477772076027,3.6444047017736154,0.3301570729502171,0.12231208413735094
MAC001517,Std,Affluent,0,0.12373693005215725,0.4818659476117105,0.10411193780538996,5.932465331278888,0.8122561539247517,3.6657536030101014,0.3133571086781267,0.03762832985797495
MAC000670,Std,Adversity,0,0.24340754122507824,1.0959560751098096,0.23488772054011117,11.665494870571012,0.9255449043603515,4.480418039081151,0.24113093709692335,0.10358601943719145
MAC005326,Std,Affluent,0,0.13681461530962657,0.7689770881401621,0.17130062218863518,6.546733151617251,1.1848835822150794,5.517667792716531,0.22113916833310462,0.08110203205262762
MAC002571,Std,Affluent,0,0.16449038340462468,0.7224199991666668,0.14138495435937792,7.88375666583333,0.8124559644765168,4.2336305241331385,0.2790529347553049,0.05726500118438559
MAC004052,Std,Adversity,0,0.10492920297346013,0.5627661689883914,0.10247377274812453,5.027497512106136,0.9298274336709346,5.052694803702487,0.261163187871684,0.04118109376418499
MAC003174,Std,Comfortable,0,0.31998470960415315,0.9454067167910448,0.19244628146259773,15.298098880597017,0.673811977398845,3.237399960093716,0.34349386715683033,0.1422001864251006
MAC002709,Std,Adversity,1,0.3561781397676629,1.3591233082706766,0.28732583754707525,17.062451126015034,0.809841322428411,3.859480505026793,0.2832526416506043,0.08215632148206961
MAC001495,ToU,Affluent,1,0.6505711821278646,1.906910630046225,0.4391939996463826,31.1610308127889,0.7161568893205646,3.2496832985226414,0.35614014961175583,0.5303453945596553
MAC002752,Std,Affluent,0,0.06914747045073587,0.5728895623298031,0.10176604724330454,3.3010393355521948,1.3524498861590792,7.605831315763211,0.17598567655887437,0.021700262564494765
MAC003309,Std,Comfortable,0,0.18243552758552672,0.5465179996000001,0.12650582236821792,8.735947999599999,0.6799915638938088,2.9964330112474507,0.35449616464855815,0.044396090817926656
MAC002027,Std,Affluent,0,0.2598026948011652,1.07766933964687,0.23917012533943965,12.436449435152488,0.9094914704795893,4.152476105359018,0.25530129586980943,0.07247130429624582
MAC002251,Std,Comfortable,0,0.05754058869438596,0.24457607090103403,0.056814064338932706,2.744317577548006,0.9895109706268874,4.262620655020143,0.24900354986103226,0.018571470732712175
MAC002084,ToU,Comfortable,0,0.27284189790619945,0.8711300155698232,0.1584726839070133,13.069913321990372,0.5747194276958227,3.1901666475132715,0.33311733364508817,0.058471975181052176
MAC005483,Std,Adversity,0,0.2736980688939659,0.5918327814569537,0.10828547799485586,13.056018211920529,0.39910344043695467,2.1757664719350265,0.47550477961549836,0.039023952487403896
MAC004075,Std,Affluent,1,0.29218730900853934,1.1836309332312407,0.2950712890339452,14.003901990505362,1.0155447859440805,4.162218929509908,0.2575894357694258,0.11050818467896042
MAC001939,Std,Adversity,1,0.5703422694046895,2.2266136696343404,0.5448804990913566,27.320154209538952,0.9749368793368698,4.254336228137181,0.26224485881472165,0.26507315713462803
MAC004193,Std,Affluent,1,0.44362464742628216,1.3634092329230767,0.24957005287951997,21.257144614923078,0.5422654671770741,3.025587817733886,0.3616709336833243,0.09383714791594369
MAC003493,Std,Comfortable,0,0.13828580292914225,0.6011312210407241,0.11327138440596488,6.62386877647059,0.7317818100462565,4.00161035318709,0.33059764870886293,0.04865083736844761
MAC001448,Std,Affluent,0,0.15683350477271918,0.3931876924615384,0.08703356090363046,7.498878462,0.5049493931400053,2.4376157965446312,0.4344833396790159,0.06746266911389756
MAC001849,ToU,Affluent,0,0.08799493296465297,0.7117515824367088,0.11172312989123964,4.201598101265822,1.1728845327536088,7.575229885427661,0.2180303859047634,0.02742764155965042
MAC003020,Std,Adversity,0,0.19505124099824037,1.76111737652439,0.3154463918823684,9.329666154878044,1.594659229468765,8.98602756798627,0.13751267056007555,0.04801354595611946
MAC000898,ToU,Adversity,0,0.12434112920209922,0.14796910112359551,0.012526879744272515,5.959154494382022,0.13103029751129744,1.3463102747164546,0.8378676817559125,0.01934655140563584
MAC003633,Std,Comfortable,1,0.34383962454267053,1.2964466389328066,0.26981043067566757,16.464290512450592,0.7739521084573062,3.739656858468027,0.2881235645080084,0.10037545593686509
MAC001682,ToU,Affluent,0,0.27158097168877504,1.1393239872274143,0.25730039548304756,12.977425230062309,0.938824237944855,4.2103071146592095,0.2613446292135551,0.08947490513078007
MAC002825,Std,Adversity,0,0.17546617368534856,1.2032743916158537,0.23720559991420903,8.379022866463417,1.2972770205538835,6.811879042344097,0.18972966514931355,0.06430773267339822
MAC005370,Std,Affluent,1,0.3732895064734572,1.8417986365187717,0.5610873262011034,17.904907851535828,1.4435723423844868,5.343638351331268,0.23875828540473334,0.25000080112361006
MAC002812,Std,Affluent,0,0.15936639519836338,0.5995212122727275,0.11291919969998307,7.601839394090912,0.7054171222684392,3.7503095382679614,0.28737866722150684,0.022194848056035006
MAC004662,Std,Adversity,0,0.1601254163457091,1.1196120403010033,0.20426025887432944,7.657826088628763,1.2516294244146915,6.863339359282125,0.1740831336177857,0.051197555824933086
MAC003221,ToU,Affluent,0,0.11918699955757556,0.33685444234404543,0.06995944863571017,5.582374291115311,0.5412303731599775,2.744287703496649,0.41673479787580947,0.03875280322988791
MAC000949,Std,Adversity,0,0.24716470180251057,0.9195716410447761,0.17912706247808333,11.842531342388062,0.7106778068804362,3.6043061313728813,0.3257703618020891,0.055371368269274225
MAC004303,ToU,Affluent,0,0.21201387174585262,0.8160819327731091,0.17434629494792478,10.158626049159663,0.8085238238353929,3.8535946479232868,0.2829726473318563,0.07218452399902558
MAC001871,Std,Adversity,0,0.11597061793066361,0.3089714733755943,0.060380130792084624,5.55108399318542,0.5216785561182954,2.6566249923346534,0.4148905039135826,0.0222455995938786
MAC001881,Std,Comfortable,0,0.16606388359850927,0.7036550632911392,0.12237678907376964,7.9588338610759495,0.6926481890476361,4.046099803177228,0.3189360150840446,0.04002869068834367
MAC001370,Std,Affluent,0,0.08680897989714427,0.1932522934250765,0.035821125205623486,4.158012231651376,0.42505367103177416,2.112355444589532,0.5652597652489715,0.11491767623295865
MAC001474,Std,Adversity,0,0.1145583115266207,0.4466738458461539,0.07195152982880476,5.475601538153846,0.5975877250516947,3.72485483305309,0.33199394037947516,0.017839535458476295
MAC002255,Std,Affluent,0,0.12964910053936346,0.435579646017699,0.08542334164409107,6.1526106194690255,0.6596625500588136,3.3318210032459277,0.3300011025526639,0.021767107119573234
MAC002045,Std,Adversity,0,0.10662995945409333,0.9281916939297125,0.15424202386145688,5.111234824920127,1.4359670885573865,8.709644350319282,0.1252487532393714,0.018080173749343356
MAC003869,ToU,Adversity,0,0.2973496497772829,1.103121702636917,0.24798970732588835,14.23711156064909,0.8285025532832984,3.702588049231198,0.2899820574430408,0.10620300716680017
MAC005208,Std,Comfortable,0,0.19102975360531263,0.6014334650856389,0.11954039056575382,9.137772068511197,0.6255390994659876,3.1340283839771406,0.34560199082530585,0.03904301639174908
MAC003855,Std,Comfortable,0,0.22991805221109943,0.7894554647773278,0.16790687036936497,10.992026314777327,0.7153686165333811,3.3921647067298424,0.32113982815367964,0.06629879305548035
MAC001109,Std,Affluent,0,0.22167947617852615,1.489781297737557,0.25530681462209837,10.455769230769231,1.1145769499227127,6.5042541269754,0.20686699174194828,0.08705392656506607
MAC004348,Std,Affluent,1,0.5493901695738803,1.8915417831476322,0.49361554919345774,26.319706134818937,0.9266826042946162,3.7278977882112194,0.2941559810883075,0.30177843261552356
MAC004086,Std,Adversity,0,0.2094329504623662,1.1379969317484662,0.24405840278758587,9.973432515030677,1.1985795916569295,5.4996867658753334,0.2025614035017793,0.06997287411308807
MAC001721,Std,Comfortable,0,0.25040380635460546,0.8799248827856023,0.19085942170121417,11.996045383098592,0.7370413873400181,3.4276758010708646,0.31846137931890295,0.07045987301061067
MAC003203,Std,Adversity,0,0.2119294115316023,0.6272359554307119,0.1266401231943145,10.124908239887636,0.5709031183943611,2.881711373967353,0.4020506009738685,0.0668846319426169
MAC001459,Std,Adversity,0,0.1348878927097417,0.767838461846154,0.14423445677559368,6.466947692307691,1.0939666659187568,5.887545019313707,0.1970900293763534,0.048882907075870695
MAC001100,Std,Adversity,0,0.11868062030462755,0.7611282070889895,0.14468051516835276,5.680466064856712,1.13941206889644,6.061612908436722,0.22200397766069427,0.04136883144523103
MAC002854,Std,Adversity,0,0.12910854004142877,0.9445863639393942,0.20100557917911127,6.187804547575757,1.4605416476868351,7.094925012521256,0.16254769939393604,0.048173841304362634
MAC003598,Std,Adversity,0,0.09011794237847254,0.41790157460629923,0.08344508520172789,4.312419290944881,0.8906205598227724,4.466656016916888,0.25769247005468515,0.022502402275608097
MAC003936,Std,Adversity,0,0.12709317035896098,0.6171685953719009,0.11580000633043203,6.0809685952066115,0.862569164589415,4.669783236569979,0.2635535728558448,0.04310402463628994
MAC004776,Std,Adversity,0,0.0704135819700267,0.2784011461318053,0.059014555389161165,3.3713395415472793,0.8157835769366074,3.835224230364081,0.29027282818875355,0.015971165965882796
MAC003052,Std,Affluent,0,0.13112140233639524,0.38869207362804864,0.0686810383043796,6.282717988567072,0.6865149353880048,3.752784317232622,0.35023009575735536,0.11065016698141027
MAC003879,Std,Comfortable,0,0.2755004543527666,1.3631866137931037,0.2749021304674996,13.177407710344825,0.9777913317542161,4.952459483464727,0.22543740246683003,0.07304353009272621
MAC000078,Std,Affluent,0,0.10198292401397363,0.6282051597051597,0.13427381292607146,4.886125307371007,1.1825678430800186,5.676635794374246,0.2395944400745778,0.07062900626301434
MAC002326,Std,Affluent,0,0.23674212120803634,0.6964091573116692,0.12020269388713194,11.334525847858197,0.4679336795372991,2.7854304446736005,0.43776162452912076,0.06955994020792042
MAC004067,Std,ACORN-U,0,0.0,0.0,0.00039604255461217963,0.0,0.7818634844397061,3.681620839363242,0.26463293650793657,0.0
MAC004962,Std,Comfortable,0,0.1038995044016586,0.4452753245454545,0.08411357453584117,4.973896103766234,0.7976686442820474,4.255137944490522,0.2629017311134743,0.022454594327288985
MAC004872,Std,Affluent,0,0.2729057822005712,0.8808329110126585,0.16369387652396272,13.076088607468357,0.5584620705316943,3.0606520637570584,0.3809230024922068,0.07300304331931479
MAC003381,Std,Adversity,0,0.22818436505453363,0.8602341646833013,0.178797756934231,10.926163146641077,0.7786356508697984,3.756839863598362,0.28025277741936166,0.04820972076723738
MAC004650,Std,Affluent,0,0.0745993128056033,0.26971906354515046,0.04714167426125255,3.56678762541806,0.5994043142117874,3.4624755038166266,0.33148441855692906,0.01670389864854433
MAC004798,Std,Affluent,0,0.10801349871010642,0.40923469428571424,0.09155304240817866,5.173402041428572,0.7896094493711601,3.6542132271918266,0.3356588448891882,0.05912298505869886
MAC004041,Std,Affluent,0,0.0776253351154564,0.33196357615894023,0.0727462550737796,3.7216572847682117,0.7442149814489949,3.693402944481491,0.42943829127012006,0.0600337787328448
MAC005339,Std,Adversity,0,0.0636859710832011,0.3184919137466308,0.058483625407160025,3.0514002695417783,0.8516503403792526,4.673737600305441,0.2793070872894823,0.017328715098745343
MAC003011,Std,Affluent,0,0.1006186462624234,0.5810579259146341,0.10779030599839072,4.819626523475609,1.009796857507339,5.515180593595948,0.21905748760892602,0.02485947911779286
MAC001084,Std,Comfortable,0,0.08440423227635409,0.2972085235920852,0.06752851565575436,4.029797564687975,0.7918432226963816,3.413872166960184,0.32235099822515817,0.02403211312206257
MAC002226,ToU,Affluent,0,0.12493272300700586,0.7497514710294118,0.1513311234411707,5.983805882205882,1.1030352107063717,5.70057915267762,0.2417656094029989,0.07054711288767242
MAC003206,Std,Comfortable,0,0.09839722063238575,0.4410112357677904,0.10093480783900703,4.624078651310863,1.016586326999374,4.63131475150907,0.25023604003828603,0.06896997564465551
MAC003693,Std,Adversity,1,0.40638947135409953,1.4300358563745021,0.3052705167469429,19.394988045418323,0.7524743356189751,3.549969615301305,0.29964978830601907,0.10483943053794131
MAC004474,Std,Affluent,0,0.0994361581213283,0.591369003690037,0.11500754252500954,4.752806273062729,1.1244554997850336,5.819010217072802,0.20998874364658238,0.03475668998210259
MAC002916,Std,Adversity,0,0.08862251778755253,0.189764802631579,0.044381327045812595,4.244356907894737,0.5050267130619456,2.163941786935175,0.48526430350470734,0.017474785061567622
MAC001624,Std,Affluent,0,0.12264227151060472,0.4407209305426356,0.07439800787275547,5.8694031010852745,0.5591332830826874,3.427838229948495,0.34847454023254526,0.039822670053800455
MAC001854,Std,Affluent,0,0.11565539746065955,0.8091927344391786,0.13764979887638543,5.538704582464457,1.0724855336177292,6.430194117392311,0.22773295677194713,0.06521519970287502
MAC003681,Std,Comfortable,0,0.16849016470461667,0.8707689241035858,0.1608282642757437,8.068440238645419,0.9327774825827615,5.063659004365837,0.2260240950113665,0.04545773149273966
MAC003344,Std,Comfortable,1,0.6767553016451536,1.5024099632183907,0.30428047879666487,32.39246550957855,0.47948147134533864,2.302733077812901,0.45130087349511716,0.305132483219148
MAC000676,Std,Comfortable,0,0.17090085722159334,0.47608211143695006,0.09664669466757388,8.18201906158358,0.5714966129492224,2.839888668236268,0.3707038092449612,0.03308115901860334
MAC003741,Std,Adversity,0,0.2246359978318126,1.0810340013999997,0.21865579270947602,10.7562959974,0.9023947221053658,4.59595478371472,0.24819362267253892,0.08988479133344847
MAC001408,Std,Comfortable,0,0.24963958909133996,1.157383434815951,0.2533046128072695,11.957357359662575,0.9971730503948875,4.642075261062454,0.23314651077992343,0.0694218664060167
MAC000068,Std,Adversity,1,0.4031438357682931,1.313987728957055,0.2969668930154759,19.30147116466258,0.7381675167287408,3.2704179659415393,0.3173082493241615,0.06737795237920066
MAC002651,Std,Comfortable,0,0.06586784747327563,0.24805996986506743,0.050415058142542254,3.1452968514242876,0.8055306798409921,3.9774021207785566,0.31115815546497244,0.03670147448012104
MAC000684,Std,Adversity,0,0.09634321065052781,0.2820980966325037,0.06708820594591962,4.600783308931186,0.6943025093056727,2.906498153156834,0.3764613469061332,0.026703614668984906
MAC000340,Std,Comfortable,0,0.18646029041905116,0.6079544827586206,0.12028846251544027,8.927766896827583,0.6302038202628584,3.2213756514602285,0.34258039566597454,0.07407398988185102
MAC000171,Std,Adversity,0,0.06959455916229439,0.41646320820265376,0.09476630935298098,3.329411337876961,1.2273733566005234,5.681302861895589,0.21355581179458397,0.054771888719481306
MAC002477,Std,Affluent,0,0.14329874459972894,0.6170822127055308,0.12047172318002866,6.8495336322869935,0.7764386468753814,4.1031849684863975,0.3131941964778323,0.058728580464378496
MAC003335,Std,Affluent,0,0.1554604036844834,0.7349694074569789,0.15463476232603657,7.411021032695985,0.9908066291514865,4.7410993955411715,0.22857226051315827,0.0429643749397589
MAC000763,Std,Adversity,0,0.14441790377383792,0.5428264704411765,0.10430363003782142,6.915347058529413,0.7152081069432108,3.7045548285964487,0.311190659968421,0.028691951131322068
MAC002338,Std,Affluent,1,0.4871339024940359,1.1855070925531914,0.27741500703555944,22.938925530496455,0.5782465585504942,2.448296215898278,0.4231375616406676,0.0871275600807513
MAC002114,Std,Affluent,0,0.12091156697511714,0.6235482316720259,0.13257539379100797,5.796950160932476,1.093497962874387,5.221310334536825,0.21842174676554937,0.03758469810892231
MAC000829,Std,Adversity,0,0.03476503221521642,0.23154370385185186,0.04173938423759892,1.665856296444444,1.0867591443843294,6.210668703753489,0.19930670191286537,0.01601269887300375
MAC005285,Std,Affluent,0,0.15347245173528187,0.7981850869507322,0.1778373201831715,7.3098681753661765,1.1589371203293493,5.289562401610266,0.21823459327333347,0.07123074467191669
MAC003893,Std,Comfortable,0,0.08894880583208772,0.5795264219512195,0.11011645560007265,4.258201218699188,1.2009088834932193,6.34246447942964,0.19713981911538336,0.03171406951324923
MAC002388,Std,Comfortable,0,0.005690175132463227,0.007442622950819673,0.0010336981227131415,0.27234277198211637,0.2370571505904096,1.8891630066849385,0.7598532975015687,0.0036873304570987546
MAC000059,Std,Comfortable,1,0.3656969006825542,1.0362049092024537,0.17553244333642778,17.51825766981595,0.46453075311369774,2.775541376968093,0.392629048160804,0.057588458267102856
MAC001738,Std,Adversity,0,0.09661488266958115,0.4052586202194357,0.06205853848962831,4.616335422727273,0.6156741873076937,4.004784618574331,0.3251280962366603,0.018577072589973848
MAC001025,ToU,Comfortable,0,0.07451387714013404,0.2987772793721974,0.06252595586200982,3.571457398953662,0.7929422863355455,3.7628697358414795,0.29067951324486335,0.02193826377440546
MAC004475,Std,Affluent,0,0.16528667794539123,0.8350123905824041,0.18543953888219158,7.915498141635686,1.1367407689495361,5.235125093845106,0.21325631583594376,0.07408295247013726
MAC002061,ToU,Comfortable,0,0.09776742788461543,0.3122467948717949,0.05538874782913881,4.683501602564101,0.5725029193093863,3.216863244003298,0.32543071254919786,0.015187390961269597
MAC001830,ToU,Comfortable,0,0.2296050310774399,0.5637661924170614,0.12781067345739164,10.971608213902055,0.5441997618065677,2.4458317771222458,0.4424235141103624,0.1093583147160822
MAC000403,Std,Affluent,0,0.1429990227647262,0.5296842838664814,0.1066538892767907,6.851930459109873,0.7433569881660682,3.715103515391872,0.2795323259734535,0.024501391559643322
MAC003553,Std,Affluent,1,0.3611841163234577,0.7306470605882354,0.13011770452855548,17.266952944901963,0.3362717255810552,1.932515939792484,0.5930299258567088,0.14946079268872947
MAC004971,Std,Affluent,0,0.11784716576394465,0.44051365370611195,0.0993798554268577,5.64734850416125,0.7560222764583302,3.822073590391717,0.2782903585003268,0.09112655495196965
MAC002961,Std,Adversity,0,0.1902138418621298,0.4462289950576606,0.08511120091034896,9.095815485996706,0.44301569733826096,2.3297380167241895,0.4542016574070358,0.02122969489097777
MAC001322,ToU,Comfortable,0,0.13256460349392907,0.4469832061068703,0.08073954605312218,6.327801526717556,0.5978646503321681,3.299643351751422,0.3571552912646189,0.025703437639734136
MAC000984,Std,Comfortable,0,0.10899572981696184,0.40765419161676664,0.0736964413543022,5.210053892215571,0.6774891698777696,3.73336326132286,0.2944108884503127,0.02345309520623472
MAC002623,Std,Affluent,0,0.0972455827088604,0.562728635832084,0.11432679425293057,4.64035082443778,1.0791627599018514,5.4020554100868345,0.23367646553104945,0.04564973541242876
MAC005188,Std,Comfortable,1,0.6481784703045402,1.5922596063576158,0.30574490782938607,31.050455632317878,0.46683074118369156,2.4667147742008844,0.4265634756846672,0.15079488024230556
MAC002264,ToU,Affluent,1,0.27598359656713695,1.613044376627219,0.4033962038058319,13.14130177292899,1.637509299672258,7.008423236584678,0.17477111678416465,0.15384604894646942
MAC003506,Std,Affluent,1,0.7262123138128944,2.3120194980506814,0.5555641724397476,34.78170759064328,0.7768182965599105,3.2667066923402435,0.31901750772960435,0.19591032799225214
MAC002486,ToU,Comfortable,0,0.24311928391218562,0.8712172467661692,0.15483284293758248,11.599326699668323,0.595381961647435,3.4242322144861363,0.34806695279123806,0.06265268067853488
MAC001645,ToU,Comfortable,0,0.15030226852337578,0.7832923796267498,0.15445270117886395,7.194718506842924,0.9621622259462727,5.052424037323635,0.24973018435720154,0.06155811152516252
MAC002907,Std,Affluent,0,0.22398083467477337,0.8093772649093903,0.18158431842100936,10.715344316803954,0.8151062122779831,3.6703400099805727,0.29891215259466986,0.07043478958152041
MAC003100,Std,Affluent,1,0.3015092551200166,1.128067595147314,0.2649368532424825,14.454046796187173,0.8061136029868403,3.566767699926196,0.3348342254699913,0.1244130736102711
MAC004595,Std,Affluent,0,0.09636489351075672,0.38261268898163603,0.08217803579443342,4.614505845075127,0.6956399448660868,3.3361164287787735,0.4128564847577039,0.06968545072722802
MAC001359,Std,Affluent,0,0.17799981906913004,0.7231520721966207,0.1512040288686997,8.52894623548387,0.7569207618642239,3.7141268973771844,0.3218493844673291,0.07496554864479596
MAC002086,Std,Comfortable,0,0.10967655860455591,0.5372215088282501,0.08020078777506495,5.260555377207065,0.7328341577466764,4.928974588309817,0.22709001650277233,0.015183060389672376
MAC004434,Std,Affluent,1,0.3688540404493016,1.1545063103786812,0.2696246236703339,17.67886815974754,0.7299676857413131,3.2415612924721557,0.3380002676296636,0.20197165206501805
MAC003378,Std,Affluent,0,0.1313220847629628,0.5510556623800384,0.12069595475081393,6.282952015547027,0.8805815676312935,4.1092096472388135,0.2836161948738199,0.05161001383355216
MAC004913,Std,Affluent,0,0.1378686183112291,0.35484625310077517,0.08747264963394603,6.595071059302325,0.8135918606110926,3.183934141414184,0.3509666726525359,0.1505347647242062
MAC003193,Std,Adversity,0,0.3192731138361188,0.9434213492509363,0.20361215776005967,15.292093632397009,0.6288989009617064,2.9451806015755837,0.36434303996882383,0.08361728197012676
MAC001268,Std,Comfortable,0,0.06463239097327057,0.34564079132420095,0.06408672256748008,3.0860289191780828,0.9688543408204608,5.219966742312071,0.23658581673205534,0.017337348383248956
MAC001650,ToU,Comfortable,0,0.21059591070303454,1.0969205590342679,0.22052117892973738,10.08948442102804,1.0546323942173568,5.356645385190681,0.20382227611836454,0.06346396302028659
MAC002634,ToU,Adversity,0,0.14725759524222123,0.4597382922865015,0.09494721967444457,7.038730027548211,0.8042737061178699,4.230692587922238,0.3735726303274871,0.0737996233260852
MAC001031,Std,Adversity,1,0.2953371810103481,1.664934231390135,0.29011415569153653,14.095137518684602,0.9965956873924846,5.755014347659518,0.21416958633033809,0.08419105867609213
MAC003709,Std,Affluent,1,0.8256891085099303,1.6731457101796403,0.4034531525690802,39.48773453892217,0.5263225403449616,2.1805411677627453,0.4808747724247261,0.36045052656665355
MAC002282,Std,Affluent,0,0.15018476208780399,0.79647492640118,0.17381958354965635,7.188064896607667,1.1261366993820314,5.304288664958214,0.21469971062823556,0.06681631998954178
MAC001912,ToU,Affluent,0,0.10291106987040355,0.6276378507009344,0.11723432879926739,4.916971963084112,1.1304325710742937,6.106617949751982,0.22199611806130418,0.04989892449723982
MAC004847,Std,Adversity,0,0.25145134455687995,1.3149723259119495,0.2472898085471647,12.043318237232706,0.9875334916659562,5.267340815375582,0.21523759984891708,0.051253043257309096
MAC003561,Std,Comfortable,0,0.14336897626588932,0.7168192538310412,0.14585490344424182,6.857874264047155,0.9354701136143547,4.596395195764841,0.2635213801774694,0.061556377729280035
MAC001813,Std,Comfortable,0,0.29475518577077864,0.9409526801261829,0.22481050790844795,14.089335960252365,0.703705989618776,3.0850396229839108,0.3802787159331847,0.13441751267078322
MAC000334,Std,Adversity,0,0.10505215245148225,0.4297327823691459,0.06650412214711002,5.031143250688706,0.6033670927001137,3.8726320423609533,0.3352326239750274,0.01871900403641641
MAC004237,Std,Comfortable,0,0.14127358624202582,0.2556543211419752,0.04255323654109553,6.752558642283951,0.27497964486001036,1.6906694455134343,0.6666137465451539,0.028481314162623866
MAC005152,ToU,Affluent,0,0.24129934064787603,1.3060125402821317,0.22916943185679692,11.56062225799373,0.966447357402387,5.4525979216197955,0.19690135656724014,0.0699570534394686
MAC002673,ToU,Adversity,0,0.08355958530781889,0.3086311844077961,0.05665085625878931,3.9959640179910063,0.6451517417811108,3.5375018899041097,0.32530071029904084,0.017174605166795427
MAC003574,Std,Adversity,1,0.42364408016178634,1.5823163053045188,0.3080463533113124,20.287092337328094,0.7245983002540396,3.7939242552142654,0.28608329947742916,0.11725568482417247
MAC004950,Std,Affluent,0,0.3406891313208069,0.6159662337662337,0.07483996349577243,16.324110389610386,0.2118855315296044,1.782229564164812,0.5895237639755782,0.05446367252698783
MAC001878,Std,Adversity,1,0.4775513517196053,1.3819207614896987,0.2979946651496223,22.86264817812995,0.624319109643612,2.9023853134774353,0.37001933105773915,0.12255019022694322
MAC004978,Std,Comfortable,1,0.276299725624088,1.8881536467447921,0.37631224942013114,13.25006640651042,1.4806307045390865,7.841184076715167,0.15228090320179047,0.13532658375016202
MAC002454,Std,Affluent,0,0.07449953548000447,0.40365722801788373,0.07013830638224738,3.5699880774962733,0.8557664286958776,4.9572263902390805,0.2853535002215428,0.021118183843977453
MAC002237,Std,Adversity,0,0.0677570039806703,0.20267352941176467,0.047343335810111103,3.247736764705884,0.6961725985856686,2.985204039337294,0.34582716649903256,0.005970415046622159
MAC003724,Std,Affluent,0,0.18742801602536652,0.7128602798403192,0.14388748966790896,8.935712575449102,0.752251504389766,3.83863542033306,0.3018593772349032,0.08065709936361262
MAC001946,Std,Comfortable,0,0.07915897931362575,0.3557980922098569,0.06841141743944165,3.766931637519873,0.8357581003554693,4.374738953219736,0.28151740060423003,0.028364755243756548
MAC003329,Std,Comfortable,1,1.4540589026744486,2.9356462772466547,0.6897074007800916,69.61636902695986,0.47202239575036475,2.033441828595705,0.49993793217114113,0.2560992559260229
MAC004969,ToU,Comfortable,0,0.10059201963533083,0.5096605976592977,0.08879562688958188,4.818204160728219,0.8429013117811066,4.858839960220874,0.2625057701657916,0.021919519640392984
MAC001047,Std,Adversity,0,0.21488731515325907,0.5766871257485031,0.136499331971681,10.28981137724551,0.6362565477417805,2.6710358497567475,0.4042813920899212,0.042897215103767816
MAC002922,Std,Comfortable,0,0.13863732893118694,0.9456309733113671,0.17480653898689044,6.630719935584844,1.2342270272906037,6.777113887518362,0.17120098118760102,0.03586387185179795
MAC001080,Std,Comfortable,0,0.08883237788105655,0.42247117355864816,0.08117153101378376,4.252673956858848,0.8635511814384348,4.506684825538688,0.2700823698835827,0.02413559880246966
MAC003670,Std,Comfortable,0,0.1335882538293175,0.4943996021868787,0.09523479534676889,6.391379721471174,0.6752137635124328,3.5398718399929843,0.328059823153146,0.0410075440118876
MAC003895,ToU,Affluent,1,0.37357090849854413,1.0171900838842973,0.19934522362446755,17.83826032892562,0.5141190636006395,2.72691940800243,0.4230963404623555,0.16898550088120157
MAC002734,Std,Adversity,0,0.16428186600985073,0.7204645552036197,0.12940582436726553,7.855570136048264,0.7707943883614237,4.329818697907693,0.259919849252044,0.034821498536729036
MAC002396,Std,Adversity,1,0.5083702487616376,1.537660209985097,0.3079084990296123,24.302423249180325,0.6088858791329804,3.1266081701177812,0.34373690540048735,0.22818321049564957
MAC000518,Std,Affluent,0,0.13950907771327445,0.6784822697872342,0.13455883455064155,6.687641135319146,0.9274562592543258,4.726309033208175,0.2383770283692156,0.0415493004818063
MAC001155,Std,Comfortable,0,0.17988672454753155,0.7304978911392404,0.1447162533791626,7.682506329957803,0.8099547501448087,4.132658494884003,0.3521303000453465,0.05821635517079214
MAC000231,Std,Adversity,0,0.08066906429959919,0.45899392466585665,0.09444763830148373,3.8656208992709598,1.149418913885475,5.606578060057128,0.191349434937018,0.020857335927192543
MAC005282,Std,Affluent,0,0.16581419475605694,0.9100955781740369,0.20210774533683104,7.807148361055635,1.3692636391892423,6.5330145925172305,0.20044526920493486,0.14863945319052507
MAC002508,ToU,Affluent,0,0.07974404499370756,0.5075456053067994,0.09723787687178341,3.820716417910448,1.2191409284535302,6.418258940418624,0.1703169503966425,0.016208641528251265
MAC002890,Std,Comfortable,0,0.03936603280872094,0.24450082372322895,0.05112842396906957,1.8772009884678749,1.297333708205919,6.177381305679322,0.18613141273846714,0.012510323599166184
MAC003313,Std,Affluent,0,0.18552980395663193,0.5986736635496182,0.134240081897874,8.83981297652672,0.7128961609531476,3.2154272458794995,0.3412346920543626,0.04357664556788539
MAC000392,ToU,Adversity,0,0.054049643401072926,0.2732347222222223,0.05148922474717578,2.586722222222222,0.8992484744298818,4.81256664235215,0.25213994029343506,0.021699307207207086
MAC000986,Std,Comfortable,1,0.4023163666102668,0.9988639756352767,0.2155781390357278,19.130745887443954,0.5294957700530638,2.4984237036455554,0.41690304468790323,0.15045932741560622
MAC004730,Std,Affluent,0,0.07595026227944683,0.22200000014306154,0.049334392938872505,3.640539341917024,0.5427943719629942,2.6461890045908034,0.5167675127712004,0.05273727267457639
MAC001256,Std,ACORN-U,0,0.06872934846842804,0.23708980213089806,0.044323177495272446,3.2881232876712323,0.6285296928978829,3.4119921175717303,0.3161450369824047,0.012157766248166859
MAC002188,ToU,Comfortable,0,0.1582428813192963,0.6465980554294978,0.12390220878664278,7.5869854131280405,0.7423368627539844,3.978167570668439,0.2917407211791738,0.0557036308044786
MAC003397,Std,Adversity,0,0.15661991186298072,0.6585096153846153,0.12812532523992945,7.501880769423077,0.7691496511748662,3.9875680604339943,0.2940782794172644,0.0534393449077055
MAC002570,Std,Affluent,1,0.32434594401475086,1.0860333356666667,0.2150137618859522,15.512458335166667,0.6338943387309087,3.3319610388894785,0.36468287760824114,0.1358960671832603
MAC003374,Std,Adversity,1,0.36364146550699683,1.7265047982725525,0.3790759666000712,17.39688867715931,1.0459166326693305,4.838382379316649,0.22454261029029085,0.10466816717453789
MAC002056,Std,ACORN-U,0,0.07951754063942232,0.394452205514706,0.07017603175863343,3.575694852757354,0.7697717914884249,4.547979361236186,0.33732446582479825,0.029046253629825505
MAC001716,Std,Affluent,0,0.16222381834792815,0.8423387885433714,0.16594499827170747,7.763973813911622,0.9978191834230159,5.150291470288215,0.21918221186670178,0.05392273725595884
MAC005142,Std,Adversity,0,0.13613858182228628,0.5783620689655171,0.1077484889672391,6.516885580094044,0.7711740887981948,4.13489084192407,0.27451978689329093,0.024777084097667875
MAC003279,Std,Comfortable,0,0.23908886404722088,0.6917670456439394,0.14800193717662669,11.451541667045456,0.6046893768123441,2.8952895259306817,0.3688667245414022,0.07170302612003453
MAC002554,Std,Comfortable,0,0.09698059233428918,0.2289168053244592,0.05313953564044105,4.639059900166389,0.5428044124135961,2.3433461387411096,0.4563868753124777,0.016207112386882244
MAC001917,Std,Adversity,0,0.27402781662429526,0.9308335974643421,0.1885600575951483,13.049202852297942,0.6704921985437737,3.379893222123435,0.3282298456870009,0.08312384145265547
MAC001042,Std,Affluent,0,0.13343945058618384,0.5077275453592817,0.10302923577012575,6.375007485479043,0.7526233879088754,3.7064544639787873,0.30770796267423534,0.038499363688629266
MAC003882,Std,Comfortable,0,0.0938113483705339,0.6746754557809329,0.11481439694356613,4.486269776470588,1.1378040902643194,6.7088953781704594,0.19529435848738158,0.030310702817467082
MAC000731,Std,Adversity,0,0.08771187683284457,0.3669178885630498,0.08278851358537434,4.204350439882698,0.948399907519347,4.158944709680839,0.2623730541190598,0.0252440900568095
MAC002712,ToU,Affluent,0,0.14955741921539206,0.8034720968325795,0.15965970188384554,7.163162896832581,1.0382067098016325,5.393168379875576,0.2099563286422305,0.056700183726953846
MAC002171,Std,Affluent,0,0.17666485076686816,0.9282732248633881,0.19073974930176088,8.466142077595629,1.0073255317927166,5.099422925188139,0.2390250070004864,0.07817458050365547
MAC000120,Std,Affluent,0,0.04431954076371303,0.10139836065573772,0.01835260863042666,2.1210901639344266,0.4497456707104244,2.2809672944758406,0.5706696709486686,0.022438855218541564
MAC002423,Std,Adversity,0,0.0570598953456048,0.2817130044843049,0.05280066998821311,2.7299641255605374,0.9097077014088475,4.940144410011632,0.23759830615367655,0.015396386782883138
MAC001247,Std,Adversity,0,0.1411485480906931,0.6215875190258753,0.11087587188082708,6.749318112633181,0.7584632709887535,4.341470723287053,0.2596348535109621,0.03785215033721083
MAC004447,Std,Affluent,0,0.17947806256620957,0.9141837312762973,0.1700677302399479,8.600504909537166,0.8935880292364914,4.957651964818198,0.2303009831715744,0.06083218392708553
MAC003673,Std,Adversity,0,0.13693673398126652,0.8970099395626241,0.16786800996196408,6.559477136381711,1.1895458711495268,6.523471243224728,0.1787132848553246,0.043198432471515995
MAC004513,Std,Adversity,0,0.1287271562777346,0.4838893034825872,0.11420199950816938,6.171893034825871,0.9067074868968541,3.7769532344811063,0.30205884549462436,0.04393065153520565
MAC005535,ToU,Comfortable,0,0.07462280159443496,0.426285087719298,0.07684102067253956,3.574178362573099,0.9725813664085748,5.461288460982617,0.23744659728702788,0.023893276366632483
MAC005043,Std,Comfortable,0,0.2847026175618407,0.9718239155059133,0.20438728724160346,13.62573324441525,0.7009366127711657,3.4016700016490953,0.3366503654133478,0.09233437478067293
MAC002382,Std,Adversity,0,0.14619759976748725,0.4580397101083034,0.07228140465401002,6.925729240794223,0.6239447403896611,3.6236753737413427,0.3881227325450475,0.07449036487251645
MAC004829,Std,Adversity,0,0.1407275085560579,1.2402561132374104,0.20831320115313767,6.730129494244601,1.4372425427637852,8.542124618712435,0.13698721306656897,0.03007340959553096
MAC003360,ToU,Adversity,0,0.11721027466529367,0.5423205374280231,0.1176628818190059,5.617831094049902,0.9747187188923843,4.548376499182028,0.2538264351202678,0.04125086349128744
MAC002617,Std,Affluent,1,0.2778680930833987,1.2422114150105708,0.31461782493023305,13.225966170401689,1.1623496182046142,4.653351315506094,0.23614363194305926,0.12871468261492847
MAC004409,Std,Affluent,1,0.9423943707617677,2.1560364133053214,0.43497046759475755,45.14633192661064,0.4279050498790764,2.2489062462317957,0.4835678418608546,0.3342403011235747
MAC002716,Std,Comfortable,0,0.09346310792196172,0.41295475082956257,0.08314988183355299,4.475826545550529,0.8493034087060832,4.231001554835028,0.29473806985984424,0.04471641554208798
MAC002990,Std,Affluent,0,0.22339849727215524,1.3394653457095709,0.2858024981820616,10.704579204620462,1.3003865660877656,6.206655408252967,0.1769548190143926,0.0786110163172206
MAC001353,Std,Affluent,0,0.12713422787303902,0.6366630929555898,0.11181835592460156,6.090522204441041,0.8844731217202381,5.1496867777319215,0.26908167384989246,0.05467152799017015
MAC003411,Std,Adversity,0,0.18378274785404294,0.8944197299806577,0.17633030141921235,8.76750677156673,0.8972093585484133,4.628836542031696,0.25403264390665536,0.05990138004643556
MAC000603,Std,Affluent,0,0.03456635161691037,0.17988824383164012,0.04919964044842171,1.654171262699564,1.445048125227455,5.538496918034588,0.20320455691533462,0.01722022715001914
MAC001555,Std,Adversity,0,0.15737754422994535,1.1177488445300463,0.2181656492873219,7.544984592604005,1.3301585011784243,6.936494163667609,0.15946999998397476,0.04392671531644058
MAC001892,Std,Adversity,0,0.057343980945327236,0.12274208860759495,0.022715357462186395,2.7449050632911387,0.3916393701692187,2.1311842870581295,0.507697112117345,0.009154469444330833
MAC004549,Std,Affluent,1,0.5189335162642247,1.8318416467581036,0.37589430508966865,24.812413962344156,1.0215904103505544,5.016394686411209,0.29224430372046717,0.3414841023583536
MAC000660,Std,Adversity,0,0.11533530515727587,1.2107772930131004,0.2048674041412253,5.5298238721979605,1.7188769113167013,10.143371042305176,0.11589808812616238,0.03172756670716742
MAC002387,Std,Adversity,0,0.08564915503385653,0.6984843514157976,0.12885982572298907,4.100260804321909,1.4555162323121718,8.047625715153544,0.14732213049533807,0.03304295872680896
MAC000322,Std,Affluent,0,0.10650990935652292,0.5679009628610727,0.0996648131177662,5.089704264099036,0.9192866152410453,5.243976388018271,0.214441162749453,0.017280346628766773
MAC000470,ToU,Comfortable,0,0.1674173612391754,0.4792366197183098,0.09373860960837326,8.022554929577463,0.5573311853941838,2.836789458572911,0.3867953974274602,0.03876584773680925
MAC002611,Std,Affluent,1,0.2826180588439909,0.9275916663333331,0.2569420339736155,13.558428337,0.8976422953291492,3.9249568432272204,0.3176816536959923,0.30630534641503787
MAC005280,Std,Affluent,1,0.31307553195644944,1.0844547880319149,0.22828346356017173,14.989515959441487,0.7439770274386774,3.6099805589214733,0.31059695283251393,0.1416943784268231
MAC001584,Std,Affluent,0,0.13295543369030774,0.6178606806501548,0.13634778064465244,6.373927244272446,0.9582379044835095,4.580653057908437,0.27103492439111704,0.0746746661879908
MAC004098,Std,Comfortable,0,0.07944450795625878,0.2670230061349694,0.04868771996148965,3.799276073619632,0.5953958682516326,3.301894591372965,0.3322919400511972,0.011574041436105924
MAC003486,Std,Affluent,0,0.10458505162196097,0.3975564204280156,0.08623497424584622,5.014214007782103,0.8253525551945358,3.7696332154516368,0.2979016731370354,0.03318017485272001
MAC003678,Std,Comfortable,0,0.30878563748022253,1.0295487077534795,0.19520789418825962,14.70477733180914,0.652913749251904,3.4368780800895107,0.3328051957274179,0.1332923249603862
MAC004064,Std,Adversity,0,0.05303482940779502,0.25781727558139544,0.04230262934378004,2.53113787358804,0.6169117600426778,3.9057460192138214,0.4324285481567613,0.026230142642058328
MAC004212,Std,Comfortable,0,0.21783011780651695,0.7967264292117466,0.16737270018767242,10.422732612364763,0.7538721061419271,3.622977333449904,0.2939575162507522,0.04668171375263143
MAC000071,ToU,Comfortable,1,0.37184991222463387,1.62995669488189,0.3681003005900088,17.82999213602362,0.9754329121279172,4.395470484239419,0.24718147056123058,0.12493430216697285
MAC004544,Std,Adversity,0,0.2177617654613859,0.9952434134253446,0.2207703673015997,10.43839397766625,1.0122578111931901,4.611268985725852,0.22995744298935297,0.07964891519010854
MAC004415,Std,Affluent,0,0.14082959106503415,0.7841204484593838,0.15376296366374928,6.745773109663867,1.0503577417456036,5.456445258272117,0.21094948401309735,0.038944927373356523
MAC005367,Std,Affluent,0,0.1882369298445666,0.8575223286874154,0.15562243246001936,9.01458186779432,0.8322661801042993,4.591468361554307,0.2374809292771677,0.04431816895062715
MAC000656,Std,Adversity,1,0.3639557343978442,1.0583619170058136,0.19803361483160928,17.42684447601744,0.5803292502831627,3.1226685736112523,0.3559457125535138,0.13126358823599285
MAC000327,Std,Affluent,1,0.30967555143811965,1.2035633588154275,0.32706629133054627,14.846081259641869,1.0347211445381663,4.117276250922121,0.27289282672028314,0.1492110566663696
MAC002134,ToU,Affluent,0,0.21398880172517742,1.0318424450160772,0.24710386897393152,10.253329583440514,1.2077032683935893,5.211598842483588,0.2113554940165795,0.09615082068375812
MAC002718,Std,Comfortable,0,0.26442369813568756,0.8987707393665162,0.24014169380779085,12.63687933815988,0.8984637797346118,3.516527431830727,0.30829338216911933,0.12688053790933587
MAC005397,Std,Adversity,1,0.24887884227294105,1.8234068014965992,0.395476401150124,11.739557822040812,1.5548863764415772,7.6499356250073305,0.15847792896726864,0.1699767963699472
MAC000698,Std,Comfortable,0,0.14190124898769105,0.6593206436310396,0.1330528658072833,6.785857979062958,0.917304430551443,4.6126724211572165,0.246360413946068,0.05385852318223926
MAC001457,Std,Affluent,0,0.11448531028368797,0.3256076923076922,0.06747196573139795,5.479141538461537,0.6112637241870356,2.958696732121714,0.3621245460493559,0.02917310626344665
MAC004452,Std,Affluent,0,0.10945011194498815,0.44093398862359545,0.07712405262108547,5.244359550983147,0.641118831025552,3.78091253075182,0.3251658023250885,0.03195209996512976
MAC003595,Std,Comfortable,1,0.34725256787726166,1.1038346446850391,0.2286856191249694,16.534822830905508,0.6547457770341426,3.1787956756253304,0.3331898963192073,0.09320012744194313
MAC003948,Std,Adversity,0,0.2970453632579315,0.8601404960330576,0.18672682162189955,14.208216529256203,0.6070273051350783,2.8344713021446446,0.3830495054453442,0.06834516612230766
MAC000308,Std,Affluent,0,0.09445870485241867,0.3059917587912088,0.053541991684181896,4.526414835989011,0.47495548405055277,2.7936952618855906,0.5222778582164455,0.048447180906229334
MAC004149,ToU,Comfortable,0,0.05524700420445894,0.40663328166409857,0.07023575455929015,2.639839753158706,1.1588160677418882,6.718978339084601,0.19979790452217058,0.019089426274961203
MAC002132,ToU,Affluent,1,0.300968061285199,1.1823488715434083,0.26466447396000403,14.428607712861739,0.8234203292874338,3.7902719892875627,0.3065992337842309,0.13048533535635823
MAC002602,ToU,Comfortable,0,0.18325574074083786,0.44986833349999994,0.10105396859556884,8.743629999666666,0.4964620194393338,2.4414897581732924,0.42661514097296527,0.07559137975813836
MAC001951,ToU,Comfortable,0,0.2709768631404558,0.7877058828298885,0.1673185382566424,12.977974563434023,0.6188878604912927,2.9305988654653707,0.3578856904376225,0.05582641027719999
MAC002232,ToU,Adversity,0,0.253850061544639,0.6947083939617085,0.12683067072795118,12.149260677025039,0.4930526398979996,2.7073472332875124,0.3993478880413582,0.04098654424936217
MAC002799,Std,Comfortable,0,0.2052218666746701,0.5899757944024207,0.11529553751014428,9.828682299697427,0.5708497742491356,2.9067398171040852,0.3743316705665438,0.046378940677911706
MAC002740,Std,Affluent,1,0.4440504523499478,1.0994826541478129,0.23027915844995925,21.15139215580694,0.5023649743976369,2.4710328522440856,0.43306786030487854,0.13301869747718062
MAC000464,ToU,Affluent,0,0.1163657424805687,0.4293845070422536,0.0903075402856828,5.564533802816901,0.7771869223730028,3.670039014468315,0.305452706992512,0.026459915217556185
MAC004769,Std,Affluent,1,0.571785122079495,2.059787022795341,0.5550232749302494,27.29102995640599,1.0747700332397565,4.303719231314454,0.27143837948606,0.3832440305608259
MAC003048,Std,Adversity,0,0.09367470290607162,0.29555792682926835,0.06001239168916258,4.490141768292682,0.6364537438514914,3.1396238460678663,0.34320251019152426,0.013484658589442824
MAC004530,Std,Adversity,0,0.11175357982405357,0.3735726817042607,0.07445541046478593,5.279302005012531,0.6591638277588531,3.2968225261364847,0.368750542909072,0.02961247339221165
MAC005480,Std,Adversity,0,0.06447949606789247,0.4147605839416059,0.07543339582370479,3.086563503649635,1.1596731423073574,6.44106047264464,0.17519798895183697,0.015645699880942842
MAC004062,ToU,Affluent,0,0.1343221322676466,0.5749734653399667,0.11886228898562681,6.4304179096185745,0.8790050557215677,4.272478501139032,0.25754477178005586,0.028544170891495264
MAC002605,Std,Affluent,1,0.39594503471875003,1.4463049975000004,0.2783416850626646,18.963343333166666,0.7083778655775258,3.7276237442709546,0.2971112820235974,0.13218476835721873
MAC001945,Std,Adversity,0,0.07702553868341902,0.4163656600953894,0.0857515413676819,3.683332273608903,1.049152966485687,5.0267652412446235,0.23584100469275227,0.026559797721086728
MAC004281,Std,Adversity,0,0.12015964450739795,0.4642333851622876,0.0851516223326976,5.756114374343123,0.6878601561196361,3.7438937943001487,0.30415063522491714,0.031100374089845857
MAC003573,Std,Comfortable,0,0.2555291083966575,1.2450373247544204,0.23724246119767514,12.234306477603141,0.9164649097521921,4.885352017027543,0.2198225131388096,0.05262716022249343
MAC002131,ToU,Affluent,0,0.14728632445367004,0.36267479674796743,0.0658529494955086,7.061637398373984,0.4317561206060925,2.4097591727181165,0.4456681403918174,0.022670196653518184
MAC000442,Std,Affluent,0,0.11641805069276116,0.46384528818565396,0.09188910838050122,5.577465541490858,0.7490921351492431,3.810445355945269,0.30108002143604357,0.033878043044100165
MAC004939,Std,Affluent,0,0.26042697811438537,0.9228296269135803,0.21634989202304483,12.46106666370371,0.8199998519724583,3.4538787003604074,0.3121423060464213,0.13289294989404576
MAC001907,Std,Adversity,0,0.09185007733295975,0.41922028494453234,0.076173664162992,4.400524563866877,0.7990086566869912,4.402785754708542,0.2710090626631272,0.02768810542294038
MAC001317,Std,Comfortable,0,0.10836378484111407,0.42129007664122153,0.08574312939320763,5.179630534961832,0.750133523562213,3.7366198712939562,0.2982157147034294,0.05197828555412593
MAC004640,ToU,Adversity,0,0.25873075270231544,0.8959665565217391,0.17319130892610643,12.334376256187289,0.6695259600491902,3.4635836627341767,0.30699731823348864,0.03303516057715289
MAC002947,Std,Affluent,0,0.10123169245010868,0.3797454545454546,0.0815820170013858,4.853738842975206,0.794091827280748,3.745073596514069,0.28893416228832514,0.025029803652261266
MAC004154,Std,Adversity,0,0.1023592970732406,0.5590476929230769,0.10583529855047903,4.8967707701538465,1.027837866394558,5.38879448674839,0.22544460784977569,0.04135629884735192
MAC003734,Std,Comfortable,0,0.24115972460354,1.5389439986,0.31340025064946664,11.562099997399999,1.45452506050317,7.952911523421287,0.15435104743829958,0.13402155000135824
MAC003935,Std,Adversity,0,0.16236994793198678,0.4566935483870967,0.08830883352917177,7.784080645161293,0.5371235682920299,2.7754110149902855,0.3848353323755172,0.018384238944198786
MAC001018,Std,Adversity,0,0.08029670090852233,0.2308938714499253,0.04754271504510948,3.833557548579971,0.5844196993803366,2.8753981125205557,0.35973282335125545,0.00936979263481724
MAC000045,Std,Affluent,1,0.4311131284252364,1.8709828433823532,0.4553213624800594,20.666338238480385,1.1190468130952795,4.622977099191516,0.22803381402619066,0.16791184376318496
MAC003884,Std,ACORN-U,0,0.05914342460699796,0.34305273813387427,0.09160868511771021,2.8287119673427985,1.3607405470523133,5.389652708035423,0.23225721309400013,0.0535463365296206
MAC004705,Std,Affluent,0,0.2790215069914792,1.1621340033500835,0.2456424203964788,13.37665494137354,0.8841307922944807,4.195352534784578,0.2514241418250941,0.07478921440039149
MAC004411,Std,Affluent,1,0.5870113435348586,1.204603641736695,0.2549646121875868,28.08123529341736,0.5010890552252446,2.2734031250700815,0.4671280057255078,0.33854093655256745
MAC003878,Std,Comfortable,0,0.24740094658975656,0.6084361062880327,0.13390766099590226,11.818361054969573,0.5486238063687194,2.45284878647101,0.4341232514017173,0.07131663011085836
MAC004360,Std,Affluent,0,0.14606731764312428,0.5328105849582173,0.1088248327333184,7.000162952785516,0.6768378805885908,3.4208761642606915,0.3394172646977787,0.05532266003608283
MAC003358,ToU,Affluent,0,0.14484974316427796,0.586678159578544,0.1020701595532011,6.934082374329502,0.6620062603736169,3.8294386746537814,0.31594434957180084,0.04130196526798196
MAC003283,Std,Affluent,1,0.5013487052682623,1.65384819829222,0.3863728888679538,23.99123339165085,0.7599662905724105,3.3176837906045575,0.32332406208473913,0.1608685052850933
MAC005153,Std,Adversity,0,0.07898115026595745,0.4839734371875,0.08684099679762582,3.7788515625000016,1.061764257031328,5.904438505470554,0.19911672263909422,0.012363905426295736
MAC001339,Std,Adversity,0,0.047000255702206194,0.2550918836140889,0.05503793782189415,2.24437212863706,1.1745020164402842,5.398745858141637,0.21720049375433595,0.011417395961926306
MAC001436,Std,Affluent,0,0.08386813501205423,0.49262174563552824,0.09668905209759658,4.005223583307811,1.113694541749944,5.629126217377042,0.2126768727245955,0.02535040596409339
MAC002945,Std,Affluent,0,0.13320680572651075,0.41799669421487606,0.08127323349200417,6.381492561983472,0.6017140238458721,3.074852193183085,0.3699749579327941,0.020915066181123973
MAC002868,ToU,Comfortable,0,0.08507408673516877,0.3379543307086614,0.06045962844863051,4.039933858267719,0.6994424792568794,4.010023797743732,0.2903884042668956,0.02520439177901672
MAC004740,Std,Affluent,0,0.1542747916680764,0.7256452075822604,0.15323617735124154,7.398540772389127,0.9545913245898755,4.588557795047844,0.23725323536173706,0.041717772213459535
MAC003555,ToU,Adversity,0,0.25775956438227593,0.8909490184313723,0.18606405152760175,12.329288233921568,0.709367343659369,3.422909402799734,0.313032443815664,0.04635944808232435
MAC003713,ToU,Comfortable,1,0.32284837016053075,1.397001996407186,0.3275557983418991,15.461964071257487,1.0125033172745987,4.4738168302741474,0.25021517523075654,0.12771687450190702
MAC003515,Std,Comfortable,0,0.1681482753136631,1.013730994736842,0.17129077718750824,8.025144252046784,0.9987438678826936,6.088473241174127,0.20547421367401386,0.059525963760794665
MAC000905,Std,Affluent,0,0.17035676637249564,0.46836350044510383,0.07808175811767296,8.153816022700298,0.3959401412961118,2.502644704900682,0.5352347237667131,0.041509919029670515
MAC001602,ToU,Comfortable,0,0.053555814697099434,0.20378328173374613,0.036690653439601234,2.5637879256965936,0.6646719517762825,3.6927980147957817,0.3392589464737599,0.016561795767377624
MAC000717,Std,Adversity,0,0.08971031360381684,0.3852668627565982,0.07546331243906405,4.292554252785925,0.8054454843896416,4.104480186853431,0.29695280466579266,0.027910086100516214
MAC001687,Std,Affluent,0,0.14466896379264155,0.8272866052959501,0.18386002544493685,6.93422741588785,1.2382758081323526,5.790875300409924,0.2211221138323105,0.07279271706445
MAC001865,ToU,Comfortable,0,0.20455716979138777,0.8754802526066354,0.20898224275441984,9.803710901105845,0.9980131524636913,4.5289447536999825,0.2602231055332222,0.1331266271391511
MAC003135,ToU,Affluent,1,0.23798311282107498,1.6267802020134234,0.34639623510929823,11.385968123154365,1.451721620742279,7.115859029091025,0.18066944860979536,0.11681448106730584
MAC002848,ToU,Adversity,0,0.17316024211567616,0.8625318192424242,0.18633273623973262,8.296737877424242,1.0128342633965046,4.870095282159052,0.23864321279808212,0.1038230635095911
MAC000096,Std,Affluent,1,0.6015078041347999,1.6475184726600984,0.34697387183602707,28.803211819827585,0.560329300073248,2.73107143926253,0.3955848232827352,0.18848308153348273
MAC000504,Std,Affluent,0,0.17794210028306987,0.7007563742209633,0.15393583694065402,8.49589801798867,0.7083679073793262,3.3474414588647523,0.4126963729970657,0.17111883904275796
MAC003220,Std,Affluent,0,0.2782871941110848,0.907425610734463,0.15997988937652144,13.28828625065913,0.5758258759368928,3.2746853558053375,0.3310297915325672,0.0665275863411829
MAC003281,Std,Affluent,0,0.19578339374583303,0.7194724846299811,0.1634866676468822,9.38580455540797,0.8157356815114041,3.6006040798836665,0.3219441294477142,0.14021985501501538
MAC004909,Std,Affluent,1,0.3292616430961828,1.2221419340645163,0.33690676279741677,15.7450258003871,1.0625890327902936,4.064728504381469,0.2621420443990685,0.14629425690565778
MAC002077,Std,Adversity,0,0.15064473478250975,0.42747993579454263,0.07972947475185511,7.219834670947034,0.5250933314903607,2.8084641503589323,0.38180941194459206,0.015267302497484784
MAC002183,ToU,Comfortable,0,0.21733817999663826,1.0719497567260943,0.2373963954541747,10.391403565640198,1.0855257320757161,4.9577607439108204,0.2200023983997121,0.06875340962007143
MAC002497,ToU,Affluent,0,0.25086465101207145,1.1065621868988393,0.25313736167461687,11.986860695024875,0.984712128256857,4.41167729582689,0.2492644950256926,0.09095395625394301
MAC001512,ToU,Adversity,0,0.11769507526330351,0.5272095528505394,0.09477211920519753,5.636550076733436,0.7731101357539636,4.2809540160715756,0.2916376507220658,0.027261671147707292
MAC000519,Std,Comfortable,1,0.38307539896461396,1.448687945531915,0.32602425018178177,18.226673759574478,0.8383294243233167,3.7927282656165024,0.28030588487037666,0.12713434726897752
MAC004888,Std,Affluent,1,0.5784625607673666,1.7906133344444448,0.3835778218783487,27.731740000444447,0.6544314841599727,3.1178840440950286,0.3417586338774259,0.18062472200629948
MAC001402,ToU,Affluent,0,0.13554024492846348,0.487703363914373,0.10094047368297551,6.471776758409787,0.7215072690218499,3.539840098082926,0.31792567650898407,0.0389403340001294
MAC005157,ToU,Adversity,0,0.14180066134231217,0.5808356796557121,0.1314969683106083,6.726050077308293,0.8480218432574407,3.85234919914403,0.2911153483096115,0.06101433878607758
MAC004838,ToU,Comfortable,0,0.18604673078810405,0.6391013023154849,0.13730152695883804,8.907991316787268,0.7216935983054258,3.369390214448322,0.31343095716659114,0.04483059081304832
MAC002950,Std,Adversity,0,0.2494766772234685,0.9521400329489292,0.20445812660225077,11.947365732289947,0.7873649733970398,3.7060434264485376,0.3017139853587395,0.08633164362080833
MAC001855,ToU,Affluent,0,0.051430187210720346,0.2164706814580032,0.04415469912995396,2.461280506497623,0.6780285144689321,3.37887599130053,0.40796979292048613,0.030447300831729102
MAC002562,Std,Affluent,0,0.1747997157143062,0.7618851906821965,0.16614917495191953,8.371918468718803,0.949391647459258,4.353745145614725,0.26226771968824203,0.07198198312292552
MAC004886,Std,Affluent,1,0.37243136310367136,1.204813060307298,0.2769923383936524,17.85508450819463,0.7369193222218374,3.2419010248147138,0.3251163836190124,0.11091069381197233
MAC001915,Std,Comfortable,0,0.08257262661759167,0.3780919175911251,0.07787314888788908,3.949185420126783,0.9285179115727659,4.544112899723764,0.243084902373149,0.02991860248776397
MAC002260,Std,Affluent,1,0.45564589666550603,1.4726554919925512,0.3420580616599226,21.32301675828678,0.7236515396562976,3.1118177805074736,0.3667935232855203,0.15420394267873472
MAC004286,Std,Adversity,0,0.20317781835495521,0.884950540340031,0.1965478240359831,9.733403399227202,0.9580924527659719,4.337038304284546,0.24501156445584082,0.04844201872242147
MAC003333,ToU,Comfortable,0,0.21463059448171587,0.9162141502868067,0.20118751569689935,10.145130019311667,0.8633832711439756,4.049037508335925,0.2905258884018428,0.10256573969620562
MAC005559,Std,Comfortable,0,0.1602916666666667,0.674,0.12930789408087665,7.6800000000000015,0.7818634844397059,3.681620839363242,0.2646329365079365,0.0
MAC004828,Std,ACORN-U,0,0.024805588660139117,0.10129310330459769,0.02690962666876957,1.188294540086207,1.0871088040522179,3.8089652739990068,0.3343281542916679,0.013141012090432726
MAC002771,Std,Adversity,0,0.05614069045473148,0.17651437216338886,0.033781927975232426,2.6856913767019663,0.6088985826424074,3.151057572092424,0.4043708469423572,0.03927751089363158
MAC001253,Std,Comfortable,0,0.18929661601831818,1.0668948173780488,0.2383471777458704,9.07145884176829,1.2504980839217805,5.843146351952918,0.20291447347834643,0.09094897548093077
MAC004426,Std,Affluent,0,0.09130329603472592,0.3090322128851542,0.0618755924986265,4.369652661064426,0.6643735570301318,3.307941009080851,0.32654550797863563,0.01601737502252349
MAC000560,Std,Adversity,0,0.14311465662495504,0.36990869565217394,0.06797146758709731,6.854968115942029,0.47252252115976856,2.5682571234812936,0.4179543568988368,0.018937275416719156
MAC005342,ToU,Affluent,0,0.25843534852967975,0.9428353572199729,0.2084824224400481,12.384662617139004,0.767468425529483,3.5649091633998524,0.323152376653773,0.0967571897828204
MAC001810,Std,Affluent,0,0.14467347641767062,0.46691009511041004,0.10204352432310311,6.919635647160883,0.6898554753760257,3.167499075757552,0.3582503126823515,0.054141165219467074
MAC005026,Std,Affluent,1,0.4230289408176629,0.8036706041994754,0.1341167470292348,20.270339895275594,0.3106125791411305,1.8857961965428716,0.5478967748908743,0.06449597086685013
MAC003272,ToU,Comfortable,1,0.44502028436962704,1.7294242420454544,0.3865074969638845,21.251170450189395,0.8658894874671811,3.943278532993565,0.270504008312466,0.12587504548156483
MAC002157,Std,Affluent,0,0.18172807600891672,0.8442358630048464,0.18039109611529727,8.700867528594504,0.9393675407839611,4.563996430233765,0.2642971371870051,0.0908819299435965
MAC003711,Std,Affluent,0,0.24985286374454538,0.9936288040567953,0.21496254620686797,11.96689452231238,0.7935409120351435,3.690903534294639,0.3469165707922485,0.12637073573961582
MAC002147,ToU,Adversity,0,0.04098153794458168,0.2731674718196458,0.05400496616913797,1.9597181964573271,1.3166987487868074,6.606336920375944,0.17339090175276514,0.013780156598600147
MAC002779,Std,Affluent,0,0.07103235198230892,0.1813161875945537,0.04055115393656765,3.386527987897126,0.5668614688792254,2.5640099144205073,0.4046401437718188,0.013084669701451149
MAC001082,Std,Affluent,0,0.03672881340206568,0.153108843537415,0.03967629186322879,1.7420068027210884,1.0335010788573784,5.000684705797029,0.2574600629646267,0.07055164853067436
MAC004668,ToU,Affluent,0,0.06832536293866026,0.378635452173913,0.07354253208557404,3.274225753177257,0.9865131002934521,5.16251377377281,0.2637678682304135,0.03365505456162311
MAC002925,ToU,Comfortable,0,0.18956955686064525,0.5133593757812501,0.09825539513559294,9.075539062239583,0.6186733218519144,3.212284580804665,0.42479182531920273,0.06351330578035003
MAC002939,Std,Affluent,0,0.16825611627256606,0.7891614502471171,0.1607853113835618,8.053538715321253,0.9124394832436202,4.51772603921243,0.2544153228074222,0.056377326938952615
MAC004910,ToU,Affluent,0,0.16104417410203614,0.33479612903225814,0.056475255553100366,7.715349677419353,0.3488182817236309,2.0742913341410505,0.4959768595567826,0.015043890792318155
MAC003187,Std,Comfortable,0,0.1591832184921663,0.5066093454205608,0.10796827862927741,7.617482242616824,0.6659307408514191,3.1753475685905577,0.34056912943399903,0.045078024038556284
MAC002302,Std,Affluent,0,0.18356658006007645,0.7917514789940828,0.15240738096617729,8.79025295606509,0.7689033436824372,4.069485536233949,0.2848674576422932,0.06078621306147476
MAC005210,Std,Comfortable,0,0.1271751725910736,0.5594018446640316,0.11049195585594128,6.094835310013173,0.8404288048009243,4.28962569816685,0.26157350103777,0.027173305545077592
MAC004923,Std,Affluent,1,0.5042820419933982,1.1109573111254845,0.19182744373940133,24.14918758124192,0.4347363525242543,2.4221210274084592,0.4903610564078307,0.3054145927724989
MAC004009,Std,Comfortable,0,0.08416996459926232,0.2426456953642384,0.05463375583220765,4.032495033112582,0.6338562481911445,2.8119881873254537,0.3845671744188391,0.021927120296650525
MAC005349,ToU,Affluent,0,0.07501530174256735,0.3990877194331984,0.07576260399326094,3.5898920379217287,0.9313893174910166,4.942326924007405,0.24660473924636622,0.024815936164163364
MAC001748,Std,Adversity,0,0.1582626648355512,1.0304280428044283,0.17420895229650904,7.497605164206641,1.0728884803999497,6.326009136127158,0.2092172586579715,0.04382282350766658
MAC000228,Std,Affluent,0,0.14627280877189797,0.8091530984204133,0.15147392997120443,7.012449574605103,1.0269217750297637,5.703872807666865,0.19765133031027937,0.04476333468859336
MAC004862,Std,Comfortable,0,0.17133773828345317,0.6618010075566753,0.14193733284903273,8.209142317380353,0.8123778155644111,3.8444579654706317,0.28842205600424287,0.057014429444897576
MAC004603,Std,Adversity,0,0.12033707447278941,0.5083222045075126,0.09638275877705219,5.762751252921537,0.7597753412664953,3.9515627503984607,0.33005248814833427,0.03521635841077692
MAC003524,ToU,Comfortable,0,0.2546469483091964,1.011360784117647,0.2148809450981196,12.197943138823527,0.803743645460162,3.8605507566049626,0.28152202172342217,0.07654716798807812
MAC002563,Std,Affluent,0,0.24475104350438523,1.2891580710482533,0.2683687023060082,11.736677205490851,1.1445911199555572,5.8918118385119405,0.22147298400500456,0.10609319008268518
MAC000954,Std,Adversity,0,0.1890066315366996,0.7068686565671642,0.13384130855116286,9.050862686716417,0.707726772826518,3.7595372542923915,0.2898094388473954,0.03627678749368902
MAC002019,Std,Affluent,0,0.1556506107983898,0.6620671129753913,0.13560197999520288,7.432395972259508,0.7326166865838255,3.7440118616140787,0.37463030367405314,0.08702810764567534
MAC005298,Std,Comfortable,0,0.16124609121605607,1.0581938522727274,0.20695489263156597,7.7058676474598915,1.316746028778279,7.006639309320897,0.16095343882377047,0.07990273358602433
MAC005424,Std,ACORN-U,1,0.3327298127208569,1.28588937161572,0.29616360310200457,15.937611350655024,0.8975911740708221,3.9288938805070055,0.27374494757115064,0.10366663617409952
MAC004864,Std,Affluent,0,0.14676163032690887,0.6605541555415617,0.14009393837032674,7.024877833375316,0.9325996502692898,4.431095519980967,0.27420413724713794,0.05783494011435171
MAC002592,Std,Comfortable,0,0.3066523936066046,0.8524033333333337,0.19543397734069298,14.693961666166663,0.664892122905192,2.944223797799841,0.36940556784186657,0.13139719201068464
MAC002040,ToU,Adversity,0,0.060966470560396176,0.3242523958466454,0.05923635322716519,2.904357827156549,0.7104303318603234,4.117632858305532,0.44208164462154786,0.04986640256209555
MAC003124,ToU,Affluent,0,0.24820700844704705,1.407486236238532,0.284756158983049,11.876622321406733,1.0968577237008716,5.519838766669976,0.2558028617954759,0.09005366282713688
MAC004911,Std,Affluent,0,0.23032644671710928,1.0282093015503873,0.24017948734742586,11.048975451550387,1.0023374684952306,4.411002659929922,0.2548344424384812,0.07715237083105934
MAC002443,Std,Comfortable,1,0.5388326467862219,2.2911445572280176,0.4591243244832857,25.788010432041734,0.9714298037777626,4.960914092312237,0.2551517889931571,0.31652325559564226
MAC002935,ToU,Affluent,0,0.12596337573830899,0.6499259883223685,0.14388358260460885,6.028542763322368,0.8199443029100284,4.103821602175053,0.419132661917242,0.14411244502895543
MAC005069,ToU,Comfortable,0,0.01211612370473476,0.1124563862928349,0.025416607077818665,0.5784953271028038,1.9478998387858906,7.538323497211256,0.2062034982555273,0.022827666502742344
MAC000385,Std,Adversity,0,0.05578213388635597,0.23105,0.047946648111177596,2.6713625,0.832915640502491,3.9843792195261623,0.2806551358171002,0.01459439095553079
MAC004079,Std,Adversity,0,0.1041974182220013,0.4514548234303215,0.07399667970494564,4.992826951761103,0.6556004166411984,4.058521821026597,0.3036640359004899,0.0236484099709781
MAC004249,Std,Affluent,1,0.918894131183761,1.8670385783950616,0.42227123644900966,43.912141965123446,0.4572839272249777,2.033742583167163,0.5006057809487237,0.18509031035879106
MAC000033,Std,Affluent,0,0.15782996213461312,0.546108935373317,0.10805194145808035,7.556215422399022,0.6677627705332644,3.4082943502065044,0.31889651070450803,0.03727715622036005
MAC000874,Std,Comfortable,0,0.07937293905654061,0.3430829628148148,0.07656990386027279,3.8047125924444454,0.9007593913905895,4.216843246472755,0.2706094385830895,0.03829646839632187
MAC002230,ToU,Affluent,0,0.13356433705882814,0.9910514702941177,0.1847121116226283,6.381922059117644,1.2439328730941825,6.784971226395832,0.220608717837126,0.04988010958664193
MAC004899,Std,Affluent,0,0.15736568908378215,0.5714157012870015,0.12047646122992962,7.517537966924066,0.7594264182647221,3.733459683404844,0.30637507883299575,0.08501095949919807
MAC004236,ToU,Adversity,0,0.06542264850837318,0.35817438271604946,0.06602372384627118,3.131219135802468,0.924120307883474,5.238293139780714,0.23056020267549707,0.029823761792794994
MAC005088,Std,Affluent,0,0.18306847924639144,0.9179937588143526,0.20404705578978538,8.771151324180968,1.1024793341102097,5.061887860487088,0.2335561267438621,0.0870749840501758
MAC002308,Std,Adversity,0,0.11681943258584644,0.6695228952732644,0.1373829462039753,5.587388480354507,1.1833485081085817,6.2548645437675034,0.18209467736191298,0.09189204513425829
MAC000609,ToU,Affluent,0,0.14465791827354113,0.7591204638606677,0.15665398776497588,6.933815673584904,1.0014516637822417,5.003690188648769,0.2372527319413654,0.0570107002025913
MAC001958,Std,Affluent,0,0.1277236167190444,0.543886942675159,0.1012230849420532,6.102692675796179,0.8005675953157841,4.320554734266256,0.2724651238663042,0.05104904761313747
MAC003566,Std,Affluent,1,0.6069627667202612,1.4135776029469551,0.27288623110098953,29.04453831119842,0.4379728346422444,2.2954176009565574,0.46381879978823887,0.17461742473828065
MAC003808,ToU,Comfortable,0,0.2011458251969956,0.6130544354838711,0.11987693026156501,9.59303225987903,0.5629712726868548,2.934948446320017,0.39050699259083443,0.05375396024704745
MAC001117,Std,Affluent,0,0.16505998932579033,0.4595701357466063,0.09719772315306846,7.9096214177978865,0.5918574816209065,2.801285901759394,0.38216676813847533,0.027392619781070673
MAC003409,ToU,Comfortable,0,0.06754941887183284,0.24165183752417796,0.04389197091916144,3.239058027079303,0.6227655712619339,3.3480296457374146,0.3876521874634926,0.01744697245209419
MAC004364,Std,Affluent,0,0.1960983908953549,0.674912698015873,0.14419046324833115,9.380111111507938,0.6140322350462781,3.2216469346417766,0.4337680309349813,0.12620348048976435
MAC002835,Std,Affluent,0,0.06075304131336888,0.17936529680365296,0.032269101012002956,2.906892694063928,0.7123706813215945,3.8185843348125643,0.3819092398624707,0.04000115279317601
MAC004843,Std,Affluent,1,0.3903488852110385,1.4119881289317509,0.3143172210219736,18.701497032047477,0.779800984364447,3.6027479682779413,0.30219891376290514,0.13661384793691664
MAC003054,Std,Affluent,0,0.08300874089502346,0.20635365853658535,0.044766141420903904,3.957196646341463,0.5410127015799807,2.5075654014218927,0.42665676064821306,0.018507522951207184
MAC003332,Std,Comfortable,0,0.2614143122890123,1.1358126212237094,0.23256817911332067,12.486843214913957,0.8928679194969554,4.387701961336525,0.24875979665861161,0.06905401094570401
MAC001745,Std,Affluent,1,0.3220948129242258,1.1203652031347962,0.23768539207363126,15.404653605015675,0.7301427531654132,3.4808935116325146,0.30498448876938566,0.07468135032834451
MAC002509,Std,Affluent,0,0.15624202890803918,0.6282918739635157,0.130472916321033,7.45897843946932,0.7847882176382788,3.9833601393038234,0.2888112213064244,0.07978644072191739
MAC001017,Std,Adversity,0,0.08097000015925598,0.2535284431137725,0.05868559229280674,3.863726047904191,0.7346669214648114,3.1687396294485546,0.3319278656488127,0.018869935235540775
MAC005518,Std,Adversity,1,0.26469211451265656,1.8106710543859648,0.3066460563471109,12.687223690789475,1.127294336794188,6.655151280241674,0.18301146082302677,0.049780217791428785
MAC000436,Std,Adversity,0,0.10439107444481023,0.2221448663853727,0.049899144705238235,5.003033755274262,0.48093687062518986,2.124557080208594,0.5020746154849718,0.015475983073790089
MAC004861,Std,Adversity,0,0.22982125622704722,1.051489923299748,0.271038208763197,11.01483375314861,1.1597751692948228,4.679069683910824,0.27421073922435707,0.14434867890826059
MAC000378,Std,Affluent,0,0.1080534300012419,0.5994410531206656,0.10929008663868148,5.176198334396671,0.9436516726422864,5.276193653281419,0.2358296996345135,0.03242919780543937
MAC000881,Std,Adversity,0,0.23613373182190775,0.5757151055449332,0.10808085141930197,11.301690249521991,0.4477605013099576,2.40987041899337,0.4426124988184689,0.05496242931197385
MAC003559,ToU,Affluent,1,0.30508044663733214,3.030959339837399,0.5160454671401605,14.610219508130077,1.6969135889125373,10.098255205466883,0.11458513956716591,0.07002327083735227
MAC003057,Std,Comfortable,0,0.07814534547439891,0.2773246951219511,0.05605564077441294,3.7373948170731706,0.7066148305144906,3.487397441785452,0.3095449509927019,0.01084393028299881
MAC000279,Std,Comfortable,0,0.09840931161253251,0.3494924959072306,0.06415570088209312,4.708028648703956,0.629943354394842,3.369088432042478,0.40033336592303026,0.017473923840597937
MAC003181,Std,Adversity,0,0.16884971305275667,0.929295325981308,0.20124318208879366,8.09280373738318,1.1761799226274898,5.669117681899805,0.19834944476155478,0.0939899675931573
MAC004949,ToU,Affluent,1,0.5191809518516384,1.9727411744537813,0.47898367024525335,24.882563019999996,0.9042496685090842,3.9156180340706133,0.2829705805401527,0.28344778699699646
MAC003773,Std,Adversity,0,0.2728437240765759,1.1715851709418839,0.2109738452020601,13.057174351302605,0.753015149168719,4.2174350415976605,0.27311637709202063,0.06565822082178818
MAC000591,Std,Comfortable,0,0.15956304054474313,0.5386023226415093,0.13039878784157877,7.636142235558783,0.8202693616395719,3.3471152944932867,0.3254466819212233,0.022186874885263268
MAC003576,Std,Adversity,0,0.2369132662097233,0.8879777787654319,0.15239710613496757,11.350681485185184,0.5993857194523441,3.5660655979744353,0.34274684000859257,0.06486161980989796
MAC000728,ToU,Comfortable,0,0.2912728996166625,1.0002331397360706,0.238335490273798,13.928920822580645,0.8179409123358187,3.4934918232043746,0.3004633847545622,0.08136340588404442
MAC005200,ToU,Affluent,0,0.24594563497311225,1.1594598167325427,0.2761940538717229,11.735916995915682,1.1131827902428018,4.787893713832655,0.23038891502555753,0.11719631941544154
MAC003549,Std,Adversity,0,0.18795306576432347,0.7809960782352943,0.14408539805248438,8.995550979803923,0.7472358638753928,4.087982914522008,0.2673408720271027,0.037061859496999625
MAC003857,Std,Comfortable,0,0.1094008620478364,0.5635517233265721,0.10072957937425747,5.224821500000002,0.8481421373163475,4.787487193982426,0.2873872036783212,0.033397830991380204
MAC001762,Std,Adversity,0,0.18367027367064478,0.9029482456561922,0.1985676308910137,8.790731980221814,1.0779490460634253,4.951545142532781,0.2157003049582014,0.04990955411045581
MAC004732,Std,Comfortable,0,0.07600838531478288,0.3810672389127325,0.07413741733784054,3.6430028609442067,0.7812871285917901,4.174142466950548,0.31501087241677433,0.04841788455603968
MAC001133,ToU,Adversity,0,0.25388295539052624,1.1119410865558912,0.19159319018456078,12.12368428851964,0.7354127164563404,4.29552290648869,0.27105288591592064,0.05517971312069529
MAC002213,Std,Affluent,1,1.1676458879522758,2.6762140508169936,0.553660655651189,55.88161438153593,0.47487839942284354,2.3355050446517747,0.45879539718413326,0.45861016977986574
MAC000946,ToU,Comfortable,0,0.15448355652697496,0.5140077069364162,0.09973087506804244,7.397131021579963,0.6443418567448019,3.381808112644261,0.3714078131565653,0.06881217786312796
MAC003025,Std,Comfortable,1,0.38654732494854854,1.5516432922256098,0.4094437005340636,18.522672255030486,1.020855901981334,4.095020914733628,0.2845436795370838,0.15602977656212264
MAC003352,Std,Comfortable,1,0.7182072542318291,1.6941398423371647,0.36362722499700784,34.35246166168583,0.5064481399776124,2.362475326686018,0.44168233853656824,0.19253012700065877
MAC003345,Std,Adversity,0,0.27377134379075496,1.0739857848341234,0.24616476006217633,13.103298576777252,0.8895521644839831,3.9663597565470976,0.2715303549771264,0.09792257651276623
MAC004814,ToU,Affluent,0,0.03895825515762233,0.13516954022988506,0.027628275798396,1.8656048850574714,0.708997377513806,3.4499596533968373,0.3236476145805025,0.007621663272123515
MAC005475,Std,Adversity,0,0.16913221865992392,1.062578100291971,0.19110231849540835,8.099601458248175,1.0960730136019765,6.1380226419090524,0.19604197275920773,0.03482831001928891
MAC000963,Std,Adversity,0,0.2507657173292794,0.7846532142002988,0.17222161435001695,11.951324365470855,0.6771551283757649,3.1328365652363046,0.34949484457336216,0.0804059730559124
MAC001311,Std,Affluent,0,0.19086264442313636,1.4100553564013838,0.2866422978379859,9.103339098269899,1.0825092184289404,5.645466062752262,0.2761299468699469,0.240470839652158
MAC001141,ToU,Comfortable,0,0.1985336462074035,0.4355030209969789,0.06657349937950813,9.464285498338368,0.3320946519904109,2.171552940154436,0.49486587865772247,0.021447584364761275
MAC001562,Std,Affluent,1,0.4288375207097662,1.9107380568567023,0.45181760309174573,20.504486900154088,1.1291881150455991,4.886117096210602,0.23523190863494023,0.2193500709913957
MAC001260,Std,Affluent,0,0.11360278704419607,0.4618812791476409,0.0838735641683881,5.427776256468799,0.7127801493518553,3.917324631468159,0.29969120250436926,0.026561072400830592
MAC002409,Std,Comfortable,0,0.15584132926190722,0.5806944449074074,0.11353757438312549,7.442925926388891,0.716304156493271,3.6491495752427503,0.3246666074174056,0.026993861311788495
MAC003612,Std,Adversity,0,0.22084563451823655,0.951205128205128,0.20090307186586523,10.571921102958578,0.8931495050321466,4.368664908537446,0.259373718969179,0.08223911300960428
MAC002206,Std,Adversity,0,0.09149078140416922,0.4553039215686275,0.0895853215520574,4.380022875816992,0.9615525368619047,4.93663642446011,0.22066414244508104,0.019792747652357574
MAC003414,ToU,Comfortable,0,0.23738801358755462,0.7675589943907156,0.13025744178314047,11.358676982398451,0.5452760714674201,3.2207592106519156,0.3555712964803995,0.03802610275496847
MAC000361,Std,Affluent,0,0.14191722942498713,0.8032434305670815,0.1748059933191087,6.792207468741358,1.2390959019286292,5.820838337557907,0.1959399812691394,0.05701369336835269
MAC001823,ToU,Adversity,0,0.062216292788387334,0.293565560821485,0.06363786529118803,2.9763017377567142,0.8890768740039251,4.506290631268394,0.276362469448704,0.02775556264180384
MAC002567,Std,Affluent,0,0.25573862581062673,1.3276124032945738,0.25283132826077087,12.196215115891475,0.9702083395852408,5.228042290656415,0.20653645802871876,0.07649236357457734
MAC004571,Std,Affluent,1,0.2691174167071587,2.1011410767790264,0.3795218379131273,12.871945072284646,1.353392787361155,7.521130518971832,0.17206351588647764,0.08377645873247123
MAC000159,Std,Affluent,0,0.2178149587524123,0.6205602418072291,0.1339615650330382,10.426459036867472,0.618127417374839,2.9543769418584653,0.3670072560992574,0.0767184418729207
MAC002313,Std,Affluent,0,0.11354062666316646,0.49017152168284783,0.1061863167505971,5.400249191585761,0.8780796576170432,4.209612700615936,0.2809578142142153,0.03486578087514071
MAC003943,Std,Affluent,0,0.061370336062703,0.22742479338842977,0.045134377324733195,2.9311950416528925,0.565647070676438,3.081819086542673,0.416354907965497,0.03559138349958334
MAC005224,Std,Affluent,0,0.269386410662863,1.2431494722222223,0.2360539763555551,12.911750002513228,0.8640579923747702,4.648504091822319,0.23686510572789984,0.0740620158895418
MAC002650,Std,Comfortable,0,0.14088950492889393,0.5530990104950494,0.10913916948266995,6.725910891683167,0.7041109955999706,3.621947873369247,0.32906379927229495,0.05185320087066095
MAC005032,Std,Affluent,0,0.15567755232281796,0.567307087007874,0.0970671154429783,7.451783464829397,0.5995593837390522,3.5210329855881044,0.32347584611843755,0.034742203443919206
MAC000534,Std,Adversity,0,0.07169509130370644,0.26797802197802206,0.06031066651313748,3.424703296703297,0.8308634285272696,3.6894428023041397,0.3013980933549852,0.03206350946174104
MAC005307,Std,Affluent,1,0.39811763546870715,1.9789303902275768,0.5168079279085864,18.89813521539491,1.3367600748645312,5.523400416421045,0.2337284601317342,0.33384863254899044
MAC002958,Std,Adversity,0,0.151945438441544,0.5381993410214168,0.1065219973146473,7.272662272817132,0.6775197408322117,3.4636675505344288,0.3197922893845777,0.040468029145483156
MAC004612,Std,Adversity,0,0.06676355619499987,0.2986413043478261,0.053416768504045094,3.187184782608696,0.8524643201194751,4.725341152999609,0.26436505757726286,0.026415759674384663
MAC002763,Std,Comfortable,1,0.3312477304977211,1.5333540090771558,0.3403937663116498,15.870921333282901,1.0209192956837554,4.653558718564522,0.23168974550570215,0.09512174103655675
MAC004613,Std,Affluent,0,0.1859186885120336,0.8292745759322033,0.16045640496756933,8.910791525932202,0.8467461617551727,4.464402804924973,0.24720454329604866,0.047923972706773246
MAC002656,Std,Affluent,0,0.12572779529038675,0.5340344830584708,0.09851397413432005,5.9978665673163425,0.7268088341078858,3.9362870813388775,0.3244523245192245,0.042170935405168045
MAC002010,Std,Affluent,0,0.11854564563260485,0.3977197447452229,0.0797346059685544,5.674853502707007,0.6437304950030623,3.2478669590599947,0.35479733845309064,0.024810786430285107
MAC002681,Std,Affluent,0,0.0842290023726048,0.28103598200899543,0.05890162937799383,4.027377811094453,0.6920087535408358,3.2911857582494783,0.33011688238020204,0.014713382028728544
MAC004737,Std,Comfortable,0,0.11983269219975617,0.657383405007153,0.12341215125316207,5.721178827038629,1.0020827702116446,5.329522223421267,0.2264489527003993,0.029009227690076807
MAC004706,Std,Affluent,0,0.16881165610279936,0.9012763807370183,0.17405459007096102,8.08284421959799,0.9372222778202202,5.063958947165266,0.27871915597860925,0.07617419762655292
MAC005558,Std,Affluent,0,0.03176292144400019,0.14217687074829932,0.03162079964535298,1.5096496595238094,0.8094851195867186,3.8338924427235,0.4789191775145629,0.03969139655826408
MAC005201,Std,Comfortable,0,0.09344465383225016,0.36308827404479577,0.06966249427202936,4.475707510540183,0.6793592879311071,3.673379013026959,0.34147612353199014,0.046159627664144214
MAC003340,Std,Comfortable,0,0.23867817453814097,0.8254770107279694,0.17902389030680402,11.40709770268199,0.7372114108850588,3.3850131586716867,0.3274056410229598,0.07980253450397523
MAC005336,Std,Adversity,0,0.20816773147375842,1.2551159018867928,0.33035951482349907,9.872423179380057,1.3704263749750243,6.008736175626513,0.20089585339584434,0.17420552581673715
MAC005199,Std,Affluent,0,0.16077106242200148,0.37575493965744394,0.07065932473202013,7.713285886034256,0.6473588198000092,2.514204269720561,0.5836688319206019,0.3191537634609435
MAC000259,ToU,Comfortable,0,0.22695640202762754,0.9250366743276284,0.2055055808589362,10.87263691809291,0.8933264159723519,4.092278559098798,0.26636316478524336,0.0721767613809404
MAC003916,ToU,ACORN-U,0,0.3255554353671506,0.823782519715447,0.19327491290679005,15.55553048719512,0.5991550566873106,2.5386628224195156,0.4104155539553649,0.056559088541417515
MAC004330,Std,Affluent,1,0.3093557038438332,1.1301251749652297,0.2559148809894492,14.822909592906813,0.9288041699540912,4.189381591896209,0.27094224288298174,0.3620806747659603
MAC003328,Std,ACORN-U,0,0.14521413694250557,0.6106998091778204,0.13598042320023368,6.920338432313577,0.93357605396227,4.208745101614281,0.2714500749394647,0.06394454109171141
MAC000406,ToU,Comfortable,0,0.1304406055137699,0.7048258431179776,0.1373446028783804,6.250991573455057,1.0347671137879775,5.373369656940626,0.20239276742969584,0.024986826674482873
MAC004856,Std,Affluent,0,0.141632536720225,0.36466792440251583,0.07073056418061287,6.769691823773586,0.5109942907950563,2.621443211479873,0.40998436539335703,0.044546967447720666
MAC001760,Std,Comfortable,0,0.26627887411936196,0.9939216280564265,0.21659322476268514,12.753658305799375,0.8589965492414467,4.057860289263572,0.2928313686186177,0.15207902884778052
MAC001796,Std,Adversity,0,0.15592317230233155,0.35581358609794633,0.05941757944419119,7.460556082148499,0.37792704914522973,2.267752564426566,0.47612638977602695,0.020366520234237184
MAC001859,Std,Comfortable,1,0.399737562639463,1.331637083359746,0.3117962731381912,19.14248336751189,0.7048143873349699,3.160211916858271,0.3789010922660251,0.19338954958013585
MAC002852,Std,Adversity,1,0.5764874457190203,1.944132512788906,0.42657200749515667,27.484576274268115,0.9735222613628124,4.610003124070999,0.2705904486829691,0.46400970513717116
MAC004471,Std,Affluent,0,0.14306756983839963,0.8854230128038896,0.1817965272205488,6.856272284278767,1.179651898343308,6.049139657830325,0.21870170357030053,0.07005998537360021
MAC002204,Std,Affluent,0,0.06687383064214733,0.19320195456026065,0.030874895678827674,3.2043876223127037,0.346073782088216,2.35583416514796,0.6189226692230162,0.02620817060546003
MAC005017,ToU,Affluent,0,0.20090632864532268,0.8617038005242466,0.1401502272510052,9.628141546526866,0.6713383091796543,4.129578892471152,0.29951266904848606,0.029187712589305127
MAC001910,ToU,Adversity,1,0.45113765071461936,2.1902374506849314,0.471640804889415,21.582246584931504,1.121761801339369,5.2643900705073925,0.2177956773841063,0.1650349378788948
MAC005288,Std,Adversity,0,0.28918556003060325,1.0817222974632843,0.20923758175558085,13.853009347263015,0.7193498235201014,3.7301201933205763,0.2838558437574792,0.04469197119068222
MAC003758,ToU,Comfortable,1,0.6766583047455015,1.8232725460921841,0.3801500749621863,32.145789579759516,0.5443529221085112,2.6516673957454198,0.4044389298026457,0.15237086868747954
MAC002408,Std,Adversity,0,0.18292149767790317,0.7972101336810729,0.15906854424395525,8.714190760059614,0.8624763972878816,4.390608826579939,0.2552463288764513,0.05510353624884706
MAC004941,Std,Adversity,0,0.06845387438733158,0.4060453371761658,0.0830308398640172,3.2813160625647675,1.1661293771851455,5.502395800918441,0.214642169368793,0.02471649703028817
MAC000546,Std,Affluent,0,0.16774329518214548,1.2596851830246913,0.2512322097076083,8.025499998148147,1.5445157305156376,7.954734767506176,0.15656170487287285,0.11934485777124779
MAC001383,ToU,Adversity,0,0.14758397923972913,0.30684686094946395,0.04459025550899256,7.044497702756508,0.28313151839597833,2.021662913371645,0.5177699838349351,0.043045590302159084
MAC001229,Std,Comfortable,0,0.20497105986332495,0.8781791044776119,0.16343836354057817,9.754094525870647,0.7775314095831464,4.182722552032312,0.2694044506680439,0.06396745844647495
MAC001700,ToU,Comfortable,0,0.0839981245074862,0.36395999999999995,0.06637259047497672,4.017684999999999,0.763751801998795,4.021532682356483,0.3001003469101228,0.028408570480467396
MAC000564,Std,Affluent,0,0.24618182077589806,0.8964550731884059,0.19776581183041475,11.735346378405795,0.8154656239393834,3.9588552511939628,0.32482844309507086,0.15770415131087226
MAC002722,ToU,Adversity,0,0.16914598510832182,0.5052368025641024,0.11005022943300877,8.10775867315234,0.6001218075213055,2.886109615258843,0.3816184813692696,0.06269968537764416
MAC004742,Std,Adversity,0,0.3164938841903072,0.9861015745350499,0.2256454403473445,15.147892703576535,0.7120699885084625,3.131348836050854,0.33002027818422713,0.070636900967098
MAC002984,Std,Comfortable,0,0.13789754088356532,0.7175156522240526,0.1484994568730307,6.603164745799012,1.043382754940792,5.169276091816593,0.22799764812070286,0.05696812727404552
MAC002777,Std,Affluent,0,0.15362605009015115,0.5105204232980334,0.10022850234095614,7.347981845385781,0.6460050961382071,3.2688768044843455,0.34484942624352755,0.03100986704938142
MAC004701,Std,Affluent,0,0.170376908150781,0.7058408705192629,0.1404325590118628,8.147134001507535,0.7785731175704027,4.0091441717904335,0.29172943426408715,0.08230085165984523
MAC000124,ToU,Comfortable,0,0.22903911533919627,0.73463782447466,0.12715477020591462,10.939226204944378,0.5429916420782515,3.1535947192307003,0.3497419431570197,0.036729294576411144
MAC001577,Std,Affluent,0,0.19843704354139963,0.8264525313291138,0.1663382791349319,9.474050631012654,0.8107077777545372,4.130219007548444,0.28225486750077716,0.07500909115952469
MAC000150,Std,Affluent,0,0.20369041559056852,0.9344211785800242,0.187307757377478,9.76035258628159,0.8631462634566366,4.485393184923703,0.2525615003943953,0.08391239959446194
MAC004344,Std,Comfortable,0,0.1692908250601168,0.6331281332869081,0.13451124644223914,8.112636489693594,0.782748107390438,3.6972197824126933,0.2941526084726332,0.040358151601781606
MAC003112,Std,Adversity,0,0.3458138300871296,0.88459847221374,0.1951959497514181,16.56169007465649,0.5514982465059481,2.4814826996005284,0.4402758993664785,0.09062127267675762
MAC005004,Std,Adversity,0,0.06525197782221992,0.3171882352941177,0.059951905346927,3.124494117777777,0.817918403722127,4.365877562141813,0.30263515998483703,0.02287492692207928
MAC002279,Std,Comfortable,0,0.16279945261018033,0.6086237037037038,0.15126094874359663,7.793991111111111,0.903552596842914,3.6427372468332266,0.3044129998867836,0.04868741188051872
MAC000742,Std,Affluent,0,0.18827156039089107,0.5798737152716592,0.1292454458263012,9.000478707929517,0.673784732950446,3.0892877957394367,0.34337588002575786,0.040460390184575916
MAC003866,Std,Comfortable,0,0.09333613266982836,0.2893103448275862,0.053159476204963356,4.471590263691685,0.5477872162500392,2.960185443668669,0.38644509323402615,0.02209025252293482
MAC004783,ToU,Affluent,0,0.14911010250680318,0.44973314203730275,0.08881119560207823,7.147266857819224,0.5408030217232341,2.7695903618521154,0.4051247357449127,0.05168812308860212
MAC001593,Std,Adversity,0,0.18764938010370277,0.40438449643410845,0.055946106263563375,8.95882790620155,0.28821534550623673,2.128698903093309,0.5194611101755547,0.028888297186795534
MAC005159,ToU,Affluent,1,0.3499538986889066,1.0574796892187497,0.21751129438755884,16.74951406828125,0.5932216107674148,2.9491987094545027,0.3686968724388388,0.09772578534288469
MAC000417,Std,Adversity,0,0.08174681657901027,0.3568412921348314,0.0739904095466746,3.90542275280899,0.8919774834117966,4.3513705042742625,0.24779701289939648,0.019510691987464187
MAC004334,ToU,Affluent,0,0.15558478019086905,0.6164853963838666,0.13898487060776532,7.461065368428374,0.8646547313621977,3.815535785781053,0.3074793588469267,0.06163845681301123
MAC001952,ToU,Adversity,0,0.07305966293174422,0.36681469648562304,0.07054821596168748,3.452913738019169,0.9468785834637644,4.972420569814012,0.24312256168266286,0.020652751535649327
MAC003661,ToU,Comfortable,0,0.16088715217291197,0.7380968379446641,0.14957932743054286,7.701523715415021,0.8674405145909259,4.41953863677947,0.2786206203514254,0.06836640980211812
MAC001744,Std,Adversity,1,0.2531141609415868,1.3027476489028216,0.31382565345828456,12.133554855956113,1.317863697358698,6.1192606829312775,0.19064487566044988,0.16952169371909184
MAC003865,ToU,Comfortable,0,0.059391187615356125,0.2550101417849898,0.050926343794059484,2.843916835496958,0.8038399632390307,4.022078052846305,0.3098956604429694,0.0145575423764461
MAC005044,Std,Affluent,1,0.43779694027589433,1.8621287763469114,0.453357987909474,20.954522991064387,1.131369946391068,4.960884736217887,0.2535610400950353,0.2589597119682291
MAC004252,Std,Affluent,0,0.1305494599014952,0.6401728391975309,0.1424104126278775,6.241787036265432,1.0072658952350337,5.016629923565854,0.2400575277859175,0.09044086910939474
MAC002276,Std,Adversity,0,0.09543574802820143,0.3406401179941002,0.0797422856558885,4.572710914454278,0.8280443578069678,3.5955972774166582,0.2956676051154317,0.024072775866339075
MAC003481,Std,Adversity,0,0.2077463770451807,0.885574070987654,0.20281410156788746,9.630277773456793,0.9814437283811667,4.378261021892409,0.263382848169009,0.09701332612925324
MAC001278,Std,Comfortable,0,0.16513694444444446,0.7205,0.1294593194226437,7.527583333333332,0.7815946561954331,4.333135225537132,0.25500711384708097,0.02399873749660544
MAC005476,Std,Adversity,0,0.28994622119004065,0.9756482646687695,0.19927930035382801,13.847547317034705,0.6759156476325486,3.3496591281404595,0.32361157818455444,0.07150727547377071
MAC003546,Std,Adversity,0,0.05313122924488946,0.20875098039215692,0.042299633139179164,2.5457647058823527,0.7901235309584371,3.9178811705370293,0.28445780541546845,0.010659496670260844
MAC005312,Std,Adversity,0,0.12562399242618438,0.7952600576149426,0.15857136628299245,5.994660919252873,1.1593744190811057,5.982297625012743,0.21909355868651323,0.08167434772433216
MAC005123,Std,Comfortable,1,0.29073342915987915,1.0596625012499998,0.2783649816928618,13.93992656109375,0.8883018469210786,3.642394244404939,0.3006451853449702,0.1963528251837486
MAC003571,ToU,Comfortable,0,0.08576126374801897,0.485943025540275,0.0944730616029917,4.104880157563851,1.0249818865982943,5.359092814428501,0.227080266033163,0.03397648811229978
MAC004929,Std,Comfortable,0,0.25756580806265245,1.0469780080206985,0.2250485685666299,12.344270373091845,0.8553452461251967,4.040053253669058,0.2681815050631315,0.07633978646808837
MAC003809,Std,Comfortable,0,0.06793186091989464,0.3764213711693548,0.07974438215679489,3.254030242137096,1.175374486171387,5.501073764967498,0.20602979103293506,0.019416183385965256
MAC003539,ToU,Adversity,0,0.16188438753513554,0.6598999998039214,0.12405845304503474,7.736633333137254,0.7301117133795847,3.9750675002055815,0.2844821580471065,0.038203594728660056
MAC000662,Std,Adversity,0,0.11473970064668153,0.5625676855895195,0.1268898675943152,5.5009970879184875,1.096268500186933,4.9576155949855805,0.23246657400722356,0.06272912947648233
MAC001398,Std,Adversity,0,0.2040314139849661,1.097404182404181,0.18385932639073305,9.776074914634146,0.8971359989067216,5.44790346557424,0.2363458174026702,0.07835979864057005
MAC001861,ToU,Comfortable,1,0.3855794065150662,1.2365118477093209,0.2586804503416975,18.41424012780411,0.6677253931377163,3.245640893807587,0.3305736742726714,0.14337421942226475
MAC000006,Std,Adversity,0,0.05945382466043833,0.24892136304062917,0.0460827205784844,2.8481153342070775,0.9272002428170243,5.0426352752224055,0.25656346877024633,0.018281722550478777
MAC000174,Std,Adversity,1,0.43450257381768764,1.7525669478890236,0.3430995990789835,20.735443906513872,0.789093574700416,4.071873470866067,0.261778203942499,0.09686305551996621
MAC002059,Std,Adversity,0,0.24888324277999171,1.0307300303514377,0.18871237553539633,11.899198080191697,0.7435502441775543,4.114446981927114,0.28212585733061846,0.07684917394366633
MAC003225,Std,Affluent,0,0.2578819053231849,0.9003804148775897,0.16905589745836613,12.30672128079096,0.6528212148277898,3.501001304883114,0.30736424794986883,0.06138510272795833
MAC004794,Std,Comfortable,0,0.14942539617926598,0.7108034440459109,0.13640462207361273,7.115088952941174,1.0011490995400483,5.428288286594272,0.2914349963096624,0.08571971089141656
MAC004638,Std,Affluent,0,0.12816499213389032,0.5293896324414713,0.10163555023734679,6.135789297826088,0.7092501334275209,3.843159307736548,0.3421286903934664,0.041859303605394804
MAC000495,Std,Affluent,0,0.11673101054817256,0.557578948245614,0.10099660738426433,5.56878070263158,0.7503352398414335,4.373438739776251,0.4281069098709627,0.047502080511700816
MAC000744,Std,Affluent,0,0.137211855354116,0.938016126979472,0.1736659767305552,6.565282989736072,1.2223179459992035,6.714283711294332,0.18093996107588733,0.045828590911216084
MAC005005,Std,Affluent,0,0.15286754638147218,0.8151045763398691,0.1655326658451312,7.324571243137256,1.0338397999414595,5.228803138316358,0.2251319721554082,0.062417538697112765
MAC004184,ToU,Affluent,0,0.177781468160017,0.5428969230769229,0.12004492228725647,8.447347692461541,0.6603443998458631,3.1151076915168208,0.35680580318418625,0.07618656546415485
MAC001016,ToU,Comfortable,0,0.19230567150299752,0.5860373690582957,0.13050583118697764,9.211835575336321,0.6623984109657013,3.0051785909515485,0.3521163390858233,0.04871315011006298
MAC001594,Std,Adversity,0,0.359624310583191,0.7009147285271319,0.11099913586630847,17.162172092868218,0.31777854698674,1.9654524057832568,0.539505843306608,0.06292254979147878
MAC003906,Std,Affluent,1,0.38112872180315527,2.1125081353658537,0.526700317730077,18.2723902402439,1.6490782806568474,7.485987080554249,0.17402012217119525,0.27338125630331983
MAC005431,Std,Comfortable,0,0.13438818985894035,0.9975167403202327,0.16273811662953727,6.4234730724890845,1.1239130579428143,6.8042001331853115,0.21826633932196904,0.035278064602083416
MAC000783,Std,Comfortable,0,0.12494866945004218,0.6386916308370045,0.1279814526487308,5.9621688701908955,0.9595612765482485,4.924658603251907,0.25590835841453236,0.04888751021500665
MAC004343,Std,Affluent,0,0.2631029451168493,1.025731198746518,0.21319572591539346,12.581597492757664,0.7557421564784994,3.7168684596895876,0.3091475077254803,0.11224666587775389
MAC001231,Std,Adversity,0,0.1307170708737305,0.349719354516129,0.06514396905869703,6.244367741290325,0.49304594909444815,2.632927132326206,0.426783223879045,0.02160142679471161
MAC001258,Std,Affluent,1,0.6576691898272997,1.7560283844978166,0.41330100961589544,31.40035153624453,0.6210564316708038,2.708368053635464,0.3955268969944017,0.27375432938247296
MAC002234,Std,Adversity,0,0.18110622651839614,0.7203215856828195,0.13492675227942028,8.67743391938326,0.6702762881695831,3.7046775218233288,0.3512187139427303,0.07535897906472278
MAC001064,ToU,Affluent,0,0.18976601718130334,0.48561428673469387,0.07821501336948604,9.069967348367346,0.40498460335592107,2.452651332108202,0.5006046146137908,0.059520334556622576
MAC005433,Std,Affluent,0,0.0909309653732497,0.5294672470160116,0.09699423525850774,4.352868993595342,0.9821649917242419,5.385876342436951,0.24025166385806063,0.03153914199200317
MAC000842,Std,Adversity,0,0.11972239037579824,0.5592859257777777,0.11607472002753687,5.737751110962963,0.9905701398366173,5.266484514366642,0.2175197833687897,0.0802002678311024
MAC004109,Std,Adversity,0,0.10237483235217645,0.7059539877300615,0.13126293595943833,4.899903374079755,1.2274504656090386,6.620197238189206,0.1788373625670178,0.028880938553025627
MAC003082,ToU,Affluent,0,0.09273479759038757,0.3271192660550458,0.08071072979813193,4.428085626911315,0.8474657431056467,3.5426139748715335,0.30628474983236725,0.020055897956748236
MAC000902,Std,Affluent,1,0.41920188732080665,1.3402091994065277,0.2841042410857214,20.003535612166175,0.6537956789813111,3.2301742302987244,0.33347764151824233,0.18066306267264487
MAC004736,Std,Affluent,0,0.04553148123386571,0.15637482117310444,0.02814428257001872,2.1813505007153076,0.5878839208070773,3.334505091481765,0.33306329303993687,0.011053613601560116
MAC004708,Std,Comfortable,0,0.14346188961093345,1.610216081239531,0.3009753185129459,6.877494136683419,2.285081432316493,12.82389802028625,0.09328782029559379,0.07219123297567541
MAC000947,Std,Adversity,0,0.26437718654063447,0.997773134626866,0.2514258704845241,12.642167163880599,0.9111688239290631,3.8654753491161133,0.28584573512168504,0.10134024060104166
MAC004848,Std,Affluent,0,0.1416842846097747,0.6353622656603775,0.12272631278208855,6.791315724779876,0.8255729848821121,4.29732444878119,0.2703125816692969,0.03646341326904168
MAC001159,Std,Adversity,0,0.09670103052902128,0.3104894261329305,0.05550561722932113,4.63288519652568,0.5446003777447401,3.0800526134143578,0.367771587216462,0.029073468572596465
MAC000562,Std,Affluent,0,0.07892790296681648,0.47086956536231894,0.08497195346336762,3.779546376956521,1.0456865988696271,5.787282411834697,0.1950795149699347,0.018268087801072818
MAC004800,Std,Comfortable,0,0.13269590708228876,0.7401721667144907,0.12787592398073067,6.353855093256813,1.036211591945666,5.970337516209653,0.18885465248408065,0.05784096229937118
MAC001694,ToU,Comfortable,0,0.1692296560542208,1.2153271004672899,0.2329937830012668,8.107404982710282,1.3499687669971063,7.146061027514719,0.17923887159319465,0.05272819999330222
MAC003182,Std,Affluent,1,0.4487296262039463,1.5782504667289718,0.3401846872941226,21.4532691553271,0.7189261237345285,3.4189448505541793,0.3325553179894794,0.1693462978823074
MAC000382,Std,Comfortable,0,0.16276886931590054,0.7113027780555556,0.13358285575528778,7.804744444861109,0.8234057728652374,4.387592769841969,0.2501090862645195,0.04656972142783365
MAC005148,ToU,Adversity,0,0.23344259210715865,1.0400062496875,0.23803469821877554,11.157475000937499,0.9954278798808357,4.419582935279796,0.24279220539932728,0.07963399618901401
MAC002455,ToU,Affluent,0,0.15036652150124685,0.7785752609538003,0.1455737921151122,7.197220567064081,0.8673119288053054,4.7705894505432385,0.27546482641028613,0.06534368185799802
MAC001149,Std,Affluent,0,0.09841245696586906,0.4991903320241692,0.08555143425620085,4.714812688519636,0.8636389056008722,5.084750661353309,0.2244234329706672,0.026237475285295082
MAC004313,Std,Comfortable,0,0.3032073897053968,0.6686795668730652,0.13148646490586371,14.511959752631583,0.4328341629361683,2.2027602030169082,0.4707106002740175,0.03779408323485501
MAC005049,Std,Adversity,0,0.1515402182017486,0.44683531392190146,0.09836373945373146,7.257517826655348,0.6411196582605702,2.9324816278360464,0.3605874638256176,0.021117468965980542
MAC003839,Std,Comfortable,0,0.21242323721680462,1.0224318191919193,0.22687912710136507,10.14725252373737,1.1277951362726437,5.1343081342587595,0.21875203928499257,0.09781537617004464
MAC000055,Std,Adversity,0,0.2654905569847296,0.825067482699386,0.1686520625702511,12.71003803423313,0.5803681022494843,2.9210216571531813,0.384928397165373,0.08700102120899654
MAC005037,Std,Affluent,0,0.11087888222738314,0.5481706163507107,0.10130505487173656,5.27592417085308,0.8914823138643071,4.861421258580959,0.24289072342273493,0.03346296865405661
MAC000229,Std,Comfortable,0,0.1674695142307928,1.2795722944106926,0.23525172649601306,8.0222904,1.3090554658806342,7.1974092448991485,0.1940644713224144,0.06381694015714927
MAC005205,Std,Affluent,0,0.10096199594731509,0.3295395136778116,0.06282688921367552,4.836723404255321,0.6048510809001577,3.23476721620377,0.3522250412785841,0.03604744972055553
MAC005062,Std,Affluent,0,0.13886700768284674,0.7166519612745099,0.14667478625456223,6.6313725495098055,1.0356692331108035,5.0223473700775045,0.22318384004136868,0.03203740433098577
MAC001640,Std,Adversity,0,0.12819438326380475,0.2695194401244168,0.05803778267693987,6.137116640746504,0.46493170656131855,2.1544836075521285,0.4900459757719048,0.03194492970162668
MAC000535,Std,Affluent,1,0.5772281101217801,1.4873024560057886,0.3147047599815279,27.585700440231548,0.5852642719578587,2.764979310125046,0.4595969711657556,0.4216209772759941
MAC005127,ToU,Comfortable,0,0.027101547828040504,0.10979655712050078,0.026798982695322434,1.2903161189358374,0.8869695361804887,3.571549879901873,0.365406510957107,0.018035292029156248
MAC000109,ToU,Affluent,0,0.13768732385576302,0.4826189889025893,0.09465458570965328,6.5925018498150445,0.6564152186370771,3.3708681568322203,0.33112984855140704,0.03404912978044125
MAC003123,Std,Adversity,0,0.22533191399089342,0.959585625229358,0.2028906533791939,10.79370335963303,0.8652959407071151,4.193995262789629,0.2650871907956411,0.08389657021282916
MAC005213,Std,Comfortable,0,0.24238498538746628,0.9172503295125164,0.17226246873244894,11.617056654018445,0.6967287127541594,3.760758462538116,0.2919491585285118,0.060300690583548304
MAC000091,Std,Comfortable,0,0.1312944357330437,0.4391034477832512,0.07884853370607371,6.294380541256159,0.5447944097220125,3.1385784181369507,0.3777432172241391,0.043417698773308554
MAC004698,Std,Comfortable,1,0.3275420378697565,1.2027319934673368,0.2511885594518738,15.690204353266333,0.7644007368402955,3.680877886438461,0.28037703278447607,0.04536445297801144
MAC001204,Std,Adversity,0,0.08617981115433873,0.3756600901365705,0.08503802960028287,4.120213959332322,0.938982656492274,4.168811327704993,0.26299829977573075,0.03637129733658336
MAC003177,Std,Adversity,0,0.19004101388035305,1.1963345796261684,0.2136874113892631,9.079200001308411,1.123766323861936,6.356956328382761,0.17936235050147592,0.05011939997656615
MAC000266,ToU,Adversity,0,0.12149491418599728,0.7267973144078145,0.1138402581164383,5.823957265934067,0.8790734247509852,5.678992099432489,0.23120046193417662,0.032832090029106184
MAC000402,ToU,Adversity,0,0.15122291197134505,0.5362072318497915,0.10847266802898348,7.237515994019469,0.6667772635151037,3.4021038047909684,0.3345215901561597,0.054683930201652624
MAC002768,Std,Adversity,0,0.20781717116731446,1.0691724655068073,0.19847847028004234,9.94946898623298,0.9261795797448737,5.023947206986676,0.22386938293637654,0.04102873753469308
MAC002117,Std,Adversity,0,0.0917055527652443,0.543372989710611,0.10143514064407037,4.399162378617364,1.0693496095973536,5.7661526138821175,0.21050339521156633,0.03281410799757398
MAC004209,Std,Adversity,0,0.19112953658042509,0.843986025931677,0.1704995079503396,8.926234472049691,0.8024695801207088,4.028376370571371,0.3171275091650785,0.07046130256395097
MAC004960,Std,Comfortable,0,0.24861049181447148,0.7367805197402598,0.15047611286704426,11.914640259610385,0.6039677605865819,2.960556871229451,0.3553424455934077,0.045062640756221524
MAC004268,Std,Adversity,0,0.11162580493299117,0.5542936632148379,0.105591718078843,5.346412674188563,0.9077930194696867,4.84163478951715,0.2448777748411594,0.04051992108051934
MAC003742,Std,Adversity,0,0.1032756902128816,1.0840880018,0.17740518952914042,4.943422002599999,1.670793070107326,10.274752611110808,0.1123228469293166,0.02133763558085363
MAC005363,Std,ACORN-U,1,0.3090891665613728,1.1523135147297296,0.26946442740733684,14.806793244459463,0.8656986496839979,3.783805653230688,0.2778317067907647,0.0817263983929442
MAC005146,ToU,Comfortable,0,0.19515676141726235,0.6541640626562503,0.12277929844606827,9.33967812515625,0.5616247039787605,3.1161974815275935,0.38274915079149563,0.07605360286959806
MAC002759,Std,Comfortable,0,0.2875261414201028,1.0640393347957635,0.2427075148983606,13.748927379576399,0.8346628390745618,3.705449043870754,0.2886919300283303,0.08307833585931967
MAC001004,ToU,Affluent,1,0.861147582825771,1.7444542757121444,0.2724541196743925,41.201967019940035,0.3048544748600573,1.9936149357297026,0.55626240692351,0.19947337386042951
MAC004140,Std,Adversity,0,0.0678649143886164,0.21368923076923071,0.04353837451900923,3.240967692307692,0.6466592641895469,3.0700208956085766,0.38201504548251175,0.029500882430010558
MAC001539,Std,Affluent,0,0.21305170177564506,0.9363081654853619,0.22846622423785226,10.189246533281974,1.006731744561648,4.417815482187661,0.2538201801378329,0.1391222638286803
MAC004525,ToU,Affluent,0,0.08848522387480026,0.48559950261194024,0.09380868301387849,4.2337611939054725,0.956854927729496,5.116960268565675,0.24544547936860064,0.05224544684543643
MAC005294,Std,Affluent,0,0.06979881111323033,0.44583177570093474,0.08385203612708027,3.335277703604806,1.1566685330662025,6.199869044751496,0.19070530729132035,0.021838241562203972
MAC003210,Std,Comfortable,0,0.32529977958563727,0.9655461374764598,0.21494091535550494,15.528621467231632,0.6534412827479296,2.957415486595416,0.36491296469133033,0.09089870294435917
MAC005479,Std,Affluent,0,0.1390693098697728,0.6780700727007298,0.14560261571537356,6.65376934321168,0.994036382291771,4.821898980264614,0.23285782306220082,0.05306615115951837
MAC000214,Std,Affluent,0,0.15899671125548448,0.7332148064320388,0.13696183590894573,7.6210400491504835,0.8813341269006764,4.632283208288946,0.23034084116433118,0.041321783223685425
MAC001665,Std,Affluent,1,0.5961301560896818,1.35669999828125,0.24032955128375183,28.480837499999996,0.38147167160921225,2.227711022005639,0.5046687431800647,0.18175088871986883
MAC002167,ToU,Adversity,0,0.06535566088659632,0.34444032258064516,0.0720793342904429,3.129353225645161,1.0910416989061376,5.191820346785923,0.22532664874423294,0.024193988286086605
MAC001334,Std,Adversity,0,0.057869846950790484,0.4186055042813455,0.07902548664695379,2.744735473700305,1.1986302130469049,6.003605369754946,0.27836814480247296,0.04093553046464384
MAC002304,Std,Adversity,0,0.0623512730669163,0.6576908278106508,0.11857778989678464,2.9886390525147926,1.8213095235787151,10.204933981217895,0.12283925317988005,0.02200900856725538
MAC004449,ToU,Affluent,1,0.6109521326883567,1.6670070103786818,0.376222469197506,29.251105188639553,0.600790243429241,2.7368780577059924,0.3914236564714234,0.2358776294764879
MAC003087,Std,Adversity,0,0.11166065268398066,0.3542122137404579,0.06799972194788192,5.326155725190838,0.6172740778239456,3.199837865687793,0.34186741464709425,0.036805615644033264
MAC003625,Std,Comfortable,0,0.12089485849752403,0.490548323274162,0.09375189513873637,5.779887573570021,0.7665651961033103,4.064691747405617,0.29031920324147703,0.05973778034730647
MAC002351,Std,Adversity,0,0.13678705472275948,0.3208579545454545,0.061769042077858376,6.537957386363638,0.4518465266482295,2.356611463469231,0.43910030383460297,0.018147428513861363
MAC005060,Std,Comfortable,0,0.14607489361027298,0.6222788160436137,0.11780496183133662,6.981771026791277,0.7964093344938852,4.25242017124939,0.25822030239599897,0.03175304450255975
MAC004443,Std,Affluent,0,0.18044530698290612,0.6487713880785414,0.1532698653949423,8.640106591584855,0.7906604912905552,3.5321092588829677,0.3392846691901225,0.06562344649094225
MAC003503,ToU,Comfortable,0,0.1514212725009142,0.8267937754863812,0.1662157828013746,7.234822959338522,1.0573436478347518,5.3994806189637785,0.20672593410461204,0.03936524170764801
MAC003256,ToU,Comfortable,0,0.2536881425485829,1.0672646516068054,0.234186091423297,12.159922496597355,0.8929436119554239,4.134658994543942,0.2624611719324803,0.07837507082268672
MAC004200,Std,Adversity,0,0.2643556772659738,1.4350679013888894,0.2904594269541735,12.678969139969134,1.0924665199578665,5.588065343623294,0.20146424851930658,0.09239693389619247
MAC002502,Std,Comfortable,1,0.42382518073218683,1.2013266973466001,0.26907879918474836,20.28712603449419,0.6099350949214083,2.8024474219880307,0.37510358045703907,0.14700321421342435
MAC000148,Std,Comfortable,0,0.10232568379913608,0.11362334536702771,0.005506246445501119,4.901541516245486,0.06862422234674677,1.186519677393691,0.9205612161098379,0.05676854348551993
MAC003487,Std,Affluent,0,0.13319450336957045,0.4899785990272373,0.1100802813960875,6.382340466731519,0.8155842315985677,3.629722019008904,0.29931001933902646,0.044500186684073004
MAC001273,Std,Adversity,0,0.1184703729434995,0.46830897990867576,0.10805020813727516,5.662328766818875,0.7730857898836633,3.467271545084877,0.33699928404818247,0.061257318197695254
MAC002944,Std,Comfortable,0,0.18055630310444876,0.7281008262809917,0.1544271851425295,8.65837190016529,0.8331600019837961,4.058708648589638,0.26825016129082657,0.05245712626207088
MAC005185,Std,Affluent,0,0.20406917084674786,0.7758394736842106,0.18030739753292063,9.777827632894736,0.7381742008433885,3.473498749171302,0.3702656259691733,0.15343841999995964
MAC005178,Std,Affluent,1,0.39554014210542,1.8457684171052628,0.35951887846710234,18.919922366973687,1.3435905506849282,6.85462441208253,0.19615938095502908,0.27875062297167524
MAC004752,Std,Affluent,0,0.17822937314197593,0.34436480686695264,0.05587863564618102,8.536919885550786,0.3258313211663238,1.956506255824694,0.5565232197484096,0.049571527577380224
MAC005505,Std,Affluent,0,0.11358216213183664,0.4704210524853802,0.09785329264643394,5.437090643274855,0.7680017822772496,3.854294330534197,0.3226194325345007,0.05613630302200516
MAC000813,Std,Comfortable,0,0.06700254779525132,0.20704565217391302,0.04772698730025213,3.211202173913043,0.77115025132217,3.549617382745242,0.3443664869098036,0.052105934630072216
MAC002776,Std,Comfortable,1,0.29646348285245805,1.0850756438729197,0.2688877120866644,14.192347955521933,0.9074795079344343,3.770981188347667,0.2777445783316503,0.11433756236596909
MAC005193,Std,Adversity,0,0.13362814233753897,0.4146486842105263,0.07219028539821067,6.40008421013158,0.5165902135858947,3.001128336754365,0.38185900791610156,0.025220060135788862
MAC001344,Std,Affluent,0,0.03759753477905074,0.1693593272171254,0.03792022633875546,1.7987706422018348,1.014775782103186,4.546483722310707,0.24079290298761477,0.008740582213085395
MAC004581,Std,Affluent,0,0.24150699086005156,0.9410000001256283,0.17203637121525756,11.571047739195981,0.6607227513549161,3.735320298024512,0.3115427196681531,0.07462293380528778
MAC002380,Std,Affluent,1,0.44953775665070445,1.6594442750371472,0.37739596796735597,21.533071317830615,0.823921562815745,3.6878281043874885,0.28845678328728924,0.13621827119093957
MAC002753,Std,Comfortable,0,0.09219499728987356,0.3415733741301059,0.07431455617734448,4.402922844629349,0.72522779176477,3.514662794408595,0.31262883723683965,0.040248175839613945
MAC005141,Std,Comfortable,0,0.16489564160014009,0.5325750004687502,0.1058470610316234,7.86831875046875,0.6320785947626673,3.221001791289737,0.3405341388409127,0.055803039071133945
MAC003459,Std,Adversity,1,0.40637659032686,0.9780503864341084,0.22115309987802131,19.436556198643412,0.6234970227460637,2.747615479642853,0.4052821540797161,0.226400719061609
MAC002908,Std,Comfortable,0,0.18834228594204988,0.7775255352553544,0.17683960826808165,9.022416806589789,0.8976868695899282,4.277930048023636,0.2608263361265189,0.09277722654352161
MAC002295,Std,Adversity,0,0.1784076784638752,0.6765539150664697,0.1498501556330903,8.54439438788774,0.8101552844706972,3.683603021393256,0.3181250905277126,0.06648438993479312
MAC001763,Std,Affluent,0,0.06795864205511493,0.2274829353242322,0.041741860698816004,3.243312286860068,0.5361899763804845,2.9349525422337153,0.446488306535574,0.020727724298976867
MAC000943,ToU,Adversity,0,0.15110718416832067,0.494379104925373,0.0960660561313423,7.224392537761197,0.6292119283066401,3.2112067252948835,0.3441628711422224,0.030470318034280446
MAC001294,Std,Affluent,0,0.08633273857791876,0.5349086764079145,0.10158158431033443,4.123302892694065,1.1464011972788242,6.035449784506704,0.19685573302225054,0.0364941498143544
MAC002618,ToU,Adversity,0,0.1755077444460199,0.7820853288922154,0.15561101345338632,8.39088323263473,0.8617482219678919,4.38684037425907,0.2529467749826603,0.050951812539809155
MAC003460,Std,Affluent,0,0.15680733464679888,0.6865290715116281,0.14627100252423716,7.413517443217055,0.8286635454153336,4.058291861996584,0.3110556102843273,0.08119448169026544
MAC002580,Std,Adversity,0,0.06378850295508276,0.2924650000000001,0.06557354170312826,3.0545216666666666,0.9345221865302604,4.6544646189400085,0.2739869680049861,0.05854594201093474
MAC005463,Std,Adversity,0,0.12671315171750086,0.6034598543065695,0.12033737442039072,6.072884671386859,0.9080408008726945,4.58594258669148,0.2617129459168544,0.04739540389372549
MAC002093,ToU,Affluent,0,0.07881002101891324,0.24138461538461542,0.05531411164471779,3.7814965034965025,0.6990905102127406,3.7860297287971414,0.36060773849955247,0.07433077958362012
MAC001300,Std,Comfortable,0,0.20624066065371566,0.9506,0.19075826072294594,8.7405,0.8839660803216443,4.381012981176537,0.3000766060537555,0.06447401122551075
MAC002658,Std,Comfortable,0,0.17649989751214815,0.5517541229385307,0.12396466743347695,8.435805096851576,0.6854387827557613,3.0772294222935925,0.33992598845662686,0.04457054940436458
MAC003161,Std,Adversity,0,0.152114902016844,0.7045123954545452,0.13186609650019943,7.250318180578511,0.8218651516561939,4.433163188655225,0.2764334480094332,0.037099343866983166
MAC005258,Std,Adversity,0,0.1930233052141229,1.0608010606100797,0.2357303869720098,9.240576923076924,1.2013437837330394,5.421216611788893,0.2024432645865809,0.09832606725355571
MAC002857,Std,Adversity,0,0.10896735206906534,0.39530151484848486,0.07024418568955261,5.2108106054545456,0.6035053341745303,3.4402519564605876,0.35267278363475446,0.03581961282367665
MAC003631,Std,Adversity,0,0.09833350510318682,0.3152682445759369,0.05121258256154615,4.706033530374754,0.5143225756227979,3.186539505271959,0.3564525746302237,0.021486377057212333
MAC001131,Std,Adversity,0,0.21896536191230906,0.6040135953172204,0.10320170585661832,10.487296072054376,0.455279373552494,2.697621962738592,0.4111489227052733,0.036152373555353945
MAC003547,Std,Comfortable,0,0.2568378634812613,1.3750333347058827,0.2995173176247304,12.307045099999996,1.173653821230224,5.490029504273493,0.19729830751673982,0.08004628405321089
MAC000082,ToU,Affluent,0,0.08271160078658835,1.0709078636363634,0.1807095520030741,3.9605614259213757,2.0023403978362233,12.158233901102848,0.11305357464688844,0.044867938179918875
MAC002616,Std,Affluent,0,0.12508798590846523,0.7227200600299403,0.13652178129190196,5.993989521706588,1.0324216730838125,5.3919606351163205,0.22445936922713666,0.05719186005898256
MAC001309,Std,Adversity,0,0.0006941374491869917,0.010132621951219514,0.0022665397359153557,0.0333185975609756,1.4378572889532044,7.8347123914635555,0.23359371535434872,0.0026788845242978416
MAC005155,Std,Comfortable,0,0.21933264828403778,1.1096874995312507,0.23125845894521171,10.494693748906247,1.0149637235167817,5.02951641486006,0.2212274624665247,0.09108113864561762
MAC001108,ToU,Affluent,0,0.13800903850566384,0.5259803622356494,0.09498085166246185,6.594429002567976,0.6659071546054822,3.7173185790258083,0.29914170762054904,0.025501284708379042
MAC002490,ToU,Adversity,0,0.11272247562004231,0.27293864013267,0.058133663832095096,5.383477611940298,0.5346774503565678,2.4563140133956702,0.44048418009484647,0.026281463596720556
MAC004194,Std,Affluent,0,0.12443954823954007,0.6247015384615383,0.11949294497915723,5.961181538461539,0.9343791981166485,5.025360086649558,0.21835399345976023,0.035899224719348234
MAC001002,Std,Adversity,0,0.0457267590262737,0.09359730538922158,0.01667779053281085,2.182634730538922,0.31357868644830694,1.842899465336131,0.6308106263653748,0.01648510668120555
MAC004987,Std,Affluent,0,0.3582827419934352,0.9099582782268578,0.1361790504027321,17.159627117992176,0.38073786203831106,2.539193418191528,0.4291478940487536,0.08444868263371585
MAC000659,Std,Adversity,0,0.20343932890729916,1.0173498559766765,0.2343657801356809,9.745371722157435,1.1542799531777979,5.068089582847184,0.22106468720754655,0.09176024599728211
MAC001844,Std,Adversity,0,0.11325896802756684,0.6135402846761455,0.11866576954938636,5.401924170774092,1.0039222571642283,5.204535677573742,0.2262600834326472,0.026049273031093122
MAC001477,ToU,Affluent,1,0.3387073641311369,1.7858682147286822,0.4182781139774019,16.235403090697677,1.2353175333069453,5.308037318153813,0.1973726030751423,0.05395891147953099
MAC004130,Std,Comfortable,1,0.38821326845841975,1.0255168707055216,0.17410667239310182,18.587072086656445,0.4405967659950459,2.5982765891738753,0.42913341369697894,0.04981328577401565
MAC005063,Std,Affluent,0,0.3042128444842348,0.8275950155763239,0.15621159139492904,14.529571650934576,0.5265853675476837,2.775421163041718,0.38267934199665715,0.07862799945870441
MAC002340,Std,Affluent,0,0.12869622683794252,0.7007559187869822,0.14220435369308057,6.053071007396449,0.9651867339622499,4.997031555091712,0.23680611961393166,0.08475868522760216
MAC002880,Std,Affluent,0,0.2220852346902876,1.6735213154098358,0.33300911425736546,10.627250822786884,1.6419266551770266,8.475584161543079,0.14654974193494727,0.11751580943099943
MAC005316,Std,Affluent,1,0.4404874343840421,1.4814095081288343,0.31607568070827774,21.10879754877301,0.6760156150780104,3.2886355664427733,0.33199469754459937,0.15411819532171872
MAC004858,Std,Affluent,1,0.6103263060259745,1.96942767408805,0.4859006389368938,29.258822637232704,0.8241599008428354,3.402652942388265,0.31946560090511583,0.23723016333832492
MAC005071,Std,Comfortable,0,0.10329815482180989,0.30925272995319814,0.062315083894931574,4.947418096567862,0.5969467032588827,2.9986470863429586,0.3575564404808325,0.024188643372864346
MAC003102,ToU,Adversity,0,0.06942988624209041,0.41494954082568813,0.07379090840507749,3.3224380727064218,0.9018171685076947,5.253133489732063,0.2738650302398952,0.03326121361413796
MAC004860,Std,Adversity,0,0.08397029639405469,0.27128589420654914,0.04652137819060794,4.024365239294711,0.5387230171373332,3.139826344155264,0.35739150546207543,0.011577015003884103
MAC003222,Std,Comfortable,0,0.24075785355127488,0.7056101713747644,0.12996478592782867,11.496521659322035,0.5498084547423999,2.9707568835655955,0.3796084398056708,0.06848375478365284
MAC001368,Std,Comfortable,0,0.08903631388666265,0.4306483178899083,0.08063479846090597,4.254071865290522,0.8895983881889591,4.769484270936322,0.23912259498599922,0.026477732974215167
MAC001445,Std,Affluent,1,0.38894695551260544,1.4476969213846156,0.33924871718228367,18.631058459846155,0.8678813371241273,3.765419197095213,0.2758734561221677,0.09492370739425747
MAC004459,Std,Adversity,1,0.3993528114047028,1.3602190611386136,0.3012030081258663,19.127418316584162,0.7301203535542571,3.3961652735395473,0.3139419225743208,0.12192093023790133
MAC002052,ToU,Affluent,0,0.04758361047736012,0.3743119998399999,0.07470919453147774,2.2814495998399993,1.5474734513970565,7.9514532220859895,0.15269462470871514,0.02160461417998959
MAC002723,Std,Adversity,0,0.24921726252644838,1.0546057401812687,0.16970973955377533,11.937354984894261,0.6743053373191501,4.217325049085878,0.27603434296467416,0.053157891823576636
MAC003318,Std,Comfortable,1,0.3258440653571732,1.0462963650095602,0.2222873367968199,15.550030594263864,0.6704963396512009,3.2508498684732716,0.33719181340414733,0.14230266307808548
MAC002946,Std,Affluent,0,0.05142111687818709,0.2471140497520662,0.043109313574301124,2.464766942314049,0.6792334765934072,4.029905384186225,0.3711350037243926,0.02332303083702493
MAC001384,Std,Affluent,0,0.13783013095600402,0.6298195706422021,0.1326697729777352,6.583162078134558,0.918834218427501,4.445511370472573,0.2684191702843269,0.060919614412758845
MAC003958,Std,Affluent,0,0.2561767289485699,1.041695363245033,0.22026479317126121,12.280509935264906,0.8286134774591384,4.067350380459563,0.2780489149032271,0.09344146129221392
MAC002163,Std,Comfortable,1,0.6234006795670683,1.8008822596774192,0.38814891008551505,29.82173547499999,0.6625375644231275,3.096445822108222,0.38252592374445377,0.2983812645993193
MAC002327,Std,Affluent,1,0.30822796709577127,1.1544363914201181,0.230712590059927,14.748502961242608,0.6932386489040108,3.6016453530378136,0.3093849742411237,0.11860868343523306
MAC003648,ToU,Affluent,0,0.2062603781580942,1.1620019762845846,0.23504008776980723,9.80249209644269,1.1011028947639059,5.58460153498527,0.20337508881438646,0.08812243740833428
MAC005227,Std,Affluent,0,0.20982482947141368,0.8615330683862433,0.18610023497402273,10.05687169325397,0.8495653998543478,4.164538757807478,0.28180651685486824,0.11867085851221007
MAC003108,Std,Adversity,0,0.19095472380469,0.6143282438167937,0.09365313362085936,9.145967938473278,0.4837947201227103,3.188513718886501,0.3664342635784698,0.031165667103311156
MAC004890,Std,Comfortable,1,0.3964676623933339,1.330856594494238,0.2759755572420817,18.986008963124206,0.6764001171997063,3.3593950162503203,0.31813519709439914,0.12274187245062793
MAC001766,Std,Affluent,1,0.7751605618488664,1.6930963639810428,0.2963727572908225,36.965821469194324,0.3792674165561247,2.1843715126041734,0.4769864481595419,0.22568411302190683
MAC004907,Std,Affluent,0,0.10821338582587295,0.6881315793421051,0.13388197793199713,5.051518421578948,1.1343677566639985,6.068616927379411,0.22639745639707795,0.03224378135686921
MAC003886,Std,Adversity,0,0.10002587544326245,0.5506117886178863,0.09971600821769754,4.789345528455285,0.9530575052559157,5.34042517748127,0.21893773260445717,0.019551943912002108
MAC002367,Std,Adversity,1,0.3413628074304882,1.5349287829376856,0.34095589652723,16.341403566765578,0.9911985617219119,4.59224391980249,0.23955487069833564,0.14778330347939736
MAC000953,Std,Adversity,0,0.1133794663649836,0.298044776119403,0.056415213121268015,5.422800000000001,0.48627269270840584,2.5864013564405615,0.417616203283126,0.014951304493241712
MAC005217,Std,Affluent,0,0.08239915844567583,0.4064907649076517,0.07715607760208365,3.9469881263852247,0.8583612275383313,4.55773860945149,0.26700819841738094,0.03748153655654094
MAC002072,Std,Affluent,0,0.035937097869007104,0.16862719984,0.02929724644742467,1.7205151998400001,0.7774972163047135,4.113637938463783,0.3085675912679241,0.03897440965623562
MAC002262,Std,Adversity,0,0.1395859632075387,0.41271386430678475,0.09303789954523443,6.688466076696163,0.6659517906954668,2.966636582463276,0.3456583917249246,0.020273475007942823
MAC004906,Std,Affluent,0,0.09162064970968434,0.3150592782216495,0.0583045767948519,4.390988401932989,0.7977950103447546,4.11096040104972,0.3246088936565132,0.04172531961675525
MAC004774,Std,Affluent,0,0.15444660147654646,0.6054942687679084,0.11540564287728776,7.352027220200574,0.7360610400273523,3.8690657333627967,0.2859663483235297,0.037707579236361546
MAC001799,Std,Adversity,0,0.08580600376133608,0.3219699842022117,0.0701459111434888,4.101906793048974,0.8039517009586611,3.7076248597323724,0.28444817774980047,0.01351944365467393
MAC003668,Std,Affluent,1,0.772549200941096,2.3482325998011935,0.5932160473718232,36.954697820079524,0.7715124778297704,3.0924295481966926,0.3385973657555219,0.20658573443261827
MAC005537,ToU,Comfortable,0,0.15310255747752896,0.6199883042397661,0.14114747959402693,7.326483918274856,0.921526306830011,4.2002535798948895,0.2823440721282402,0.08492724389999193
MAC003847,Std,Comfortable,0,0.13004563440651812,0.5477591091093117,0.09312945522713448,6.230886639676115,0.6943799892198514,4.098897183772372,0.29027026355676094,0.026278834419804373
MAC003836,Std,Adversity,1,0.38177615606839677,1.5554080818181815,0.35617183946028685,18.28981818181818,0.9331033972898398,4.160403403692577,0.26461670566585255,0.14207748031685122
MAC004071,Std,Adversity,0,0.2857752322972189,1.0118782291512916,0.25110994515811413,13.624859776752766,0.9887027942411942,4.014051713375761,0.298947024971163,0.15937375798951914
MAC004946,Std,Adversity,0,0.14066656743522302,0.48056217655440403,0.09470908550553753,6.737843264637304,0.6535537644636713,3.309182004534115,0.3351358303151872,0.0355272066529316
MAC003408,Std,Comfortable,1,0.4486492259141324,1.7882611210831718,0.3852769948147133,21.463531912572538,0.8396588143332677,3.982234307077781,0.276973479271352,0.1346591813841953
MAC000262,Std,Comfortable,1,0.3549408436305876,0.9933626377289374,0.19651324058553965,17.00596703223443,0.525232337402085,2.745401196323729,0.39773966482671513,0.10600897764735291
MAC001410,ToU,Affluent,0,0.2098366404949741,0.7844379784073505,0.17343372863821716,10.038517611179174,0.7569937009163326,3.5269296781704305,0.32618491612346634,0.09017538487322249
MAC005077,Std,Comfortable,1,0.397248580993648,1.8884800004705884,0.3947480162467184,19.04226352494118,1.0424609774773737,5.166555943047132,0.2261848339296014,0.15734581602647155
MAC001164,Std,Affluent,0,0.27586131914131845,1.165140482779456,0.2501731896022201,13.16739727915408,0.9058660888112856,4.3969090581105394,0.2531436430144787,0.11802199565937842
MAC000478,ToU,Affluent,0,0.24022019999955407,1.064832394366197,0.20909992776939276,11.489670422112678,0.8568974901060968,4.391729598388293,0.25069854100337174,0.06034640748588241
MAC005473,ToU,Adversity,0,0.06072031178235662,0.3741635030656934,0.06657157441621933,2.9108496344525556,1.0184008433342482,5.701045924085408,0.22826781068279803,0.016798861162974958
MAC002055,Std,Adversity,0,0.09791474017669406,0.48226121778846137,0.08311091465519127,4.69473397419872,0.8281069038411232,4.791693330061506,0.23663794836861848,0.017420862950168287
MAC003856,Std,Affluent,1,0.7167056006174292,2.122688259514171,0.4990490624909269,34.2624251097166,0.6880476137047413,2.9615347427175935,0.348906113655973,0.16769023300195185
MAC004993,Std,Affluent,1,1.1129355476632414,2.311332898694517,0.50820700365038,53.34442559647519,0.5132025639281891,2.2059105063733986,0.5230621381686009,0.720881542002473
MAC000255,Std,Adversity,1,0.36037774059835564,1.2732399520097446,0.2385132782771287,17.275915957978075,0.6426105181305235,3.451857872135274,0.31265510409077346,0.06319655609152897
MAC002543,Std,Affluent,0,0.07258292916408526,0.351981697171381,0.06736235860306612,3.4791930118136434,0.758073546561208,4.057520070457769,0.40712481774142134,0.040824637751784305
MAC001552,Std,Affluent,0,0.1361504451682115,0.38666358040123444,0.0709688373082659,6.519260802623457,0.5136968085549238,2.8871272264515793,0.4304583269600959,0.07782930892171315
MAC002091,Std,Affluent,0,0.1006961110963291,0.6332788464743591,0.12884389672311403,4.82682051474359,1.2003762030298135,6.366331551142608,0.2088315621665857,0.09544725370796132
MAC005008,Std,Affluent,1,0.31814465566887246,1.8939359460130714,0.441495251492771,15.243856205620915,1.6365196585084667,7.768844645981242,0.17494558104113275,0.23404405124874347
MAC002228,Std,Affluent,0,0.08924409195786819,0.27436771300448437,0.05559332861056385,4.276545590582958,0.5237956738557826,2.7322940023668516,0.46027493215370435,0.05201988842266418
MAC002551,Std,Adversity,0,0.19739605134301383,1.081126456738769,0.21270730565595317,9.454094843926791,1.0277628377508072,5.360806650971,0.21660466571421108,0.06927645636910083
MAC004762,ToU,Comfortable,0,0.06228338782031742,0.3134255014326648,0.0634115506215235,2.985982808022923,1.0106848797842405,4.970340949029992,0.22547940362060093,0.01964862619646895
MAC004207,Std,Adversity,0,0.3117617372898644,1.1876955156105098,0.23496306445588802,14.932530135239569,0.7280051263518155,3.728536015473175,0.2936116387561515,0.0721782317490631
MAC003047,ToU,Adversity,0,0.1375971745656794,0.6966798780487807,0.14560678645717567,6.593347561128047,1.0216613671194907,5.0472314181382965,0.24236161485745572,0.06427481107561649
MAC003639,Std,Affluent,1,0.39244487764154373,1.746861658695652,0.3756870818276999,18.793703552173913,0.9484161034916804,4.468673478569292,0.2560730822918677,0.10228384672847132
MAC000344,ToU,Affluent,0,0.07200799501844822,0.30659034482758624,0.06531507273238113,3.4426606896551717,0.9111799005278552,4.284104702471645,0.23979271917706615,0.006881676637038408
MAC000690,Std,Adversity,0,0.17024725833313864,0.7166251831625184,0.13193869129186506,8.072944363982433,0.764655700330647,4.040446558649535,0.2968275281506852,0.09840171990061337
MAC004782,Std,Comfortable,0,0.09398817579386992,0.56358680143472,0.10946574916179355,4.505457676183643,0.9909257057092014,5.022990292814475,0.3080106583672139,0.05101723198797375
MAC002130,Std,Affluent,0,0.12256418589615886,0.8631897115755627,0.15753254274458375,5.872861737138265,1.256124756118453,6.947516461328565,0.18210388596633106,0.05285475393017523
MAC002856,Std,Adversity,1,0.3132117580184231,1.276956063484849,0.3291792642254007,14.981803033787884,1.0221792150815112,4.2172551012365895,0.2618884953785417,0.14366170367275666
MAC000062,Std,Comfortable,0,0.24328408722629621,0.7243509200000001,0.11782275857243682,11.656703067239269,0.471719470507427,2.910849854110193,0.3829698992583705,0.037896873260361036
MAC003902,Std,Adversity,1,0.5775836509425505,1.8088861750000005,0.37510735727186645,27.369603650609754,0.7334247473957652,3.53545862702627,0.32106159445322247,0.3008620128574003
MAC004625,Std,Affluent,0,0.05664594171376455,0.1577646078464107,0.03683279730444697,2.7121101838063435,0.6132644543135362,2.515019176492388,0.4584277602482996,0.03078952007877703
MAC002518,Std,Affluent,0,0.14244393308457076,0.3647720464226289,0.07425073072357566,6.819560731946755,0.5267426842916707,2.546326755242164,0.42255784982382366,0.03096699466587989
MAC002178,Std,Adversity,0,0.15576525008686182,0.5479805825242717,0.1210293059799447,7.466155339805823,0.7714785053583624,3.5688737800095516,0.29099920953345726,0.040145239587659476
MAC002823,Std,Adversity,1,0.39494050187102897,1.492836368030303,0.30110394331616286,18.92358485227273,0.754359248722639,3.767507924588538,0.2814395172558712,0.08597934808944303
MAC004792,Std,Adversity,0,0.11423752399082016,0.49704878005738884,0.0962106533166921,5.472773313916787,0.7875325069316877,4.201671343391663,0.28715453364872967,0.03499423650548
MAC002780,Std,Comfortable,0,0.26069620059485377,1.15756883494705,0.210505160974214,12.443378211951586,0.7847485284090114,4.3697337491530694,0.2571701047025129,0.059882295519917784
MAC002545,Std,Affluent,0,0.057847964014216054,0.13642658730158733,0.024530553254384378,2.7711130950396825,0.4011072158688361,2.2095099654931176,0.5473892663774815,0.016503582500720468
MAC000685,Std,Comfortable,0,0.11466432563843465,1.3566588576866765,0.23701566100365445,5.4943323566617845,2.1169951898710386,12.61181015352314,0.10468125444021799,0.051038311426892344
MAC000040,Std,Affluent,1,0.5558498063911873,1.5090698530637254,0.30345402256789267,26.63879289411766,0.511896439075482,2.6680389964901985,0.3969193870171855,0.18972802991081147
MAC000896,Std,Affluent,0,0.2236807552775142,0.9814658761127596,0.18944632190631733,10.718112760385754,0.8332601008446582,4.3787807084413695,0.2547362805551006,0.05569450085635261
MAC004622,ToU,Affluent,0,0.29527612726996244,0.9833989969949916,0.19228166261583704,14.140130214524206,0.6540830207448028,3.3716885331942357,0.31772251766911125,0.07847677198330462
MAC000414,Std,Affluent,0,0.13206162538709468,0.3522176966292135,0.08221641725666327,6.212706460674156,0.5989841201254836,2.637464638105644,0.40357094545481054,0.06252323867374864
MAC001441,Std,Adversity,0,0.11595840173303366,0.6289341505359877,0.12011244849712228,5.555136294640121,1.0114416617880775,5.321442633757858,0.2161232185342685,0.036606927459154226
MAC003931,Std,Adversity,0,0.0676797365798274,0.28467446808510644,0.057364128872919085,3.2347191489361697,0.8603305189768464,4.248317053691222,0.267824586973488,0.017800799518223272
MAC004081,Std,Comfortable,0,0.1410643140914943,0.4971439509954058,0.10181180348718379,6.748851454823891,0.748978391495661,3.535232450951981,0.3094673848281849,0.042253520403979825
MAC003053,Std,Comfortable,0,0.17726018784596095,0.7593490855182927,0.15297108112256974,8.489426829268293,0.8336723982488246,4.180400641457425,0.26865589120820527,0.06263472815651555
MAC004183,Std,Adversity,0,0.22137173967719936,1.0777935303543917,0.2732366941102454,10.561072421879812,1.243305606232205,5.070365517226102,0.22020016323512004,0.09310021398177848
MAC001029,Std,Affluent,0,0.2314735123465193,1.0504200282511211,0.2216154835957421,11.055573990881909,0.9226371940847633,4.594452537074844,0.24272622453967221,0.10815265406588251
MAC000419,Std,Affluent,0,0.14856298752630898,0.43691420534458497,0.08251143941895539,6.9794599156118124,0.547015949055179,2.900981600636145,0.3876522985847812,0.045001213089573604
MAC002002,Std,Affluent,1,0.7068611332575598,1.6095445877388534,0.3498098418234099,33.822703816878985,0.5415214229541663,2.5078429944468503,0.4315728049721089,0.43805662922652533
MAC003728,ToU,Adversity,1,0.3608386687240706,1.1116439978000003,0.23365082542347898,17.274379991800004,0.5879129253882882,3.014420701908271,0.3635916360795765,0.151144312050877
MAC002741,ToU,Affluent,1,0.5386483191631444,2.266144795776772,0.49065935136557454,25.79578733001509,0.9110840520742846,4.320260484942147,0.25775299530159596,0.2438009554886105
MAC000801,ToU,Adversity,0,0.2819178551667143,1.3079970409763313,0.269732708880522,13.490457099260357,0.958748023272205,4.69954533368835,0.22924410364048062,0.06701001178456042
MAC004508,Std,Adversity,0,0.1138283345332292,0.5893221407960199,0.10528447894793873,5.4572649268656725,0.8702943930799802,4.843874646088099,0.2674955829612425,0.027964186767175787
MAC004416,Std,Adversity,0,0.12191314920860583,0.4924677869747898,0.09380767023346648,5.841211484453783,0.7645495596744952,4.0310816600543795,0.27151952059501805,0.025633281406715218
MAC004375,Std,Comfortable,0,0.12838907121863405,0.709596930962343,0.14698990916916269,6.156997209762901,1.118573844698678,5.519485519941957,0.2140261780349437,0.06411470919104631
MAC001604,Std,Adversity,1,0.31390922862809606,1.3250433424148604,0.2633405980689174,15.005904024148602,0.8161590520624717,4.189846444878572,0.26942513283224107,0.08178152226137068
MAC004917,ToU,Comfortable,0,0.29880192704109837,0.8879206772431734,0.17129317030219304,14.1311807526658,0.5530003817104583,2.8786237109987534,0.395714023465979,0.08856489946938666
MAC002296,Std,Affluent,0,0.25492496917528973,0.8228035454948301,0.2224170667895461,12.194567208862628,0.8161830738344663,3.278802173073031,0.34565816577767183,0.1582853473247823
MAC001052,Std,Affluent,0,0.24516410520225693,1.0142080833832334,0.21780591334264354,11.686814371107785,0.8833800091578087,4.170324280661719,0.2562599093174227,0.06173107600109709
MAC001142,ToU,Affluent,0,0.0879890731187651,0.3218154311649017,0.0697299911755772,4.20672768547655,0.70835116151292,3.3759246615875598,0.38862701949000117,0.03687968159416584
MAC003303,Std,Adversity,1,0.4226536034053986,1.7141583959923663,0.403224572004344,20.225272897328246,0.9509521220680728,4.094048701238897,0.2529647992577147,0.08325675254159198
MAC003134,Std,Adversity,0,0.17347325943377453,0.4318045801526718,0.09192084449102422,8.307212213740458,0.5015105107183894,2.4192672583791412,0.44592839413103197,0.05848810914050358
MAC004996,Std,Affluent,1,0.6547074561426481,2.0336879892950392,0.5193764059599373,31.38036813877286,0.833672544924894,3.4253797142963767,0.3506096992817695,0.30971703339757933
MAC001051,Std,Adversity,0,0.07494638454096313,0.43522911024258754,0.08548376252353918,3.5722291107816715,1.2982467998259513,6.824447815787844,0.21458669811621617,0.06021077298508286
MAC002774,ToU,ACORN-U,0,0.133256372518008,0.674674490453834,0.15170344092189533,6.383502344757434,1.2117419818736228,5.551142527880741,0.22571107785888672,0.08628033798498168
MAC001158,Std,Affluent,0,0.15944105599186043,0.6562099992499998,0.12463431362780739,7.6413599995000006,0.7601788206909412,4.031416691126707,0.2874528247242246,0.04765216044230829
MAC004959,Std,Affluent,0,0.23946566071379383,1.1181311683116884,0.2566865075711578,11.464128573766232,1.085219296140583,4.822950927947083,0.22216298419708896,0.08882262962700596
MAC002754,Std,Affluent,1,0.34217329726831075,0.9969364599092286,0.2056398932792728,16.35943419107413,0.7907354545025884,3.8562483317759444,0.3248930409920248,0.24565538869301895
MAC000386,Std,Affluent,0,0.23892312076884825,1.111418055,0.23191530904021918,11.450548610277776,0.9971618418492973,4.810370770825084,0.22515515227640712,0.0719533160341903
MAC001781,Std,Affluent,0,0.2527561088491938,0.8931908517350158,0.18019451446551932,12.100438485331232,0.7004967439113151,3.516109307673475,0.3118581365384482,0.06822398939377772
MAC000042,Std,Adversity,0,0.19355737528580272,0.8922144605392157,0.16430513580178951,9.280196077573532,0.8718631579709469,4.735879820779584,0.2617029694945959,0.06642042232739666
MAC002361,Std,Affluent,1,0.6416330200222692,1.5257121646884266,0.3363469894121849,30.672454008308602,0.5178832806332458,2.392174685368473,0.45096948416741933,0.20662978465008913
MAC000784,Std,Comfortable,1,0.3365805761209789,1.2289265797356828,0.2608150685609286,16.081120411013213,0.752682480099075,3.632555889827207,0.29826872527962706,0.10976180935733036
MAC004305,Std,Adversity,0,0.12936966487860346,0.4550278199381764,0.0886422117788,6.169072642040185,0.7937461972864249,4.284151155090896,0.29647909046974835,0.11346817179266623
MAC002572,Std,Adversity,0,0.038774037751182044,0.14164166666666667,0.028464590682845743,1.857916666666667,0.6784835820599548,3.217370890100097,0.42956436616939925,0.015367238633414854
MAC000274,Std,Affluent,1,0.73612542522958,1.8251723727383866,0.29380198385745077,35.211699263202945,0.5134193757325377,3.1472760514075455,0.4006320283482111,0.3679466789410355
MAC004223,ToU,Comfortable,0,0.06202047243830585,0.32178516213292113,0.05685220137537203,2.9698531683153013,0.8497704185137964,4.759851095203624,0.2614911788813959,0.016911407280034266
MAC004948,ToU,Affluent,0,0.10172405002555072,0.4271023319948186,0.07833782016837725,4.868068653238341,0.7209196162650113,4.052810755345362,0.2990571507163758,0.04588866806923905
MAC001362,Std,Adversity,0,0.05431279500429046,0.517906727828746,0.0851755321606132,2.5910519877675835,1.575949675802232,9.607725479255642,0.13624260712506306,0.012562202880117992
MAC005508,ToU,Comfortable,0,0.22068395480516637,0.7850730983918127,0.17788780270523147,10.558263156871345,0.8144255100391533,3.634942733264536,0.292228128958388,0.06470730204241376
MAC004515,Std,ACORN-U,1,0.37105308308349993,2.168854479353234,0.5036924880284706,17.65242662052239,1.632542336944118,7.706065810553294,0.16687618453058958,0.2534382483214062
MAC001579,Std,Affluent,1,0.5013383706483487,1.6447693492260056,0.3212645411588928,24.02347832337462,0.6258292377688714,3.249872492084775,0.3289331343927942,0.1104230586052194
MAC000576,Std,Adversity,0,0.2547871888821281,1.433582608115942,0.31608476855657464,12.200656523768112,1.2359217651242527,5.702154482476072,0.18846100834503685,0.0741965755493824
MAC005164,ToU,Comfortable,0,0.18881675689714272,0.6756744910798123,0.1411394490007697,9.019712049765259,0.7461941602814557,3.572078807536922,0.2999961166466008,0.04245851972835316
MAC001349,Std,Adversity,0,0.02885026444201977,0.0763730886850153,0.010552495305138977,1.3786284403669722,0.28981002804421535,2.265865963903459,0.6863665067525724,0.00806419330601549
MAC003204,Std,Affluent,0,0.14905351903545339,0.3979662288930582,0.09585601131306686,7.051515947467165,0.6480445717744574,2.687936777358673,0.38503874479239186,0.03085146328586141
MAC005020,Std,Affluent,1,0.36970781859913926,1.015705109567497,0.19343925803066817,17.69212188623853,0.5123523048442458,2.7627433230314384,0.3947372896715342,0.10749874092105306
MAC001161,Std,Affluent,0,0.1347477561309208,0.4929604263318115,0.0916829187475195,6.324121765753425,0.6647524397767322,3.591001138552023,0.32149939443888037,0.020178209662208374
MAC001281,ToU,Comfortable,0,0.07252740913120567,0.27447448979591843,0.050444730936741414,3.466512755102042,0.6768009927343029,3.3856143967635544,0.34336193345752875,0.04062602215102842
MAC001538,ToU,Comfortable,1,0.4283376521726006,1.2692280432973801,0.2381545978181515,20.46951926178736,0.5497129189557985,2.9539669464485416,0.3620035963105073,0.09478085138839115
MAC003126,Std,Comfortable,0,0.2721227409947243,0.8706100918960246,0.17325025368963093,12.98945871590214,0.6313873848918979,3.191699043646927,0.33416260900803185,0.05517890574938149
MAC004496,Std,Affluent,0,0.07292901501263382,0.531202304993598,0.1012683529287234,3.4851664531370043,1.2839486775192768,6.804633815465636,0.18676649351672978,0.037193420550923534
MAC001308,Std,Comfortable,0,0.20979411303387147,0.6964520544901064,0.12123233127756028,10.050079147184174,0.5384267601390009,3.1589304288328277,0.36827682273513296,0.06859472452208144
MAC004383,Std,Affluent,0,0.1840894506604293,0.6508382149232916,0.13324059709735794,8.823564853417016,0.6886605450348491,3.3992508012397864,0.3364628526672024,0.05610630338772411
MAC003853,Std,Adversity,0,0.12515664838936028,0.6881234815789475,0.12404637985391899,5.988342104858299,0.9413328603964398,5.2339986073243825,0.23754317217516377,0.03681859391578317
MAC000270,Std,Affluent,1,0.39760356407355446,1.1066312588522587,0.18426053694859532,19.04498046581196,0.4499313321368445,2.7563907559439067,0.38718461936081966,0.06108456133012895
MAC002031,Std,Adversity,0,0.16388422468841257,0.7801470576923073,0.1426325274132964,7.8383303156108575,0.8734618056697909,4.880415940223521,0.22714668041946726,0.05257247199734839
MAC001176,Std,Adversity,0,0.07833846858047966,0.246273413897281,0.048093677125081793,3.7339622356495474,0.5846645914005402,3.048400135942293,0.38514123543737444,0.02235652797111502
MAC001193,Std,Adversity,0,0.1848140644263354,0.591709091060606,0.11246259415803203,8.833531818333332,0.600858467588349,3.18014111984311,0.3358381198200121,0.04162220688814887
MAC000261,ToU,Comfortable,0,0.15391689987913867,0.5207619048840048,0.09760170727666287,7.376291819536019,0.6141850057161045,3.302861639287628,0.3353784382987143,0.031498353984487845
MAC002473,ToU,Adversity,0,0.15869753121690847,0.5689930875576035,0.13821176399766494,7.597458525576034,0.8606913430687033,3.690220529732879,0.3053276308470148,0.06512323152806938
MAC000412,Std,Adversity,0,0.1710848470522512,0.38928511250000003,0.0765518223430973,8.175831460814605,0.43598401593742736,2.2308963343742354,0.4741913688763759,0.028979851749647293
MAC004127,Std,Comfortable,0,0.12675924635754762,0.6254972373848987,0.11590073319301565,6.069394106629834,0.923983761847677,5.0236446612358,0.24356985076252555,0.04473428702508207
MAC002674,Std,Adversity,0,0.05024352299534124,0.3381334332833584,0.06167344834430853,2.405640179910045,1.2071409484031979,6.664710353179755,0.1657876649729113,0.009173986088998883
MAC001842,Std,Comfortable,0,0.19303469771055523,0.4365292259083729,0.09670973250919025,9.193464454976304,0.49941409172262174,2.2531530372422184,0.46329017789578186,0.040075661332885086
MAC003623,Std,Adversity,1,0.34195686760390775,2.075838259763313,0.36292594135157463,16.367664686587773,1.0706090186914397,6.168123736106146,0.18616537152790524,0.07274039327862487
MAC000191,Std,Affluent,1,0.3383959062908862,1.9035133176755445,0.39003566229160846,16.220348668523002,1.175259784507073,5.973898782236561,0.20036344703263773,0.13723964376720138
MAC001809,Std,Comfortable,1,0.4787639716880367,1.9518406929022085,0.4801194522573883,22.917430600946375,1.1856243401160644,5.028402082277256,0.23504889335702447,0.2896074107226428
MAC005078,Std,Comfortable,0,0.18828069280890664,0.5090780729235882,0.09533699400895439,9.01347342192691,0.5160988983853166,2.7607042281347733,0.4051468284983885,0.05254128620978174
MAC004399,ToU,Affluent,0,0.10105887539323996,0.419233893137255,0.08955441697296317,4.840726890476192,0.8477835835094825,4.01488102741719,0.28275387152911474,0.04010065296951491
MAC004912,Std,Comfortable,0,0.161177047515872,0.46805032258064505,0.09009645892335334,7.710033548387097,0.5562776369044862,2.886801013692952,0.36941739409900304,0.019054353558156267
MAC000778,Std,Affluent,1,0.40668419430012004,1.5450146854625546,0.35431078250083214,19.503585906314242,0.9911636199812477,4.596129361097721,0.28237296525729527,0.2673191085372706
MAC000465,ToU,Comfortable,0,0.20524577429307472,0.8770971811267608,0.20731868819403015,9.83999295535211,0.9836075563874971,4.292268678411826,0.24393598581214196,0.06255825896238915
MAC003577,Std,Adversity,0,0.12409614091738774,0.5934715129666012,0.1092206994636527,5.941732809430254,0.8454399663937326,4.6092402863435,0.2636927948858126,0.02916565165103769
MAC001439,Std,Adversity,0,0.167730438733827,1.2107136297090355,0.20018018205072963,8.038692191117919,1.1250529757354335,6.861323957150464,0.19080349189648338,0.041506801912053345
MAC004682,Std,Affluent,0,0.16653253995811487,0.6624137353433837,0.13172762067047683,7.965556113400338,0.7482144184479064,3.7965204743814116,0.3210368609621384,0.08991324952375974
MAC003529,Std,Comfortable,0,0.11175691099037939,0.3479607843137254,0.08129506196785896,5.351241176470589,0.7219336412208706,3.1171208897465785,0.3374577861915754,0.032747016489250706
MAC002191,Std,Adversity,0,0.21491117559466483,0.5856012962722853,0.09453813213886232,10.287204213290114,0.4182695362346897,2.6307871632623985,0.41926773011205964,0.04203552730881456
MAC004621,ToU,Affluent,0,0.24284439608590833,0.7812604343906511,0.20001302364918633,11.633903171953257,0.8860756794039354,3.7142590612096242,0.3104506348866479,0.14909321825660465
MAC001350,Std,Affluent,1,0.333688621996057,1.469596429285714,0.3458291508200548,15.98868392946429,1.0392833729985622,4.539982330390309,0.24310039825913107,0.1243744566504478
MAC001039,Std,Affluent,0,0.1825519068090548,0.7456886229041917,0.16086072146098016,8.707037424401198,0.8501911981766567,4.150132947504569,0.3084964993692904,0.12600721535325843
MAC002721,Std,Comfortable,0,0.11113560742162247,0.3878295627450981,0.09673200116325698,5.315126696530919,0.7949836348459279,3.3312842405418763,0.3385595198993061,0.06001784070002141
MAC000440,Std,Adversity,1,0.37863785682206413,1.4599999988748236,0.30639973354223754,18.1290857931083,0.8189104607078985,4.0221708861454815,0.27549892258957775,0.18195306611903433
MAC005161,ToU,Comfortable,0,0.12209797989418096,0.42146875015624996,0.08274564288330448,5.841865625156251,0.6383787529181937,3.325778817633131,0.3437923169923616,0.03466520281968229
MAC000516,Std,Affluent,0,0.1665548988785679,0.5384127643971631,0.1089307572856261,7.9809063815602865,0.6002903135406492,3.0835584939270135,0.40680436874943954,0.06465063559390384
MAC000309,Std,Affluent,1,0.3973618824223037,1.999327369188446,0.4575203358978219,19.03079504965612,1.2189354829433052,5.522182918403025,0.19938013220827497,0.17674773592875717
MAC005524,ToU,Adversity,0,0.15498952370105964,0.7679956134502922,0.1435934322177842,7.429077484795319,0.8818711777697779,4.797185177971434,0.2379478051118893,0.04716320785380861
MAC003016,Std,Affluent,0,0.17048876121487355,0.657769812264151,0.13595513103674642,8.15819434,0.7723587284033223,3.764513189210567,0.2999705706159152,0.05203540980580815
MAC001692,Std,Adversity,1,0.38537046108744805,1.494544463650546,0.326897453859007,18.456839318564743,0.7935022562449423,3.793482830365916,0.31203496170139305,0.16007599213835666
MAC004673,Std,Affluent,0,0.07648603354169634,0.6489163884615385,0.1170823713504381,3.6670852849498314,1.4116726937965196,7.619999263920445,0.1734569955922121,0.02773107301677404
MAC003402,Std,Adversity,1,0.3258117705677479,1.2105673084615385,0.25237456408421655,15.576349996923078,0.7752974395528944,3.7704480352538132,0.28506435364384664,0.07031586849101704
MAC003994,Std,Affluent,0,0.13382162026310995,0.4823427157284769,0.09601179281633351,6.404839404304638,0.5798491703962035,3.056476462323218,0.455842767482382,0.06473273722609792
MAC001976,ToU,Affluent,0,0.010642811092942302,0.07246252009569377,0.01596374968634388,0.5108548645933014,3.9198514961494615,23.732648334508276,0.13341765444107753,0.0332026674485263
MAC005277,Std,Affluent,0,0.11074473268341158,0.4908457446808511,0.10318646383085461,5.305607710904256,0.8227914321759787,3.9867030515774586,0.28750662809914707,0.05642350671415162
MAC001056,Std,Affluent,0,0.14538526273888153,0.6681131212669682,0.13126170368513845,6.947214176772246,0.8539485411179488,4.410177920921059,0.2737533443704548,0.05010142020471666
MAC003592,Std,Affluent,1,0.39328997894889667,1.10521951402439,0.2310589524448804,18.800798780487806,0.5373122828118049,2.6472735372782,0.41906785132045093,0.14771638065718262
MAC002118,ToU,Adversity,0,0.0343301349096694,0.1351929260450161,0.025607804790948298,1.6438697749196143,0.7507635561656024,4.087768078420549,0.27453551409873583,0.010743823670068058
MAC002121,Std,Affluent,0,0.17868749293937936,0.7586366562700964,0.14649223317739277,8.561543407717043,0.7241792165541734,3.9438521467794008,0.33026268270263354,0.0769757691851772
MAC000768,Std,Affluent,0,0.2413421143606364,0.8724464014684289,0.17934488610783647,11.564431716886931,0.7579130569745882,3.695673745553329,0.29562820650500427,0.0986662476087279
MAC001015,ToU,Affluent,0,0.07447603732057483,0.2802346784753363,0.04840061857244738,3.556899850224216,0.5953075207176503,3.5017251452562257,0.3428453401295402,0.020052146630788775
MAC001637,Std,Comfortable,0,0.1134994741515282,0.3617807153965787,0.0739249912557846,5.433606531881805,0.611894146778968,3.129806368619329,0.34805688563179715,0.03570784383994857
MAC001908,Std,Adversity,0,0.19675988463009353,1.0165733690217393,0.20803320587723634,9.38680434646739,1.0347782045097382,5.133843281802709,0.21478642754187757,0.05014219952149402
MAC000585,Std,Adversity,0,0.07546529568018125,0.24452034883720933,0.054388710368819135,3.609661337209303,0.6886237694495709,3.2736214225177385,0.3431949471793808,0.04111749684359914
MAC002670,Std,Affluent,1,0.5012037005170137,0.786534365120275,0.12421912488663957,24.008702749828174,0.7594472089777444,3.222419857822281,0.4833245350849659,1.2790564325873064
MAC004053,ToU,Comfortable,0,0.1837514032863901,0.5183283578772803,0.1270252198459691,8.794330016086239,0.7094142707312389,2.896119354620669,0.37605380679408024,0.055526444834892136
MAC000862,Std,Comfortable,0,0.23914346775423795,0.9153501492581599,0.19117669676255955,11.454359051483676,0.7810588830125019,3.8076274760869806,0.28743842125938085,0.08041768099998843
MAC000838,Std,Adversity,0,0.13360974717887816,0.4962548146666667,0.10204608532552006,6.361755555407409,0.7396548620990134,3.610245966060602,0.3119150235651833,0.033829556239754796
MAC001708,Std,Affluent,0,0.19394806560851233,0.8167672957547168,0.17246141772518478,9.290113207232702,0.8879284477333724,4.230364475347582,0.2513146072679487,0.036635607380127014
MAC003738,ToU,Adversity,0,0.300017612211859,1.1254060022000003,0.22524359122955293,14.366920001600004,0.7641175110833721,3.8943264348155173,0.2857047952116165,0.11921770962960024
MAC003722,ToU,Comfortable,0,0.18199224731245328,0.6633592818363273,0.13010580955448806,8.70940518982036,0.6821649085678466,3.5500785809337545,0.3159643874805066,0.05197371798422254
MAC002975,Std,Adversity,0,0.13750117393356473,0.608780889785832,0.11257353617241596,6.576359143492588,0.7994254778520512,4.283431728455595,0.26989474726776047,0.04248721277393553
MAC004713,ToU,Affluent,1,0.35847166988656654,1.1760352348993288,0.20323958588500776,17.104994966778527,0.5440361756329102,3.1823727951345155,0.35213974761134054,0.08373361684895947
MAC000013,Std,Adversity,0,0.11004682099238008,0.23190468497576733,0.04837814284953622,5.27129886914378,0.4443676628606179,2.132685455036149,0.48466577904015756,0.025847944981953815
MAC002496,ToU,Comfortable,0,0.2851809674401585,1.2076699842454397,0.27467313066847354,13.647099501824211,0.9811657320532546,4.37451897502965,0.2439848338158424,0.09539702051325578
MAC000781,Std,Adversity,0,0.13192602140950938,0.8330132165932452,0.1435425835748411,6.3237547732745965,1.0389610942476957,6.05176345943835,0.19367877051042812,0.03425413226270249
MAC005407,Std,Affluent,1,0.40797599589866906,1.2476512258855585,0.2850584325261377,19.554283375613085,0.6860083987077146,3.062565117780362,0.34771656226776765,0.13839177104229353
MAC002512,Std,Affluent,1,0.37803046234501997,1.5580149258706466,0.3213417143955798,18.076578771641795,0.9327615082926373,4.384280055931674,0.26503861044735244,0.22940417116216816
MAC001096,ToU,Affluent,0,0.09125392032136222,0.31869381628959287,0.07476788342486217,4.374437405580694,0.7469636293577889,3.2066378504678044,0.35750093878113737,0.04951832702445793
MAC004460,Std,Comfortable,0,0.22182604831192268,1.4545997517967786,0.2541239300898063,10.62456257608426,1.1251856441383865,6.507861146728233,0.18429520163602184,0.05405865063643537
MAC003718,Std,Affluent,0,0.20897758894003027,0.7502349726775956,0.14834965357475507,9.998297814480875,0.6996068854938552,3.584866913887255,0.29463868074761734,0.03932587294044534
MAC003041,Std,Comfortable,0,0.12387709227916614,0.7052123063076924,0.16764385340633672,5.911209227076923,1.2609812042340633,5.6510157261358716,0.23501707514012848,0.09421162459841126
MAC001534,Std,Affluent,0,0.2589534222002859,0.7878813560862867,0.16458334582484985,12.412750385516176,0.6275750587246128,3.0006732042048063,0.3581261386360398,0.06825089326079978
MAC000401,ToU,Adversity,0,0.18328539231226823,0.6944450630041726,0.14426407212976933,8.773360222809456,0.7869401031670417,3.8105429381548275,0.27770660502470657,0.03836368903188719
MAC004418,Std,Comfortable,0,0.175364330868525,0.5113529407563024,0.09230850119491468,8.40108823487395,0.5147563516469142,2.839173519376203,0.4172789543691317,0.07675706316362937
MAC004060,Std,Comfortable,0,0.1506269714838926,0.9446318388059698,0.18119575017550654,7.2184228835820905,1.1939476924883696,6.440433480889264,0.18340938019926512,0.06568446305026081
MAC004253,Std,Comfortable,0,0.1159740572456159,0.8524336410493828,0.18106944249271845,5.556574072993828,1.5687606987775011,7.4363435503821975,0.13879708177530717,0.018838797032271072
MAC000663,Std,Affluent,0,0.1649366129544288,0.8225109157205239,0.18880525083564395,7.8999723425036406,1.1786374399408972,5.301910980148724,0.21594588200673007,0.08772028752409224
MAC002142,Std,Affluent,0,0.13711034727705054,0.546476650241546,0.11278512453436354,6.564099838647342,0.807629151398337,3.886216061988985,0.2980905365643699,0.02968238607100636
MAC001828,Std,Comfortable,0,0.258290307676189,0.9462325966772148,0.24576813603279818,12.293754745727849,0.9243935581836323,3.779717208608104,0.29317291526440326,0.15994040539097215
MAC003468,Std,Adversity,0,0.3667622237853526,0.8067980580582524,0.16025468205527327,17.46389320330097,0.42774797150745797,2.170718287735502,0.4828329083013554,0.06264294531382206
MAC005138,Std,Affluent,0,0.20951851019758266,0.878689063125,0.18217925795148987,10.036924999531253,0.8351933447421874,4.09425566847579,0.27277034259420974,0.06386233672118262
MAC002058,Std,Affluent,0,0.0631130337329348,0.3331246009584664,0.0626656832032001,3.02108466485623,0.9078327898029842,4.757684546265826,0.3008208363007026,0.027169426968444616
MAC001127,Std,Adversity,0,0.214818117833596,0.7993519635951662,0.16950766655260144,10.246184289123867,0.7690710166457262,3.700734636708217,0.30226533928601657,0.06093029896573902
MAC004658,Std,Comfortable,0,0.25312903810369036,0.8662851157232705,0.18691584046243906,12.074945492243184,0.6994505133359984,3.397141415768153,0.3677815030294572,0.16965251865015057
MAC003613,Std,Affluent,1,0.6895088936670062,2.1245562086785004,0.45534685051263357,33.03804141380671,0.6640625180101426,3.1489612335257484,0.34006508395692137,0.262153517576647
MAC001966,Std,Affluent,1,0.40571786877050703,1.3204690004769477,0.28385340602238474,19.339608903497613,0.700209767251908,3.2687286749354296,0.32760172810234645,0.11766235296823442
MAC005092,Std,Comfortable,0,0.3155617667197563,1.1115044669642857,0.21547418225545464,14.934281250892857,0.6790991082662954,3.509465885640988,0.31679318263481177,0.07372559136594627
MAC004441,Std,Comfortable,0,0.09008353069540706,0.4770070124824684,0.08925561497626056,4.3164502099579245,0.9058713625935723,4.814159011757198,0.2724176901865863,0.03156392690867712
MAC000878,ToU,Affluent,0,0.21288645511395926,0.8943234416913944,0.16708707893649846,10.15702670637982,0.7423983716986251,4.024429130203875,0.2990167550638257,0.06097669150990263
MAC001982,Std,Adversity,1,0.37403164538282435,1.2498995215311004,0.32485040074982013,17.911749598405102,0.8957008077691287,3.6239314923498465,0.30196054127824734,0.19412394503976504
MAC002233,Std,Affluent,0,0.2100960033594355,0.6135544110294118,0.11824965142594782,9.985799999264707,0.5733645729300522,2.9504587655179395,0.3642269152652314,0.0490701602962074
MAC004644,Std,Affluent,0,0.1277381301824848,0.72185284180602,0.15714788218329465,6.105133778428095,1.2209514694540493,5.545227055933137,0.19936339050257484,0.036142126162638774
MAC005191,Std,Comfortable,0,0.04697662320724214,0.2621776313157895,0.05144931333022024,2.2498921051315786,0.9415720767088903,4.673370344917205,0.2973599998522431,0.028035656175544123
MAC002538,Std,Comfortable,0,0.17604407570209024,0.841926787687188,0.14776996544233587,8.419976704492514,0.8347517834519154,4.767511147246689,0.2684654064254514,0.061304321676742754
MAC001073,Std,Affluent,0,0.1944123020107711,0.6677948720965308,0.14345823710046787,9.273561085822022,0.7449231301304742,3.539875898514772,0.3184867506659393,0.07012484021617232
MAC004403,Std,Adversity,1,0.3473238618571276,1.4585308123249303,0.28226486819923935,16.651112042717088,0.7994595899063957,4.2546382738423025,0.2598262575662191,0.09642101409578537
MAC000230,Std,Adversity,0,0.22619724555856363,1.129454434872418,0.2348811391961311,10.84541069258809,1.03325327634803,5.047029801065309,0.21437913189385696,0.06401220047493945
MAC001444,Std,Comfortable,0,0.1312109790034541,0.8702392634969324,0.16583894823574127,6.283976993098161,1.2361365114774765,6.533170497293795,0.17955734901330703,0.03917084236690348
MAC003784,Std,Comfortable,1,0.39099008485763165,1.2095863459839356,0.2604087716447342,18.582805216064262,0.6439537406627801,3.1150403889384006,0.3464606884023226,0.1363342500791859
MAC002412,Std,Adversity,0,0.2192964008920936,0.964670147761194,0.1896276292814475,10.499441788208955,0.9532903359757845,4.844817440442631,0.23442859051582834,0.10644478947696437
MAC003829,ToU,Adversity,1,0.4051395801037706,1.6250808054545454,0.3924209238853544,19.41573938787879,0.9187159738309671,3.996179263392348,0.2809046764440439,0.15445764902576398
MAC005485,Std,Comfortable,0,0.1435212017110668,1.4328934315328472,0.2635931045670786,6.876940145693428,1.7130300560100484,9.379978427761552,0.16996470820732987,0.07136871000945362
MAC003685,Std,Comfortable,0,0.25001610950293346,1.0326254988047812,0.22457603309681537,11.972778880278886,0.8563908005020684,4.073281433856416,0.2765813096848022,0.11267567657699798
MAC004564,Std,Affluent,0,0.0685219205424842,0.3131309225685786,0.0603618264331918,3.2823840397755633,0.8524558043193764,4.415440283245815,0.2674395546391604,0.015755585245856532
MAC004528,Std,Affluent,0,0.15823614977269887,0.39059402241594016,0.06025643072921437,7.575811955168121,0.3756812131359898,2.430874661882594,0.4439050345854859,0.03287103482298193
MAC000989,Std,Adversity,0,0.14093886871864703,0.4316556886227546,0.09020131494413143,6.745994011976047,0.6313147083226682,3.0683778628307463,0.3499544942701793,0.025261986691670058
MAC005003,Std,Affluent,0,0.11547929934506783,0.37758746723237596,0.08349898988275983,5.527634464621411,0.6981734144615741,3.2540116974551565,0.3224884214414273,0.03130304953860586
MAC003338,ToU,Adversity,0,0.12403468915280834,0.5888486607279694,0.12070664629604963,5.947469350957853,0.9415112856316843,4.555014298691936,0.253481356056577,0.035834332472168946
MAC005419,Std,Affluent,0,0.0633347564777482,0.37981855375170537,0.07665506115087607,3.029105047612551,1.1718380637675512,5.865722265879074,0.20139956773472878,0.02390403970103805
MAC002515,Std,Comfortable,0,0.23788515312732805,1.3009484168053242,0.2601567576915501,11.401492510815306,1.0252889239128342,5.353970579345536,0.24421924891451074,0.11918587278239948
MAC000529,ToU,Adversity,0,0.14400904593522615,0.5944403409090908,0.11628291119416305,6.899146306818182,0.7862803459878834,4.010228030325464,0.28359601645809274,0.020969029782132092
MAC001893,Std,Affluent,1,0.3803280547774162,1.4526370846275756,0.32371278169471635,18.21421394278923,0.8437550634086018,3.8334085143935024,0.2899470772301464,0.19293869868560792
MAC005056,Std,Adversity,0,0.14882846862655544,0.5638412406934307,0.10514409321018471,7.09667153266423,0.7017813511035396,3.757660254805002,0.29772235745022313,0.04024562728999017
MAC002573,Std,Affluent,0,0.09033214767140672,0.39652166666666666,0.08590527520424351,4.331463334166666,0.8663935464793949,4.042985475915004,0.33270268186760676,0.06230091444437946
MAC002166,ToU,Affluent,1,0.40981157925403017,1.4348788379644588,0.3110468409432376,19.622534740710826,0.71880674339558,3.421454122210256,0.3306090932847939,0.13460597460176582
MAC002021,Std,Adversity,0,0.07781241149911915,0.513110224121406,0.09864130331353871,3.720011182587859,1.1466212583508817,6.159075423030781,0.21743665816159874,0.03981818401210758
MAC003792,Std,Adversity,0,0.10843523440602072,1.1167883074596774,0.19893059879989788,5.19860483830645,1.800038937354827,10.240740341688856,0.12021899111646352,0.04414750672980225
MAC001719,Std,Comfortable,0,0.21147965257457113,0.6339608150470221,0.15615944742607404,10.090252351097176,0.7546938738341488,3.07570684543873,0.34660212456921746,0.050440684492773384
MAC002429,Std,Adversity,0,0.0797345714903048,0.3324366616989568,0.07742281586110632,3.814564828614008,0.9707728330735114,4.15676697733333,0.2702560274918342,0.02154144054346257
MAC000612,Std,Affluent,1,0.3416287316631102,1.0490043626453487,0.2096259124922707,16.35573110523256,0.6063479386796152,3.0446527145321567,0.3573480720258912,0.0839354420567126
MAC002116,Std,Adversity,0,0.11242468222340585,0.5128376205787781,0.09714012329520667,5.389117363344052,0.8160384707966258,4.369493522735837,0.3041682674047728,0.03297898040782594
MAC002905,Std,Adversity,0,0.038407063273683636,0.27484349258649093,0.050209150957439795,1.8382158154859964,1.2240126194648107,6.861101322271308,0.1668706019851317,0.012824142528469007
MAC004045,Std,Affluent,0,0.15837309930729243,0.7247384119205297,0.14933415477189063,7.53024172433775,0.9090870581227802,4.576412672523576,0.2545439922237534,0.07471556591251188
MAC000655,Std,Comfortable,0,0.12804982711293322,0.3913531976744187,0.06812296954322204,6.131997093023255,0.5211858956161994,3.0199289814525545,0.36767665842534075,0.02970320706505151
MAC005511,Std,Adversity,0,0.17802404435283872,0.8140073122807022,0.17051168492298363,8.512318715935672,0.9528075888398786,4.57252002697483,0.23830180326843414,0.05080085578943867
MAC003827,ToU,Comfortable,0,0.08978831561912227,0.5047898985858587,0.08658851937858218,4.298955555151514,0.9149681066992431,5.383638435980748,0.22779384819815854,0.017985178789439574
MAC005345,Std,Adversity,1,0.289162782630468,2.1088582978407566,0.5225136395814511,13.675788124021592,1.7146569683295847,7.321295872413477,0.15553966564226587,0.1753655511944649
MAC002527,Std,Adversity,0,0.09666374498176035,0.4094875206322794,0.07530630003165574,4.623003327620633,0.765492597497093,4.197177173633134,0.2775290495746001,0.030775448832628973
MAC002220,Std,Comfortable,0,0.09715816858920058,0.24226393442622962,0.04581858548614457,4.6478,0.4629534079000273,2.4517499334444213,0.44476967931703837,0.014439283809553873
MAC002954,ToU,Adversity,0,0.13159677012535587,0.4893735537190084,0.09362126272543624,6.311666115702481,0.7020598626069268,3.6907240363861114,0.28955455998674884,0.021983596090742987
MAC000746,Std,Adversity,0,0.15183492907495946,0.5672961875366567,0.11148402707093906,7.2203079177419385,0.7210442568617503,3.652803314817998,0.33450850922970193,0.0704544228199208
MAC005406,Std,Affluent,1,1.4832567919123658,3.6693496585034024,0.8916785188609905,70.96845715510206,0.6107441506401325,2.5315577640878693,0.4114480929682275,0.5709293613587041
MAC005344,Std,Adversity,1,0.25444385059097213,1.7621064393557424,0.42295230790143157,12.208134449579834,1.8993840140436027,8.881644773985322,0.13928325624451893,0.18131728881427436
MAC005544,Std,Adversity,0,0.1037728486458902,0.34280234260614934,0.06193160840575825,4.975390922401171,0.6017192742240287,3.318396858213785,0.34302741524039176,0.018845082945318503
MAC003330,Std,Comfortable,1,0.38045335230038785,1.2749808787762906,0.285530803628081,18.20908030344168,0.715654196889312,3.2645378011455444,0.3367837044904861,0.11989454049148399
MAC003923,Std,Adversity,0,0.17288129961749074,0.44188247422680416,0.10746747747729798,8.27316288659794,0.6344676692764896,2.5746939602610737,0.40614264722363524,0.030551843908580963
MAC004810,Std,Adversity,0,0.13852133428901292,0.5273146622734762,0.10654602733887018,6.08054530494234,0.7020551351931811,3.6107776089214214,0.37191614318954375,0.040000457039416515
MAC004056,Std,Adversity,0,0.1313916456144884,0.3238955223880597,0.04784769125504171,6.29168822553897,0.3955453971604463,2.5785828756425913,0.45212682634730833,0.06287120095081938
MAC002065,Std,Adversity,0,0.09553503261744681,0.56599039952,0.12325087747503938,4.570972799679999,1.2863135272073425,6.407506855675238,0.17833558638034314,0.06503796618446918
MAC004770,ToU,Affluent,0,0.0677461954128619,0.23440393013100436,0.04666601103730178,3.237434497816593,0.6261614809590779,3.080240326997075,0.4030350671042261,0.027334914294276844
MAC001028,Std,Comfortable,0,0.2514050650093622,0.7657880910683013,0.14989939450492282,12.055525394921188,0.5878789303516457,3.095630819585754,0.3404269893952695,0.07984003708664063
MAC004319,Std,Affluent,1,1.0202250140224964,2.530600617182662,0.5376485897349598,48.91837459969041,0.5409660371255858,2.607636275572248,0.4271311972610767,0.5371717101350377
MAC000177,Std,Comfortable,0,0.11767623933288784,0.527521738647343,0.10443008351147028,5.639508453743964,0.811643780839198,4.221190960886568,0.2869896372848297,0.05852912137577675
MAC002180,Std,Affluent,0,0.18930663559492425,0.9547216818770224,0.20279362944698132,9.071898057605177,1.0378469209959076,4.980215428038614,0.23437533094325622,0.06093085543066667
MAC002096,Std,Affluent,0,0.10524939755638418,0.2565040128410915,0.07355994216658035,5.049219903691812,0.7772280718480061,3.5238006748634136,0.36299082429905405,0.12386910794682222
MAC001313,Std,Affluent,0,0.1728189789713052,0.872771342835366,0.17271963663844797,8.283333843597557,0.9162666919640979,4.813892385039574,0.25818116438203387,0.07917263339970063
MAC005221,Std,Affluent,0,0.07266690871197236,0.33919129287598954,0.06792456370744278,3.4711200527704498,0.9052449524874578,4.533690757210778,0.25787538475433797,0.02824235391635461
MAC002143,Std,Affluent,0,0.0789580184033131,0.36037037004830924,0.07126826660900037,3.782942028663447,0.8133975778052963,4.154351232139268,0.3214427194760086,0.05039216175191126
MAC003676,Std,Adversity,0,0.30779741142004363,0.98652683916501,0.22617463660243933,14.72619482942346,0.6708251287950483,3.140638065075069,0.38523431062300717,0.1699766057067935
MAC002314,Std,Affluent,0,0.2969918469621382,0.8762097480059083,0.19892875876032676,14.219754799261448,0.6746407232190097,3.111692065462872,0.37300756934588514,0.20088858667169157
MAC003326,Std,Adversity,1,0.4320479352531195,1.6616832085877862,0.3296965499574006,20.674017179007635,0.7666323849185656,3.8956564903058424,0.2726995907903274,0.07752062648780027
MAC003022,Std,Affluent,0,0.1756918250276011,0.5137644448888891,0.10409250145259726,8.358795556,0.5788380160605417,2.883889636820826,0.37053460228649365,0.03874354898067228
MAC001932,Std,Adversity,0,0.22370545997887534,0.7081717006359302,0.13291921376231258,10.695926868203497,0.5752194038886642,3.1181373944511344,0.3613999475805249,0.06465967903834305
MAC003449,Std,Affluent,1,1.0249122803901,2.4023740286821704,0.5567787873922738,48.98381590193799,0.5370561799606788,2.402706671613627,0.4450349678043338,0.4186125670591113
MAC003800,Std,Affluent,1,0.2470650341057161,1.762766127620968,0.3983991484770143,11.83636894858871,1.6356621911261746,7.357703909228685,0.1445075694107594,0.0728377342675726
MAC002511,Std,Adversity,0,0.2628742899119209,1.3258706466003316,0.2684228459496273,12.575291874626865,0.9506328236442984,4.732957398103326,0.2589249848300111,0.09997801289792853
MAC003298,ToU,Comfortable,1,0.41101308949584375,0.8023034347328243,0.11961933944811264,19.699767170801533,1.0115453819902285,5.486614358677719,0.40301471491940505,0.8210113055263494
MAC005309,Std,Affluent,1,0.38345183465792576,1.8004082982597056,0.41544570346262344,18.29804149277109,1.1998388345094804,5.475767786313954,0.20827571150545476,0.17837206570602032
MAC002192,Std,Adversity,0,0.18600793035837998,0.6227179899513776,0.12342927338961557,8.912696920097243,0.6891643185293954,3.5059825390949397,0.3177694665876173,0.056688840117879113
MAC003753,ToU,Comfortable,0,0.2426786920654433,0.8545320012000002,0.17480993633681136,11.606778002399999,0.7027432398000097,3.447305293486397,0.3198483460950601,0.08554686180823219
MAC003796,Std,Comfortable,0,0.2762705624464103,1.0665161296370962,0.28078641323354186,13.237137094758063,1.0435346894152953,4.586062348607011,0.25176408122977284,0.162974444337057
MAC004873,Std,Adversity,1,0.5097386165261325,1.269685051233672,0.23993752466712662,24.385222059071122,0.4413410698845311,2.431734378396838,0.43618456623174384,0.1336570117240657
MAC003195,Std,Comfortable,0,0.3109323761691116,1.1047752810861422,0.23797996179567024,14.89142696498128,0.7651563428247752,3.582351224068436,0.2955346119805858,0.07291860186545128
MAC000822,ToU,Affluent,0,0.1396700534183007,0.5432573958579883,0.10011688050665755,6.683621301331361,0.6774258983999452,3.712842903964625,0.32647717397897114,0.03822714809718639
MAC003497,Std,Adversity,0,0.24122377380013463,1.003288398432602,0.22721075141177352,11.559159871159874,0.9713944489014461,4.421260425978293,0.2528403088570215,0.11459518852020797
MAC004956,ToU,Comfortable,0,0.17063780009204457,0.7768350648051947,0.16176650123014333,8.169837663116882,0.9114468502383042,4.438247924109141,0.2521011910833949,0.0605465547083938
MAC000431,Std,Affluent,1,0.43363997045997044,1.386556962728551,0.32338441242691474,20.766624468213784,0.7264536492863635,3.262494818365275,0.3209736092682857,0.19857560517268494
MAC002717,Std,Adversity,0,0.09157421253755327,0.45144193076923084,0.10090722009529622,4.378318250377074,1.0351954357871973,4.8475339467938054,0.23727053164456674,0.04510077517690295
MAC001265,Std,Comfortable,0,0.3100468846503387,0.7307174604761906,0.199593178317606,14.834173011904761,0.6324157730405678,2.4269211401433544,0.4218991148180336,0.14381163532800662
MAC005101,Std,Adversity,0,0.2496993657763385,0.8764695792511699,0.16308823907242545,11.911291733385335,0.6400721305597482,3.5019411243349805,0.3202505908293615,0.07670503066621338
MAC002352,Std,Adversity,0,0.16624079295602814,0.8849870952688172,0.18006807111594159,7.9608387062365615,1.0091724050102668,5.149651742215966,0.25399575725758744,0.09296642254896344
MAC004002,Std,Comfortable,0,0.24561778625101588,0.853607615562914,0.19119195813260054,11.76287417152318,0.760131207527292,3.444040433220932,0.30971197231820086,0.05834342497036323
MAC004400,ToU,Comfortable,1,0.408065978930521,1.3024467788515408,0.299986608237772,19.552540617647054,0.7090191814209351,3.2839860936231173,0.34266666907350196,0.3472281910303137
MAC004028,Std,Adversity,0,0.04987391239256024,0.14000496688741712,0.02492695695519148,2.3803344370860935,0.5593830216622638,2.9538264201746607,0.3887150253607265,0.01673990525410336
MAC000694,Std,Adversity,0,0.1713087719978622,0.500552785777126,0.10532791855575224,8.193231671407625,0.6173726307053179,2.8962924040648184,0.37830982376912187,0.035707574864599086
MAC003118,Std,Comfortable,0,0.2262265513526907,0.6752675844036696,0.15437357438081395,10.810761467737,0.6970485959656652,3.0352077191431373,0.3519855306587098,0.07036980094121258
MAC001913,Std,Comfortable,1,0.35764133656893826,1.2144627587955625,0.2525424933560472,17.135551508716322,0.6901538833748313,3.3715308348446147,0.3207472418979848,0.08968756362587534
MAC000810,ToU,Adversity,0,0.11004755101868856,0.44664940872781056,0.07613817708123144,5.26677662795858,0.6610752129934839,3.93291710733418,0.3138494648643394,0.04413633686993883
MAC003690,Std,Comfortable,0,0.12158849103585657,0.4250498007968128,0.1035367996437176,5.818087649402391,0.8316233515390283,3.596716753308801,0.2988307587489621,0.04420448800876779
MAC005015,Std,Affluent,0,0.24403945891096057,1.399419397640891,0.27313573093812454,11.690414155045872,1.1169858262196517,5.746369187913403,0.18915659417938208,0.04568468293301462
MAC003534,Std,Comfortable,1,0.2867661143985059,1.2755784321568624,0.3308013200681673,13.73029607470588,1.0675115054365396,4.477608497550718,0.2630445963501065,0.1397769920436372
MAC004820,Std,Adversity,0,0.11555762592610884,0.44293247126436774,0.07134692256911625,5.534856321839079,0.609797766002887,3.77455706526123,0.30619372021743524,0.020054777617093
MAC000594,Std,Comfortable,0,0.14794504802027128,0.5381814224963716,0.11119190829894453,7.084554426850508,0.7387200367733349,3.5804344752521176,0.31112358924074396,0.0444536175526589
MAC002238,ToU,Comfortable,0,0.282830760719568,1.0331323530882355,0.22251048608120463,13.546854409558824,0.7826465064810567,3.689877863840102,0.29181023934216804,0.10852790064183071
MAC004859,Std,Comfortable,1,0.26698977837701204,1.536851386146096,0.28214236886321314,12.741109571032744,1.0621651427328744,5.864544264188938,0.1896695283657039,0.0895244475440763
MAC002678,ToU,Adversity,0,0.08316727053140097,0.3309595202398801,0.059630459124891164,3.9853073463268363,0.7057957947413531,3.934108545344583,0.2791499453992523,0.014269953469957295
MAC003267,Std,Adversity,1,0.3332488700866394,1.4736060560606057,0.30104449661387683,15.953681810416667,0.8907177036918148,4.398532611730943,0.24536743632833297,0.07191114586376039
MAC000752,Std,Adversity,0,0.05151857133540555,0.32258884008810573,0.06297992271838174,2.465528634508076,1.2095993824141993,6.0909199866709995,0.18924826657894028,0.015665223789548294
MAC005390,Std,Affluent,0,0.059972464603160865,0.2772184531886024,0.04853943760488829,2.875523744911804,0.7691605984832628,4.4224033038491575,0.27122283722421475,0.016490227844601135
MAC003645,Std,Adversity,0,0.08627694624708383,0.3563221343873518,0.06696425684647211,4.119472332015812,0.7544042532003192,3.9948423513159805,0.29093907309597056,0.022637980856286644
MAC004250,Std,Adversity,0,0.06595637904856287,0.2621311728395062,0.0578324675624833,3.1552299382716065,0.6790335508823124,3.890372019654703,0.40008580869484806,0.06699505335697285
MAC001237,Std,Adversity,0,0.06877998625407503,0.22027549482496186,0.04406237106742702,3.2871293754946724,0.5913095219385491,2.836078617273918,0.4240223352790012,0.04114408681719819
MAC004883,ToU,Adversity,0,0.06451508377474134,0.3702267202429149,0.06557459601801048,3.0926194327935237,0.9301677890594584,5.237003050969315,0.24451409328590407,0.021463961476306182
MAC005083,ToU,Affluent,0,0.13715154477987632,0.2753354134165366,0.048884210876917814,6.552906396255848,0.42821558640046126,2.253640460662534,0.49519844836989363,0.062450033860832754
MAC004083,ToU,Adversity,0,0.25123632814833585,1.0526111097883597,0.23942798594646772,12.006917987301586,0.951276596395417,4.219613278056438,0.2568254865515481,0.06230965993647061
MAC005098,Std,Affluent,0,0.11768563823251406,0.3725787831513261,0.07783215330263467,5.618934477379096,0.638189253915448,3.014773457877018,0.3994840392581292,0.04951486847883498
MAC003160,Std,Affluent,0,0.17851463315200233,0.7967864410169493,0.20545464965095953,8.55702203237288,1.1907149089337041,5.100893808899082,0.2304089719047277,0.09867982535412236
MAC002332,Std,Comfortable,0,0.21318344840062778,0.9189408964856232,0.2091175430018175,10.179049520287538,0.956468420392653,4.33453773285685,0.2605208525986716,0.10707793802037065
MAC001234,Std,Adversity,0,0.08490288909938794,0.3561019786910198,0.07125466804392899,4.064957382039573,0.8272366690478204,4.10403580775107,0.27263864938168914,0.02001760807443389
MAC004345,Std,Affluent,1,0.37654228037310145,1.3811267416434543,0.2926536237021057,18.010669916016713,0.7762275506906684,3.718229539179039,0.2932570639252,0.1128917965425704
MAC001464,Std,Adversity,0,0.21173085115044535,0.7090338455384614,0.1705494776744587,10.14040922923077,0.6868847715209562,3.1009471179652155,0.3918731055286442,0.11073108239066083
MAC003336,Std,Affluent,0,0.18008940582464256,0.5736697235474006,0.10850807796430698,8.575140670642202,0.5898089363761051,3.1230013770407727,0.38605643874542317,0.09199227461883337
MAC000566,Std,Adversity,1,0.282468530188283,1.65090145,0.3168963862998349,13.540834780869561,1.1332477879891445,5.977999082825477,0.1780869800153706,0.06427583423887488
MAC004220,Std,Comfortable,0,0.14793315569823626,0.5569938260802468,0.1044531720219655,7.064199071913581,0.6694974718798101,3.6987366923276106,0.3312830058150812,0.050075955392146064
MAC000961,ToU,Adversity,0,0.22464961575448436,1.0637552229850746,0.20190957819943545,10.704935821641795,0.8689045893205749,4.583606780082904,0.2572236593147969,0.05926668109444911
MAC004570,Std,ACORN-U,0,0.17962275688048884,0.6625792764044945,0.1273562734939406,8.610649188139824,0.6717177885823439,3.635212022526221,0.3089101068529888,0.06538631365407618
MAC003863,Std,Affluent,0,0.2920127309206408,1.008505069776876,0.2038358912623933,13.962356997971604,0.6712291883298473,3.4264339538352346,0.3208425689464757,0.12002605111288907
MAC003074,Std,Adversity,0,0.09721087246270484,0.32361724137931025,0.05921242288576341,4.639296551724137,0.6094158191460305,3.3461800482361355,0.3398144687548137,0.017924653738887752
MAC001163,Std,Affluent,0,0.14551802848527476,0.75959667673716,0.13480813348763468,6.935155588972809,0.8984176656486477,5.09909062973222,0.2309759420345347,0.03586926595112569
MAC000942,ToU,Affluent,0,0.1941568421004022,0.9522835811940299,0.22003132325469887,9.238356715522391,1.1109430644670537,4.93943969421248,0.22989806789526668,0.08563398489430032
MAC001354,Std,Comfortable,1,0.37544924588490997,1.4756100961773702,0.3354567303164806,17.987918966207953,0.9504345557129412,4.463815590564789,0.26139692997440345,0.2181535171618229
MAC003985,Std,Affluent,0,0.20269413076738413,1.0676490067880797,0.22879053954575784,9.712175495529804,1.1190755019499135,5.363231851018273,0.19968688452827998,0.057766104501236794
MAC004871,Std,Affluent,0,0.18079005743818832,0.8104990923774956,0.17190851948687808,8.664448276769509,0.9362343612858416,4.508974933862057,0.2507003072358964,0.06195091876203763
MAC004483,Std,Comfortable,0,0.1314769567793788,0.7610625788485609,0.1653158852094528,6.21352315419274,1.2057046400980405,5.856307755775031,0.23256013230628864,0.07714402436764804
MAC003632,Std,Adversity,0,0.2004447194727663,0.7598359671936761,0.16089746523872747,9.588033596640317,0.7827753266704306,3.7701565806020345,0.2848735754505565,0.048314320981651795
MAC002928,Std,Affluent,0,0.15638087083076174,0.9030937493421053,0.20897830081473642,7.458348683717105,1.3907777817801503,6.145198558260452,0.19394974964555825,0.08226683774261415
MAC002521,Std,Comfortable,0,0.0614666805359124,0.4171613976705491,0.07652541720871679,2.94145091530782,1.0944018799131459,6.0228208351121735,0.24254772023291188,0.03432728263457597
MAC005534,Std,Comfortable,0,0.13512188742822137,0.7372811127379209,0.13444752915378747,6.437153733528553,0.9407127256215638,5.211908120523942,0.2409123611632787,0.05062207456452845
MAC004429,Std,Comfortable,0,0.20913082461389892,0.4949102384291725,0.09368701706313592,10.018739130434783,0.44292681092997704,2.350821861304205,0.44906191865086575,0.026037099307530592
MAC001097,ToU,Affluent,0,0.12588134118065059,0.6306802408748114,0.13740337426137522,6.021573151885371,0.9001068759761358,4.399952955738507,0.32576297287520517,0.08405177086897102
MAC001927,Std,Adversity,0,0.19265403852422094,0.7386529318541998,0.15864192437080754,9.206497622820917,0.8058450321192254,3.774591241206044,0.28787217278243565,0.05726607906820395
MAC004936,Std,Affluent,0,0.19464939495632805,0.8614786542043984,0.18130541539828582,9.313481242173351,0.9014559258524397,4.3998757525344026,0.2601359893071886,0.06887061473196526
MAC000199,Std,Adversity,0,0.12528280418418583,0.5343510894673124,0.10154129126083215,6.00053631961259,0.7754874729285548,4.155019225581829,0.2684833359670296,0.03247471707447276
MAC004433,Std,Adversity,1,0.3277526314691114,0.9793027693771629,0.1795471430502564,15.66980969100346,0.7344877804382879,3.8130397469690087,0.3312817708731922,0.24418764502125462
MAC001758,Std,Comfortable,1,0.4540357611790149,1.9475642625391847,0.43361822477523865,21.66227585658307,0.991165332726588,4.5660970719613445,0.2386679629869116,0.1935054417231078
MAC004700,Std,Adversity,1,0.40883000182910717,1.8368291450586263,0.43426918931185265,19.55774706951423,1.1446571447047151,4.924869942868033,0.22761531487694914,0.173755485864691
MAC005295,Std,Affluent,0,0.24050481780180905,0.914703605340454,0.19430210441486212,11.514887851935914,0.7798373968656047,3.808608841168468,0.29719994762898105,0.12244469304129818
MAC004166,Std,Comfortable,0,0.1343753567904368,0.6349353843076919,0.12235584788120189,6.431853845846155,0.8610497285937553,4.566767705649838,0.27595354467889377,0.05504710577871511
MAC000254,Std,Comfortable,0,0.23870166272595042,1.1554141291108404,0.25425636247428257,11.425721073203409,1.0578126710397096,5.021655880099702,0.2173627003193022,0.10285523925038782
MAC000536,Std,Comfortable,0,0.24944892983436803,0.6840477571635312,0.13302645378124792,11.907480463096963,0.5330492417236289,2.743482025186818,0.3804439276150092,0.03478220927809096
MAC001616,Std,Adversity,0,0.12750466764658583,0.7453162786046511,0.14832814820276374,6.108827906511628,1.1442066204432007,5.846164428893322,0.1913187287914751,0.029468087626860356
MAC001773,ToU,Adversity,0,0.0941334039397674,0.3973813289556962,0.07836175091205375,4.494186708227848,0.8167611253771038,4.217647737194877,0.275820306202726,0.03299296961544823
MAC004314,Std,Comfortable,0,0.1635312060854577,0.49154489164086673,0.09938287856014762,7.839287925696594,0.6655373144028279,3.2402261719414294,0.3355777983320884,0.06910748764590947
MAC004845,Std,Comfortable,0,0.07836151082736183,0.24792327044025156,0.04124757224620532,3.7551685534591206,0.5168579246778521,3.0848911142800537,0.36894093432971703,0.0305952957583915
MAC000511,Std,Adversity,0,0.24840604227390958,0.8931262411347518,0.1910870017643565,11.895900709929077,0.7539661047684721,3.6023076249675743,0.29620902323212167,0.06422517475530876
MAC002831,Std,Affluent,0,0.09584427148914644,0.29601669195751135,0.05789396960964617,4.5740106221547805,0.605482131454039,3.0937488376443203,0.34816785811294576,0.023987131204828947
MAC005186,ToU,Comfortable,1,0.46608234920581154,1.5271710528947369,0.3250489787561426,22.325699996315794,0.6997756337850863,3.3379544917902093,0.32665457611182475,0.1452420920098803
MAC001633,Std,Affluent,0,0.10776557240393775,0.3930398009950248,0.09134856204678625,5.147278606965173,0.8571889143976925,3.7031016338991845,0.29177843747535387,0.03927992549635836
MAC003873,Std,Comfortable,0,0.33929362105054617,0.9111480730223123,0.15982125358162302,16.227269775456385,0.47691203472343574,2.7106337391222906,0.399182869432262,0.08176878507638927
MAC000792,Std,Adversity,0,0.20865881114413845,0.4685235294117647,0.08919317557803809,9.99178088235294,0.4280398550357729,2.2377205595295915,0.47228757427342216,0.052241742215409635
MAC000163,Std,Comfortable,0,0.26431512912324834,1.1559855418072287,0.2748123103741576,12.672259035662645,1.0161590935945273,4.544098388810821,0.24977547648768045,0.12896343939470578
MAC003694,Std,Adversity,0,0.047502298413938625,0.2268964143426295,0.04614205388942039,2.2733665338645417,0.9695336523814938,4.728342175495128,0.23780978865320204,0.010107127512080405
MAC004117,Std,Comfortable,0,0.16857592026144327,0.977714725613497,0.19334360778189824,8.06566411119632,1.089502643597462,5.758284564525967,0.21106691604572936,0.08183934444240053
MAC001513,Std,Affluent,0,0.21527226430751153,0.5018505394453003,0.09729949646813028,10.305648690600922,0.44209951752712895,2.2987042646862004,0.46135823786994157,0.039864903671622744
MAC004771,Std,Adversity,0,0.07722041778571896,0.2751303726361031,0.0592205633276535,3.7004068769340974,0.7449115044572218,3.396573312589572,0.3379527526183712,0.023389955060771152
MAC003837,Std,Adversity,0,0.07316092395587075,0.4436727272727273,0.08562244485775616,3.4926363636363633,1.1593484762153428,6.053202246815071,0.18335350185009264,0.01922345212219933
MAC002127,Std,Comfortable,0,0.12494050023673915,0.7944067541800642,0.16800103769841518,5.975559486495178,1.307042465986573,6.302272249447413,0.17836654992807408,0.051916534422856445
MAC004025,ToU,Affluent,0,0.10060633013949553,0.42590894039735105,0.08122444741445506,4.816802980132449,0.7406571981660144,3.9193861030804413,0.3414453358752009,0.03490224444281647
MAC000236,ToU,Adversity,0,0.08272273085776895,0.33663304993924664,0.06556147509464921,3.960868773025518,0.7722062536355124,3.998750833774113,0.2706916564658237,0.01823160499318979
MAC001662,Std,Affluent,0,0.07465761085702922,0.2855809968847352,0.05698491254759168,3.564482866043613,0.7084268446660655,3.5293494375006773,0.3539835647709714,0.025847095854265967
MAC004633,ToU,Affluent,0,0.1916285779545141,0.9343319136170212,0.1910924624356539,9.165276597446809,1.0094390568857805,5.005005795014552,0.23341128024943697,0.08493496515404242
MAC000446,Std,Comfortable,0,0.18091240704633155,0.9406427562587906,0.20550781313557306,8.667090011954993,1.1030263483213678,5.156515393745028,0.22787999992541225,0.06205972114933039
MAC004251,Std,Affluent,0,0.08207936895742977,0.3616959878086419,0.07972130564047347,3.9324151236111113,0.9624418021941077,4.3358746837703475,0.24792732842228007,0.02052467848374311
MAC000593,ToU,Affluent,0,0.1736376485661445,0.5083251089985484,0.0946287589365421,8.298721335413644,0.5356847826103533,2.901146034541504,0.3710005466263408,0.02929911655639921
MAC004406,Std,Affluent,0,0.08637129628250037,0.32028431372549027,0.06135886886991935,4.138400560224091,0.6678185702194895,3.5149957570665338,0.34839005634018655,0.019759040754554005
MAC005096,Std,Adversity,1,0.30094304386706616,1.302731670670827,0.2454616795740824,14.392547584399377,0.8038655457521188,4.336093234876297,0.24688164396485773,0.07346746269507733
MAC005443,Std,Comfortable,0,0.12403230968577432,0.4802434017595308,0.08962776535378554,5.945630498680353,0.6472327631857496,3.463585734105726,0.38676247586970586,0.07664581262427313
MAC001075,ToU,Affluent,0,0.08380542382470013,0.39874158975535173,0.07961818589091976,3.9953837917431194,0.9791591945904622,4.858384713681065,0.2557649457380935,0.062355835952964345
MAC003211,ToU,Affluent,1,0.3294317961822351,1.2740263634651596,0.256002851082514,15.778161955178913,0.7613744360932041,3.8388962022631787,0.2833417156849176,0.09043620227748762
MAC002697,Std,Affluent,0,0.06101620463861467,0.23820720735735731,0.04935852718846185,2.904644144294294,0.7743462930414845,3.7567266480837462,0.30652525865184516,0.0177139723717747
MAC005000,Std,Adversity,0,0.16706645997127836,0.4786096605744127,0.11474216551544233,7.978237597911227,0.6211036806307889,2.787592916489373,0.39891619643728815,0.05738030149823481
MAC005292,ToU,Affluent,0,0.17214505800251398,0.7319238985313751,0.14677292116007878,8.236757009612814,0.8389595473256879,4.257313079530214,0.2621988872056366,0.0541911347162635
MAC004013,Std,Affluent,0,0.16106334322601104,0.5412218543046357,0.11789418303457731,7.71701655629139,0.7290239179992428,3.343731592308807,0.3146001057048097,0.026729235318652803
MAC005149,ToU,Affluent,0,0.16395986587003114,0.6322703126562499,0.12695192918612172,7.85184687578125,0.715684407268865,3.5913449006893594,0.3255292530551999,0.05801031054983173
MAC000389,Std,Affluent,0,0.22397929928600552,0.8507263876388891,0.18738247554682913,10.648684721388891,0.795711730371055,3.7020572237757694,0.3137592457189386,0.10640845489073965
MAC003514,Std,Comfortable,0,0.2922198083286097,0.8482358678362577,0.17546965091785044,13.980867446393763,0.5939206858675576,2.8864165564918256,0.3732890816224103,0.07189217016900694
MAC002865,Std,Affluent,1,0.4875988628114621,1.6262867974203334,0.36830936475595905,23.295916539757204,0.7432686762673281,3.3033948241346893,0.32272433550556423,0.12613013620519306
MAC002104,Std,Comfortable,0,0.08197547896616691,0.6389743173354736,0.1225567033712895,3.9324959865168543,1.4474767060327618,7.639334180098154,0.15634369103373008,0.04425255444446662
MAC003701,Std,Comfortable,0,0.10004429945761642,0.3536946107784432,0.07517716163899871,4.784033932135729,0.6945506659002687,3.426851909512241,0.3231817683439943,0.033853611287390346
MAC000912,Std,Adversity,0,0.09466633450000643,0.34419561585160197,0.06800200725836687,4.526996627655987,1.3988092894809514,6.834229457466456,0.2574242954570467,0.08854773706729721
MAC001013,ToU,Affluent,0,0.057403695443606954,0.22716292974588936,0.046612961135166206,2.7443796711509716,0.7871232514722607,3.7663494099029613,0.3061173693706778,0.012587416976827663
MAC003473,Std,Comfortable,0,0.09211714355734615,0.42936699067961154,0.08585012905982276,4.407236893398059,0.8920290608876665,4.386646976314155,0.26989455284467173,0.03179158141431685
MAC004468,Std,Affluent,1,0.37509189077254085,2.19192317410161,0.44914507450184893,17.952814126022304,1.302666694468673,6.617530376384277,0.190267759708903,0.2588089074259826
MAC003202,ToU,Comfortable,0,0.18892160054646792,0.9887770700636944,0.19135347749463236,9.009687897452228,1.0041144241274316,5.255669071085857,0.202612397387693,0.03971457749239731
MAC004702,Std,Affluent,0,0.18969474378421067,0.7817353440536011,0.157908829747017,9.07759128994975,0.7580373645860407,3.8474532824267573,0.31694551008985783,0.08699751611654158
MAC005448,ToU,Comfortable,0,0.1362428666136944,0.5670102186861316,0.10757345267038487,6.53249635021898,0.7681349713291961,4.074756470970367,0.27848693802884755,0.029051768056905784
MAC000589,Std,Comfortable,0,0.14889859980760717,0.7038749997093025,0.1389339993122972,7.137851744040699,0.9156253172365016,4.682562844629276,0.22801324969307543,0.02879022607537975
MAC003199,Std,Adversity,1,0.4111160658473781,1.3273333333333333,0.2706492107343834,19.69222846404494,0.6498071675504634,3.2249999223095753,0.3407010650037329,0.12500905950868368
MAC002286,Std,Comfortable,0,0.17255996871928167,0.7047182883480826,0.12804691618177388,8.257929201917406,0.6821761212287156,3.802394038042041,0.34318156529206373,0.04167077368231342
MAC002506,Std,Affluent,0,0.14702334985827367,0.46812769502487567,0.09663465884603831,7.03553233830846,0.6395915586845193,3.1398719518326166,0.3457445183973154,0.03535293191523458
MAC000272,Std,Comfortable,0,0.22247564677246218,1.0251222485330074,0.2039524872294219,10.665279948777506,0.8751653157440119,4.550716794795416,0.2574558674220118,0.08096016130081761
MAC000302,Std,Affluent,0,0.1585390385676993,0.5662815932692307,0.11073360632704127,7.572159340796702,0.6804035890154084,3.5383918660545914,0.3117459868763685,0.041267041113948424
MAC000056,Std,Adversity,0,0.12727629314083427,0.47458159521472393,0.10768866951809551,6.0985030676073615,0.8808258722254191,3.7721455836305977,0.29610896935792286,0.045514764948991204
MAC001409,Std,Adversity,0,0.14713011900485906,0.6960245021439511,0.13036722913722384,7.004781010719754,0.8494411580562141,4.598769588116433,0.25049356780134935,0.03909968596081778
MAC001220,Std,Comfortable,1,0.2936219556797901,1.3370182086494689,0.3008467794830463,14.061098634446125,1.0266615756271749,4.707641328757433,0.24404584946863242,0.12316263616117391
MAC002162,Std,Affluent,0,0.08789252844965642,0.17883870967741933,0.036948625293348324,4.21141129032258,0.7234628907223666,3.00558076404552,0.40223866090378607,0.1499694788009231
MAC003660,Std,Adversity,0,0.1076660499751763,0.45346442687747046,0.0905977258360745,5.148600790711463,0.8164115031955185,4.160351219430959,0.2621474919426606,0.0338522422778483
MAC001246,ToU,Comfortable,0,0.1664183388363153,0.8625555561643836,0.14170589392916594,7.964512938508375,0.8055729418968617,4.905470309126821,0.26479536612022553,0.0405379863907806
MAC004744,ToU,Adversity,0,0.1441340114212076,0.5734077258941344,0.10552300541467005,6.908646638626613,0.7273634092437994,3.9705808878242688,0.2805734415885419,0.026072191449660616
MAC000195,ToU,Adversity,0,0.33720511578282036,0.6757639227602906,0.11609205360387666,16.13928087215496,0.4767682841878258,2.7298488135292165,0.45917740124491563,0.2001095619509366
MAC003979,Std,Comfortable,1,0.9376786380289343,2.0851705294701985,0.3989865387461568,44.80275001076159,0.522124786016844,2.608238483711538,0.4265514818345784,0.5293167417782487
MAC005190,ToU,Affluent,0,0.12585708531051287,0.5022434210526315,0.09847238424804741,6.029002631578948,0.7351747052829649,3.7869388832185327,0.3035081799539632,0.034561452480412355
MAC000011,Std,Adversity,0,0.3147333725396256,1.0698467747983873,0.23172135831368765,15.05943145282258,0.7230689530172519,3.382461379824386,0.3115902326751286,0.09429058923129788
MAC001239,Std,Affluent,0,0.24070742758745153,0.7884337876712331,0.16333074174460227,11.490914761187216,0.6289744930522373,3.134212537371512,0.3741963699175902,0.07953398578391507
MAC000678,Std,Comfortable,0,0.179119064070664,0.9795762461876834,0.21008532476586353,8.58107917624634,1.1334327875274168,5.9359013567755605,0.21338383131045507,0.10695300959467224
MAC005532,Std,Affluent,1,0.3055180675543301,1.4380483156661787,0.29475508263196293,14.514035139385062,1.0894782767530466,5.327707348322336,0.21564073456173555,0.26163894274899574
MAC000969,Std,Comfortable,0,0.09728425610041894,0.696285072686567,0.11513570967928809,4.6602358189552255,1.134800073349848,6.820454105870122,0.17711831043931262,0.023560204713464285
MAC001367,Std,Affluent,0,0.19596690236365963,0.8088929657492353,0.17341650303650497,9.385724769113148,0.8538714885603998,4.149110905272071,0.2629089482834625,0.06987908240118051
MAC004377,Std,Affluent,0,0.10420112129911653,0.6017545331938634,0.11078421405431374,4.988596932496513,0.9800646501225816,5.462977140480274,0.23025367780717762,0.047916499201776784
MAC000167,Std,Comfortable,0,0.12783056467683113,0.5660409640963856,0.11834022383504837,6.125742169156625,0.845301473709615,4.230857029372743,0.3000033674360172,0.08388164694556821
MAC001292,Std,Comfortable,0,0.17114125306210987,0.8478904123287673,0.17471253881294072,8.192964993302892,0.9832565777983256,4.867677947762718,0.2302031366483988,0.054832150482812154
MAC001412,Std,Affluent,0,0.16913775075205273,0.7023905058192953,0.14534236158737446,8.060076569678408,0.842811264757604,4.126121044679491,0.27198663725874345,0.06187274044529618
MAC003759,Std,Comfortable,0,0.24774696843281047,1.0073366741482963,0.21695622887279076,11.85269539258517,0.8674345327389166,4.091397658771166,0.26970767235990706,0.08248256412273715
MAC000833,Std,Comfortable,1,0.2590579941227466,1.3483412452522259,0.29248623502644766,12.414787830860531,1.080649885877258,5.287718642398429,0.22659234805696638,0.15700896603336134
MAC005262,Std,Affluent,0,0.08218391705129516,0.28854847304116854,0.05793155400605556,3.9382403715803442,0.5208386541015438,2.9329141113208044,0.444861786134935,0.05961868481917024
MAC004165,Std,Adversity,0,0.12765552805839306,0.4429230769230768,0.08212261297677079,6.121933846153846,0.6467068666507986,3.41619429013775,0.33060432599384854,0.030981830107674694
MAC004420,Std,Comfortable,1,0.4309593082228261,1.3287057956909363,0.2767032401092319,20.66166270371472,0.636735719057849,3.108797556153148,0.33655384058025484,0.10112526546418696
MAC000347,Std,Comfortable,0,0.12254813275495798,0.49968232030386733,0.0949520372573014,5.872310773342543,0.7636797503915076,4.022405206320817,0.27880571285616146,0.021199253382791345
MAC000825,Std,Affluent,1,0.2963957547816323,1.3254792921597631,0.29216907382932467,14.200384617307694,0.9679138105377617,4.459352003400614,0.24094240398329317,0.09317158169193851
MAC001883,Std,Adversity,0,0.13918176705585386,0.7861993677215189,0.13997439714382706,6.668020570094938,0.9773025062320946,5.585706224094249,0.2000004650161318,0.027007491784433416
MAC003455,Std,Adversity,0,0.15888708318276307,0.6847790703488371,0.13958660964337868,7.595197675581394,0.7769809334667693,3.9093071109089568,0.31744425058882797,0.06836866818313528
MAC004437,Std,Adversity,0,0.20251080567056484,0.9608695663394111,0.23622203648847256,9.678089760028053,1.1848973019273712,5.41508016199276,0.22768748938292468,0.14190110661284622
MAC004258,ToU,Affluent,1,0.38087118541196163,1.424894898608965,0.30956064012043083,18.18991344590418,0.7864108698976743,3.7195868393607934,0.29035135857833283,0.126390518933249
MAC005445,ToU,Affluent,0,0.04613155612973363,0.40273138686131377,0.07614974236544816,2.213808759124088,1.5992709276114938,8.409044659716185,0.16486020158837741,0.02319615422445025
MAC001136,ToU,Comfortable,0,0.12013291470624973,0.33047945205479456,0.07769643242001902,5.749972602739727,0.5827445498445671,2.6351432485203468,0.42598992145165326,0.053804868377679754
MAC004138,Std,Comfortable,0,0.10722316207606136,0.46708769246153853,0.0906743228508362,5.139713846307693,0.7929939552104107,4.176499973406808,0.28534486077601434,0.03354324817880646
MAC001392,Std,Adversity,0,0.043681694889062386,0.3676620795107033,0.06275209268398378,2.090139143730886,1.358272913634229,7.901435389259601,0.16231765302955145,0.014464253009341775
MAC000826,Std,Comfortable,0,0.20306155602257986,0.9591937853550294,0.18858231312256726,9.72381804585799,0.8786919207904331,4.559953040068795,0.25489479215273364,0.08287628506065874
MAC002293,Std,Adversity,0,0.21641168207162523,0.9900132932053177,0.19899611360204192,10.358001474741508,0.9021045533132198,4.5539737591665785,0.24127405530295887,0.06094854585996924
MAC003986,Std,Comfortable,0,0.08777565594030343,0.36699337748344374,0.07019389058192735,4.203905629139071,0.773717276109531,3.9984975049361244,0.2897362265469326,0.02438030384660743
MAC004365,Std,Adversity,0,0.10547279124371013,0.6568784918994411,0.12614350010865233,5.043520949860335,1.0096381186430468,5.287117083979712,0.270726243155027,0.06212950462221105
MAC001535,Std,Comfortable,0,0.10873767862298478,0.6365624033898304,0.1441302710916044,5.213919876117103,1.315349852370246,6.163209647432547,0.18641246120101684,0.06136562368216792
MAC004919,Std,Affluent,0,0.20844036674660096,0.9206214467700256,0.19534203721663843,9.993594312661493,0.8328779920167922,4.160375249258856,0.3137019741585006,0.1173559485499362
MAC001114,Std,Adversity,0,0.1826147015886153,0.9192986435897436,0.19302762573466595,8.736374057767724,1.0601192793590615,5.191885228763004,0.21017974374275736,0.0662837512932188
MAC000185,Std,Comfortable,0,0.12273795404267306,0.771394927657005,0.15370395792112507,5.865885265458937,1.2473349576696136,6.449667974060885,0.18103917298861338,0.047446565930937996
MAC003490,Std,Comfortable,0,0.18979719730101563,0.8349766550583657,0.16461643812344504,9.095398833463038,0.8581817265002631,4.3372805424297,0.2581481727763566,0.03175909662711895
MAC004894,Std,Adversity,1,0.3862431361253854,2.0475519908857507,0.32998103739560275,18.50957638125802,0.8105262414053609,5.05310057974788,0.2598971939447985,0.08604215491517067
MAC005168,Std,Adversity,0,0.10101183956452858,0.49809076713615025,0.07899392359450139,4.840198748356808,0.7589054989435328,4.7884199256106035,0.27999236834607055,0.018477319184323975
MAC004185,Std,Affluent,0,0.10615646155361581,0.5193984615384615,0.10409859434770534,5.090836923076925,0.9756158106256049,4.865869099007458,0.22121333065531973,0.02268427364415447
MAC004981,Std,Affluent,0,0.13295097365660172,0.31894921874999993,0.045606465241823574,6.366869791666667,0.3509417745750185,2.4183557047078863,0.4630345004395242,0.023616859910313277
MAC005073,Std,Comfortable,0,0.2518099381871025,0.49327925132605294,0.09990943634855946,12.039881435413418,0.39838666228214215,1.970154060639097,0.5285838780150551,0.04315288977551062
MAC002972,Std,Affluent,0,0.1024767707518542,0.544883030642504,0.10932878407921177,4.898382206754531,0.9966555514531652,4.58591401788521,0.31059537526538317,0.05735381048531509
MAC005400,Std,Affluent,0,0.11356801376528936,0.5906911565986395,0.13075459923228952,5.4439374152380955,1.159442440771248,5.398303017405874,0.23199293234626958,0.06884654578754106
MAC003562,Std,Affluent,0,0.13200042130472417,0.6134047143418464,0.12138371137014693,6.310153241060902,0.8880710297932288,4.603721359680364,0.2599334493237101,0.06195945666195408
MAC003852,ToU,Comfortable,1,0.3385415005317356,1.3942368437246961,0.3206153959016618,16.209718620445344,0.9243804855701367,4.095918294638445,0.26592093819926277,0.11130378274910338
MAC003963,Std,Comfortable,0,0.11065446911199062,0.7073493372516554,0.12096390300841149,5.256028144867549,1.0324049085872704,6.151258830108739,0.1946512920819515,0.034874769767446995
MAC003237,Std,Comfortable,0,0.2514232983520998,1.085309434716981,0.23971705688127626,12.041135849811319,0.9025391814425875,4.257274533580506,0.2625058182754069,0.11272257907361716
MAC000424,Std,Affluent,0,0.14143492634460417,0.6523792136235956,0.13840088407059128,6.7778750002809005,0.9542942709011863,4.535618903240607,0.2517131694147265,0.039335265003880224
MAC002524,Std,Adversity,0,0.09940678337078007,0.4698868557404326,0.09396195538355058,4.747715474875209,0.9199776402992935,4.675485866000718,0.24554916298953525,0.0353218795434855
MAC003637,ToU,Adversity,0,0.09981086500995154,0.2974664031620553,0.04518802056566389,4.77660276679842,0.45921381050795707,3.0260123063267033,0.3527623167415944,0.01342029640946256
MAC002294,Std,Adversity,0,0.0636379260513226,0.18079462875197472,0.029990146017418597,2.8901342812006328,0.3937598311488335,2.818625834340628,0.40346867689370847,0.007248164703424477
MAC001222,ToU,Adversity,0,0.09367704588879174,0.2641065449010654,0.04550027769467634,4.47466210045662,0.5015065856373347,2.8999942499913653,0.37249841238173836,0.02196217552445302
MAC000473,Std,Affluent,0,0.315416430664519,1.093867607183099,0.2372640430599331,15.110760562816901,0.7357408742456993,3.491441174917376,0.30691069407299426,0.09680135546595604
MAC001973,Std,Comfortable,0,0.2868025063639935,0.9592503971291867,0.18986214865413822,13.704231256618817,0.6534507166999198,3.3499174201383095,0.3296944932766883,0.0821842661973935
MAC003427,ToU,Affluent,1,0.3376132774091478,1.7351760148936177,0.3202210152492809,16.16202321276596,0.9589074307095174,5.187835957817958,0.20075365575414642,0.04481220486656174
MAC003241,Std,Comfortable,0,0.2849165589282277,0.7376698113207549,0.13415523994025003,13.6276150945283,0.46742991734887984,2.597206498472855,0.4077337535670371,0.05967344205977679
MAC001451,Std,Affluent,1,0.2828005342522357,0.7844630803076924,0.1731148836041658,13.523432310307692,0.4465179049256474,2.335835427342125,0.6266827954413597,0.2614880393662287
MAC004280,Std,Affluent,1,0.6731802698292706,1.7765162284389497,0.3404595401500964,32.18504327387945,0.4947201183046609,2.6209662320701925,0.4021462555800957,0.12120056062617098
MAC004555,Std,Affluent,0,0.18675787951594913,0.8829326679551122,0.15197045118288088,8.941960098254361,0.8137808211619244,4.718860329101342,0.2910396012043817,0.0575418759418718
MAC003280,Std,Adversity,1,0.41759011200148227,1.9390417470588233,0.3280852272324789,19.970865275711578,0.7922372562995673,4.732641576932053,0.2214006322023011,0.0688320104951285
MAC000948,Std,Affluent,0,0.2686293935874484,0.8526179104477613,0.15976140268589395,12.850679104328357,0.6069657304744123,3.3157261827810505,0.3498037441072734,0.10714147958819391
MAC005296,Std,Affluent,0,0.09737843706426356,0.5077513370320857,0.09054695544555236,4.660977272860961,0.86185695608265,4.909167060024258,0.2549752543904929,0.02615955864157849
MAC000586,ToU,Comfortable,0,0.21864326511942997,0.541730043686502,0.11663240488713679,10.4701364298984,0.5078575827263052,2.392720057512465,0.4799772817925977,0.07035200984734433
MAC002460,Std,Comfortable,0,0.07788020512301641,0.22305365126676607,0.04397922316600683,3.72522652757079,0.5591918189577917,2.8538327600289723,0.3701366282954121,0.01036018001448209
MAC004104,Std,Adversity,0,0.18332286364872497,0.7491560107416878,0.1543820111623209,8.772731458823527,0.823239294718477,4.064113696308523,0.2734959823612515,0.05754224312289109
MAC004756,Std,Affluent,0,0.08590958985585267,0.43717522537764353,0.09655241924698543,4.074709969184289,1.5215503586811303,7.459892158985172,0.2645025807626895,0.14583269476831084
MAC001929,Std,Adversity,0,0.16910527868961517,0.5958605391442154,0.13764185402720933,8.08757052313788,0.7453371790571974,3.4760681832923175,0.3264055923058803,0.09228962575031925
MAC002663,Std,Affluent,0,0.26216113896005044,0.9704167904047977,0.17412166559557254,12.539628185907047,0.6058033808555319,3.510271105882834,0.35058205860884023,0.08640695236450853
MAC002414,Std,Adversity,0,0.2839779703435365,0.9689746627421756,0.21842979368056287,13.561171382563334,0.754082714116625,3.4165689042995506,0.3147547984525006,0.0787107669021379
MAC004824,Std,Comfortable,0,0.1481222942769873,0.6410431651798562,0.13603301514333244,7.083378416978417,0.925356322312,4.398445365193587,0.25273867105299636,0.04942682378955105
MAC005428,Std,Affluent,0,0.2548602556323887,0.9041006295597485,0.1704391985780906,12.217069183333331,0.5551936697186538,3.2518930471910985,0.41316202168319605,0.13221760299635538
MAC005545,Std,Adversity,1,0.36169489148736034,1.6018945822840407,0.32564571730254643,17.185638356222547,1.2346685741457555,6.139226307147558,0.24035328113105667,0.31853797906764564
MAC000188,Std,Comfortable,0,0.09420973105471345,0.3744467312348668,0.07928553770111747,4.514657384987893,0.8465873739193605,4.027663738327875,0.26650615595669563,0.022835333954426683
MAC000977,Std,Affluent,0,0.13205531082927577,1.0642042978494624,0.20906989552373492,6.314954296774194,1.5738286632130514,8.269881783841749,0.1414398809150186,0.0502054619390114
MAC004479,Std,Adversity,0,0.20675124110499368,1.0766641307984792,0.21967925684328138,9.52508491787072,1.0101253510659878,5.0546796314761995,0.2731042880734178,0.07862909762296351
MAC001101,Std,Adversity,0,0.05096063002105817,0.3145793523882898,0.05345837651337674,2.443989213713406,0.956574380245607,5.48639240532332,0.25974267400156537,0.025490902797744613
MAC005242,Std,Affluent,0,0.14863599782155498,0.6206530050546448,0.12638148410512343,7.119607922950822,0.8284043773122706,4.073796898544258,0.26770421056842025,0.03856788967198649
MAC000580,Std,Adversity,0,0.2499968187359193,0.8909303328011611,0.21917645056580987,11.938246731930334,0.8688150603719045,3.69809325007911,0.29709245431510883,0.12191769915826835
MAC001956,Std,Affluent,1,0.4500711878828106,1.9987643286624202,0.3884156400684553,21.545385345859867,0.8827662251470589,4.615226187990976,0.25363772175560556,0.14764054886770553
MAC004693,ToU,Adversity,0,0.14481560963611959,0.7320804016750418,0.1471743995701832,6.922768843718594,1.0111938811097476,5.088272217067467,0.2271665937347304,0.04578022080888134
MAC005042,Std,Affluent,0,0.30825957788501424,0.9431747709592639,0.1810701334055238,14.745350854270697,0.5539291618771736,2.9770299905744633,0.370797014921322,0.11761887966523737
MAC003725,Std,Affluent,1,0.40704041052636375,1.478709525238095,0.35045246155961096,19.47623095095238,0.8339940164012258,3.652527140778671,0.306427385645437,0.18769068971768058
MAC003209,Std,Adversity,0,0.12734437465774467,0.3623954802259886,0.06548625782970308,6.1024557438794735,0.5135117355383895,2.8457960458360025,0.3708325785884722,0.0213253479292023
MAC001514,Std,Affluent,1,0.8486050943139962,2.137098614329739,0.45422452719328826,40.63771032095532,0.5051421471405321,2.4743108134599807,0.4383753419878575,0.301576358487647
MAC002499,Std,Affluent,0,0.1982839114869734,0.6680331674958541,0.12923741000858224,9.480638473963516,0.6718307868639966,3.481908093472408,0.3297145480630826,0.08619566684072485
MAC000454,Std,Affluent,0,0.19950483891895207,0.9287070429577465,0.21389480375487527,9.534312676901404,1.0502940579768374,4.5938691907451314,0.24861739495643825,0.08839918036886828
MAC003254,Std,Adversity,0,0.24356574461272168,1.6451670188160672,0.33535215646655053,11.662219868076109,1.3760404564552666,6.892172092661666,0.15108521343408232,0.042615480664967245
MAC004478,Std,Comfortable,0,0.31721460354849373,0.8479080751552797,0.177632576889961,15.204971429068328,0.5572136545088782,2.6681106873025597,0.38461509669788163,0.038600977670828325
MAC000357,Std,Affluent,0,0.22425083867314122,1.0434578150760718,0.22379380563077875,10.74622959834025,0.9393996058543609,4.52054978198056,0.2709407061606543,0.09090351820003618
MAC005041,Std,Affluent,1,0.7123593094158688,4.556043361629434,1.0617878074963387,33.81653613298292,1.4752830004460966,6.692486542492231,0.1578722726546684,0.34067869544399115
MAC004607,Std,Adversity,0,0.1433794147100056,0.5642504178631051,0.130976120320179,6.846245409515859,0.9081377681515944,3.9176179278034255,0.2816032005290027,0.03882466812799798
MAC002348,Std,Comfortable,0,0.2998894415649655,0.7544156818047338,0.14677146234783572,14.375565088609463,0.4633715326783596,2.472509654190593,0.4441894734561539,0.07214380024696132
MAC002953,Std,Affluent,1,0.5160050128982768,1.294034710413223,0.22673537960245196,24.721957024958677,0.48128261807545863,2.678565712367798,0.4167212385619876,0.18037750679499637
MAC003296,Std,Adversity,0,0.2886494108103804,1.109872135114504,0.20760608307880726,13.831511445610692,0.7367965289895813,3.9576120709141414,0.2745832797513127,0.10968732725192214
MAC002703,Std,Adversity,0,0.2597592436571333,1.358969971321321,0.26379843641717987,12.43435285585586,1.0453704927931684,5.402211406578428,0.20907942945150207,0.07488059589219125
MAC000339,ToU,Affluent,0,0.29425986189157316,0.9705655168275863,0.21347856189902514,14.058703447310341,0.7138639720919082,3.2879198347356815,0.3258048414190936,0.08468221214138627
MAC004350,ToU,Adversity,0,0.22467046593473017,0.9678259051532032,0.20390949993371457,10.760629526601674,0.9064411584850827,4.357239820644427,0.24850886023050198,0.06891319887469656
MAC001098,Std,Affluent,1,0.3367968037066057,1.6420452506787326,0.34053195719750146,16.092704372850687,1.001887675600973,5.088614115559124,0.23428101099062226,0.1739460260871021
MAC001104,Std,Adversity,1,0.3462767697207734,0.921484162745098,0.20739972743588844,16.519331826546008,0.6063685143508624,2.70503674118661,0.39583399900093963,0.10145590352634438
MAC003921,Std,Adversity,0,0.0583731242906284,0.20691666666666664,0.03846843438914372,2.7906869918699178,0.7738352520618664,3.9467928124576015,0.34431887536666933,0.02576080125052404
MAC002657,Std,Adversity,0,0.11114887582179658,0.5655892049475261,0.11419581876043586,5.322023987706146,0.9796847690321947,4.899841510769327,0.24695353090167116,0.046720995125668255
MAC004033,Std,Adversity,0,0.19212643640112848,0.9245225480106101,0.20873426684827764,9.192403185145889,1.067735223967461,4.859453942494441,0.23039901532057622,0.06501294150667945
MAC003602,Std,Comfortable,1,0.6017157689328129,1.6633234721893488,0.4382909527515028,28.86776922149902,0.725824993266753,2.959242481462553,0.3608784799621593,0.5171570241589087
MAC000116,Std,Affluent,1,0.6540624525725054,1.7626790120987654,0.3643246790895592,31.347656783086425,0.5439155511854258,2.6947161966942703,0.39449684217278913,0.2196326817022914
MAC001528,Std,Affluent,0,0.30271547578917285,0.8184413570987651,0.17191952020821263,14.491063270061732,0.5504672059591588,2.691503917259803,0.40964713115932183,0.1050635085499718
MAC004751,ToU,Comfortable,0,0.2446997175571229,1.3548826895565096,0.2562916108776218,11.6326766788269,1.1839817039560474,6.260783883632234,0.21429515206583827,0.14688801471759869
MAC000982,ToU,Affluent,0,0.18365634047172405,0.7926681606875935,0.16560564101899627,8.780650223617336,0.8776423735342608,4.313948924466826,0.2712825972429738,0.07099085583932084
MAC001690,Std,Comfortable,0,0.23407127742713504,0.8508084722033898,0.16818879873680972,11.124205082372878,0.721652603460864,3.6636339999423737,0.30973952691911605,0.0583011167960757
MAC001497,Std,Comfortable,0,0.08802745195103759,0.3234237288135593,0.06418846187445669,4.215744222187983,0.7030366437994119,3.680357825462675,0.2804615326930678,0.03557567630957333
MAC005070,ToU,Affluent,1,0.44729661545976196,1.7037956296411858,0.42744108852376633,21.453656783931358,1.115254886211577,4.843866856268544,0.249739229490978,0.25850772632205576
MAC004965,ToU,Affluent,0,0.20623904259968603,0.6350090911688313,0.15314892391736715,9.853627273116883,0.7033739830314851,3.177919573213289,0.3502550769105561,0.08770407752132721
MAC001375,Std,Adversity,0,0.06615844669179842,0.5444113140672785,0.09759611498361671,3.166484708562691,1.4483051409261973,7.208655607986514,0.17949886501367676,0.051242673959707045
MAC002003,Std,Adversity,0,0.09578642316997713,0.5314665601910828,0.10669774909245829,4.56045541433121,0.9702381007301929,5.0034313234473675,0.2950794129831418,0.05477784328869399
MAC003323,Std,Comfortable,1,0.3884500558228101,1.0024064893129767,0.19591022619268522,18.511480915648853,0.5039426515224561,2.6097068989522088,0.4094679899512798,0.1181698055059375
MAC001070,Std,Affluent,1,0.24744003707798828,1.6529245853695327,0.38225329792119883,11.688300147058825,1.6616245512331707,7.520357400643827,0.164489824055992,0.15484402238135359
MAC000888,Std,Affluent,1,0.3426300097214757,1.2461426450222883,0.23821252233092524,16.400900445765235,0.6912753107431557,3.6537451145465414,0.31085899074373713,0.11632319251090556
MAC000855,Std,Affluent,1,0.6164433688599241,1.558632592296296,0.29065760209089087,29.532395551555556,0.4676942340306675,2.5532997860379707,0.41381947762439,0.19657083437797668
MAC002158,Std,Affluent,0,0.257238606171085,0.6855571658615137,0.12139184090847129,12.29519645732689,0.466527904522905,2.6429374874970604,0.4063289176768792,0.04222134678156618
MAC000997,Std,Adversity,0,0.11960448535882387,0.4821091177877429,0.08578888783394334,5.702336322571,0.7040969498562002,3.912548570765147,0.3194857013716656,0.03467039501697917
MAC002859,Std,Affluent,0,0.23289555470426948,1.1415242404545451,0.2567231846822579,11.126148481666666,1.0558086740176786,4.821480748740403,0.2335076379852369,0.09376834231925729
MAC002389,Std,Comfortable,0,0.21603215455992802,1.0037868842026823,0.19089393342743508,10.360938895976153,0.858339626019949,4.566424996715695,0.24811634413047934,0.05825042068098983
MAC004627,Std,Affluent,0,0.22858747919266192,1.4561736200333886,0.31457613654503086,10.962362267278797,1.4306328244682356,6.856321975373796,0.15768444604536266,0.0929972078629754
MAC003785,Std,Adversity,0,0.1623026655470976,0.6787802411290325,0.13254501967307922,7.776352821169357,0.8150859815607882,4.249183442693384,0.27294987518811104,0.08073713143996976
MAC002838,Std,Adversity,0,0.17164351271018372,0.7669409090909091,0.1561560984397417,8.171292424090908,0.923440569346567,4.545265239009034,0.2397403749205754,0.045017699131197075
MAC004047,Std,Adversity,0,0.047359855014310746,0.24190663390663394,0.0446928648707322,2.2626191643734646,0.9900387434436468,4.889423842361675,0.2678973135875463,0.04077697390532389
MAC001465,Std,Affluent,0,0.30652173897814444,1.1052709087272727,0.20926778428844686,14.67135817818182,0.6492215279791563,3.486837723264819,0.3205941198935416,0.09257062096558505
MAC003061,ToU,Affluent,1,0.5649458411530031,2.654375572671756,0.4772944795845404,27.037899226412215,0.8427227240880061,4.777669867095214,0.22728198177986184,0.15264112855833867
MAC001791,Std,Adversity,0,0.28881400831663867,1.3459189878481013,0.23040960309487035,13.809941772911396,0.7542925808340796,4.359816863232445,0.3092226892757555,0.06027075467808868
MAC000632,Std,Affluent,0,0.28777301355377916,1.00620494127907,0.23644773316640316,13.782299418023259,0.8150819053990126,3.5482371287905785,0.30415816225389,0.1034591690617251
MAC000719,ToU,Affluent,0,0.07448267236736113,0.36827272683284457,0.05731726925561306,3.5673240464809384,0.7244443901022857,4.643563881604853,0.2986627228645387,0.01301386747060712
MAC000512,ToU,Comfortable,1,0.48546833702234815,2.095055001249999,0.507519958411871,23.186197496999995,1.1631305485032966,5.01879155186759,0.22615002608671886,0.29687171420811526
MAC005018,Std,Affluent,0,0.08963663148254405,0.51901834836173,0.10176318543547459,4.289769331061599,1.1164783198372177,5.6776946002759665,0.20225156003993203,0.030976145632049538
MAC003890,ToU,Adversity,1,0.3178498572674938,1.2261341487804878,0.2833430125424676,15.225154475609756,0.8743129524408887,3.8869610543057997,0.27549636810854655,0.11836152249212674
MAC002235,Std,Comfortable,0,0.2861743516273089,0.942730884264706,0.20242649616849956,13.696501474411766,0.6477218171502663,3.151473131930551,0.3529336203933176,0.11469561455028217
MAC004735,Std,Adversity,0,0.0444399005474826,0.3193080222063038,0.058969359505868936,2.122270772636103,0.9638802520259209,4.881978395891592,0.2383165484067136,0.0768751138562222
MAC004721,Std,Adversity,0,0.24539339085635153,1.0895820272467907,0.22197423110739242,11.755164054636237,0.8979537859872165,4.5131930710964285,0.23450499791685903,0.07337760457816728
MAC003599,Std,Comfortable,0,0.26198393446523927,1.1091278056053808,0.21186768187673616,12.54059193004484,0.8050163967256402,4.243904658278321,0.25722962639475405,0.06073090344391122
MAC000326,Std,Affluent,1,0.3377358785961037,1.411486226446281,0.334874531528406,16.181721768181816,0.951614926793172,4.307401463536213,0.276761806226588,0.24501646134676663
MAC001530,Std,Adversity,0,0.19128698975489083,0.7048043149460709,0.13941115524611855,9.127522342681047,0.7023376983880315,3.5769499482972655,0.31344034216244615,0.05860115704592591
MAC001899,Std,Adversity,0,0.3724189309253567,0.7297278482594938,0.10470143295849306,17.83092246882912,0.28277529411545116,1.9647047575134302,0.5231283190362648,0.049416441441434894
MAC000629,Std,Adversity,0,0.3064276055871679,0.8589912777616276,0.1656130598347356,14.689837209447676,0.5797061355325548,3.02673895632342,0.3611610726753053,0.14797869372336753
MAC005171,ToU,Affluent,0,0.06974919137943304,0.27317444692874693,0.04778180987316352,3.3113636361179366,0.5974467683049348,3.253722394199862,0.4074839625106351,0.033712981038914805
MAC003403,Std,Affluent,0,0.12299879691452165,0.44644038461538454,0.08362242082260367,5.890717307692306,0.626011462707746,3.3784661954661868,0.36268433085384677,0.03792719062111671
MAC000577,Std,Affluent,1,0.35739193230072475,1.3772231886956516,0.3182432996886881,17.131076808405794,0.8719327880589197,3.868792777759858,0.2847238008495718,0.1406807686154746
MAC000651,Std,Affluent,0,0.06741192665200595,0.36361572037845696,0.06421072628228713,3.2192154292576425,0.8781805585694129,5.106280793981478,0.23972624878276044,0.01694822237537832
MAC003583,Std,Comfortable,0,0.1922773924414902,0.887223968762279,0.185665425737435,9.198161100392928,0.9405471809902225,4.63303136949182,0.24644132496987575,0.08015338217681903
MAC002341,Std,Affluent,0,0.25173972725581506,1.371178730723782,0.30471996942205254,12.02317577488922,1.2126365575126081,5.505621705425922,0.19310421962083174,0.055053611141688434
MAC002888,Std,Affluent,0,0.06303843976195256,0.4193448844884488,0.08119749379578085,3.0048184816831682,1.122914650152558,6.049635490308546,0.23654121920353818,0.039404445278845936
MAC002731,Std,Comfortable,0,0.12188331424049023,0.8141327315233784,0.14712351505697507,5.834515838461542,1.171163561880862,6.625527625750218,0.17723127257965923,0.031811976475544304
MAC003862,ToU,Adversity,0,0.1812570425259691,1.313034481744422,0.24956589102604942,8.662168355172415,1.3584252708705273,7.211612694294384,0.16138846661663328,0.06285545997866955
MAC002829,Std,Affluent,0,0.21123263091985708,0.8917287877272725,0.18609541469604007,10.130386363484853,0.8310286970599129,4.106462806598903,0.2686995339152347,0.07442992436203545
MAC000241,Std,Comfortable,0,0.19468250702046952,0.7679665913140313,0.1656048475132921,9.325610243429846,0.8402494768576784,3.9552835641245063,0.2679231233400557,0.04906991902928336
MAC001455,Std,Adversity,0,0.06099812821153847,0.328372308,0.04981115110203287,2.9201353849230767,0.7362373914307534,4.826149498247167,0.3472274491811956,0.017132367679132718
MAC000161,Std,Affluent,0,0.25036762624167885,0.6636792446540881,0.10114444318339123,11.974268342976938,0.3997388831437622,2.6385674222854028,0.4308380568010671,0.041935061600086865
MAC001826,ToU,Affluent,0,0.11474007765761375,0.6617962086887835,0.12444975184119003,5.500009479304897,1.0410351856619882,5.811608627310639,0.21663605891408455,0.061846134016618794
MAC002470,ToU,Affluent,0,0.12215669258541995,0.7812343291044775,0.14524804603022903,5.8501119414925355,1.1556876419459219,6.421406834334206,0.1781765159480539,0.044303687296574475
MAC005160,ToU,Affluent,0,0.2354920683632536,0.8429093754687498,0.1902615669664171,11.270998437031249,0.7986088169396819,3.5736848563525987,0.2955735891473027,0.05189816282416386
MAC003039,Std,Affluent,0,0.16659794157346344,0.8926493902439022,0.15953686451770868,7.927149390243902,0.9505117456960444,5.371288458532394,0.21226990631385503,0.029676777327121324
MAC003406,Std,Comfortable,0,0.263381215898885,1.0014961515384617,0.21797006762051618,12.62194999980769,0.8089006333028061,3.8063916041910533,0.2769238355225818,0.07394145532997816
MAC001959,Std,Adversity,0,0.11874628728442707,0.6259248287015947,0.12361169438761317,5.672801821412299,0.9952894513579905,5.1978866747663295,0.24120069741278508,0.07356940648089093
MAC002791,Std,Affluent,0,0.08713036767309362,0.31371104387291987,0.06635773709678537,4.1687080181543115,0.7282884465015537,3.273110904379684,0.36019655768272035,0.02973540091533809
MAC003992,Std,ACORN-U,1,0.7159492616728059,2.210357614900662,0.5218139090866641,34.31627317235101,0.7945425709005651,3.3651061596526897,0.32087289030071325,0.30502494611269854
MAC001599,Std,Comfortable,0,0.13186174475572263,0.48086538493589753,0.09164677072187022,6.085429487499999,0.6531376381753664,3.4603132719791327,0.3562410040707089,0.06908161733983008
MAC001189,Std,Affluent,0,0.08216238994972797,0.4259909090909091,0.08955161440782138,3.8807772728787877,1.0501721791116885,5.048512661943337,0.24856750715881298,0.05017465669409871
MAC003266,Std,Comfortable,0,0.09224306663711583,0.3436155303030303,0.07898080937635535,4.418047348484849,0.8537889224917609,3.710540958578869,0.2810020898648993,0.020900476663238427
MAC002492,Std,Affluent,1,0.39019058964799036,1.6671907117744609,0.3881487451554494,18.688663346932007,1.004697599832272,4.347008306676234,0.23563883439928482,0.07806163090250172
MAC000051,ToU,Comfortable,1,0.32289495165564874,1.4575710781862738,0.28809590524902723,15.448025736519607,0.8881716759203865,4.652944285635129,0.2336735164784143,0.10546596560459083
MAC003341,Std,Comfortable,0,0.19294493309566108,0.8264731806513408,0.14757273954301656,9.23759770191571,0.7462940411119325,4.220908953252958,0.27009318796486564,0.0396106496484931
MAC004954,Std,Affluent,1,0.4317334866337784,3.5481233741558444,0.8745833614209282,20.42836363831169,2.288891229149257,11.183698055405989,0.10815470206427111,0.3275661081625783
MAC001199,Std,Affluent,0,0.07672130269573585,0.5466060607575757,0.100511291179142,3.670037878939393,1.2831437952076388,7.072227534673179,0.156804041986269,0.014432588328344386
MAC000880,Std,Comfortable,0,0.11384023279529165,0.37773293768546007,0.051784186899216184,5.455160237388724,0.45601941306309285,3.3133543221529154,0.34755887655654766,0.016761841870797486
MAC003990,Std,Adversity,0,0.08066033802428256,0.3376390728476821,0.06314386110977278,3.8631192052980134,0.7199078625771156,3.9567247605973845,0.31385047085711926,0.02204313508248653
MAC001921,Std,Adversity,0,0.07717630423470045,0.35149652777777785,0.06666157386287082,3.6502569447916664,0.8441570114648438,4.520938523183279,0.286678407756217,0.05488066211226242
MAC004049,Std,Comfortable,0,0.19064036273750923,1.1415704809286895,0.2451733252134634,9.130550579601993,1.2022226783078576,5.788717990273615,0.21873002338886063,0.08554293499971626
MAC001366,ToU,Affluent,0,0.17077113710324512,0.5337838430131006,0.09592660187812295,8.179969433406113,0.5435276082000918,3.15781730999116,0.3752006934350375,0.12794545810967398
MAC004574,Std,Affluent,0,0.28402343345211134,0.7196004991260925,0.15557049352652444,13.61511985280898,0.49957689615272816,2.4830170503343285,0.4263049554530841,0.11874488341176614
MAC003926,Std,Comfortable,0,0.10249174995187967,0.4308893528183716,0.08510044882326166,4.897693110647183,0.806429895536584,4.0638750400142785,0.2790277868330856,0.01742050249150123
MAC000913,ToU,Adversity,0,0.1280755020835104,0.539867952522255,0.10829273540093926,6.131698813353116,0.8268709835040788,4.177614733156518,0.2742963579559115,0.04646702581082372
MAC001504,Std,Affluent,0,0.07577001803839542,0.3125987646604939,0.07372470944466586,3.6298518504629627,0.8664556336766633,3.7086291658553137,0.30108145017546667,0.04717281200269308
MAC002800,ToU,Affluent,0,0.06824621152483434,0.21209682299546143,0.03975470210285519,3.2587458396369144,0.558281287515924,2.9441733644315216,0.4102682263641488,0.012503859714784906
MAC000565,ToU,Adversity,0,0.11038485097637954,0.3107144926086957,0.06352216130908865,5.2842971013043485,0.5668847970757079,2.7898042115556017,0.3843488059859822,0.022979802360837576
MAC003007,Std,Affluent,0,0.16732443521315743,0.7791920722560975,0.15894859239758685,8.003661584298783,0.8619662887720355,4.236575504336765,0.2891475130970324,0.07502209164811455
MAC000897,Std,Affluent,0,0.1061647718648668,0.4095385756676558,0.08024489921258829,5.078470326112758,0.6876085648199042,3.596375973063359,0.3162961971665335,0.035419412320169395
MAC003814,Std,Comfortable,0,0.12215711208689506,0.470969758064516,0.09532214130115126,5.82448185483871,0.7683558780731079,3.7937701190453486,0.29755628203455636,0.028180519533981745
MAC005075,Std,Affluent,0,0.28151557262835525,1.01307812578125,0.21875675822954505,13.455871874374996,0.7379830185549551,3.558678729170073,0.30146013757911916,0.1023567164833712
MAC003967,ToU,Comfortable,0,0.20768928385536878,0.49915066225165555,0.09800221212686092,9.941865894039736,0.4664659071376005,2.3913024248402808,0.439839847929399,0.03554946949597629
MAC000155,Std,Affluent,0,0.29110979023877104,0.983800240673887,0.20054537349683724,13.942808663898917,0.6914955754127298,3.410275488372857,0.31019800764320543,0.07561696351163569
MAC004007,Std,Affluent,1,0.39230973407183495,1.1303476822847685,0.23542260164287948,18.777549671688742,0.5944688903063956,2.918587831031937,0.392298506047538,0.17517416833577648
MAC004401,Std,Comfortable,0,0.18208724366822973,0.763858543137255,0.1575734202434448,8.701361344257704,0.8444808206213209,4.169784767766026,0.26127121566316697,0.04915082206478286
MAC001592,Std,Comfortable,0,0.2073258047737644,0.9250449617054265,0.17351677656418982,9.918372094418608,0.7762820801408232,4.2346685920654075,0.2993574175966852,0.058933287739196254
MAC000962,Std,Comfortable,0,0.11868821187552925,0.31490746298507455,0.06269698773401963,5.67370000044776,0.5194085952311968,2.638697854918592,0.4135367096601579,0.026195656075931495
MAC001376,Std,Affluent,1,0.3175052966774075,1.2017920474006114,0.26822576245246793,15.160305806727823,0.8539442411383088,3.848680768099178,0.2811258642787399,0.09180439823932263
MAC004922,Std,Comfortable,1,0.44403804717361434,1.47129107309185,0.3120109661971064,21.296707632858986,0.6411298358487812,3.172887564866833,0.36381863629086836,0.1731772091322883
MAC000482,Std,Affluent,0,0.18961736305720506,0.9590056346478874,0.19446004377296233,9.07473380422535,0.9829529107569724,4.935273330831947,0.23426823348979592,0.06322431954143005
MAC003978,Std,Adversity,1,0.4401618711486696,1.7099850986754968,0.3574668447139938,21.072665559271517,0.8047913171252865,3.968150679980825,0.2672436476552454,0.14737586997337254
MAC003044,ToU,Comfortable,0,0.14102998452872287,0.7990304881097563,0.1445652811134613,6.754150915396339,0.9806359147895924,5.522875681314845,0.22076316984579197,0.044729088039547386
MAC001706,ToU,ACORN-U,0,0.21691684297453362,0.9315242574334898,0.2037950709208188,10.378306728012522,0.9176306225265133,4.295825073619114,0.26063564735891287,0.07478188744537018
MAC003389,Std,Comfortable,0,0.26068508811698715,0.6326961526923077,0.10798372348783628,12.48146153730769,0.4098524000050688,2.412145898874054,0.452241299011396,0.05323359763120901
MAC004221,Std,Affluent,0,0.07863171098682739,0.27203086419753086,0.047902556797572174,3.766279320987654,0.5733100781758694,3.26184788984233,0.40630802466491966,0.02787748525136301
MAC002424,Std,Adversity,0,0.16993559290292043,0.5544999995522387,0.09736172712803189,8.110261192835818,0.5400588979089597,3.1639130376504823,0.3769845348245729,0.04767354434381715
MAC004329,Std,Adversity,1,0.35147960589347893,1.095354659527121,0.18345309459926876,16.846308764951324,0.4926854687778615,3.0170590611727515,0.3707850953279635,0.06419409842712706
MAC003175,ToU,Adversity,0,0.24166945202786155,1.3551996266791047,0.25191907522277096,11.57780410541045,1.034387579143098,5.578788584875674,0.21286238009323466,0.0770025539648412
MAC004591,Std,Adversity,0,0.061413485890653575,0.3044357262103505,0.06896037158186591,2.9270267111853094,1.1343967438082705,5.039243914281304,0.212104384395471,0.017374966497322238
MAC004318,ToU,Affluent,0,0.1134140670111521,0.45892569705882347,0.08825678968113393,5.421258514396285,0.7521808505964401,3.893104706872874,0.30424150093239,0.02695388552816392
MAC004141,Std,Adversity,0,0.1426818993785219,0.7622153846153847,0.14828164362468815,6.839555384307693,1.018964738807269,5.309536126872141,0.2123834093018769,0.04032462113160626
MAC004955,ToU,Affluent,0,0.20699611903928578,0.7803727271428571,0.14785734616330012,9.915666233246753,0.6548616551914154,3.5844116625875944,0.3256467782090609,0.06860435498006061
MAC001074,ToU,ACORN-,1,0.4821800449678542,2.2675286299559474,0.4898552401068269,23.021158577092503,1.0162263097018491,4.735962099790029,0.22556644148292868,0.10171357642409182
MAC004577,Std,Adversity,0,0.11562188977265858,0.5537248744974875,0.10067259015342861,5.541959799371858,0.7560012562010425,4.33928065099808,0.2999009708407407,0.05387779374243043
MAC001969,ToU,Comfortable,0,0.09136528396248811,0.2850985688394275,0.059511299055132735,4.379960254213037,0.6138332663828903,3.0082362959240943,0.3697280325634557,0.029311963201507685
MAC000587,ToU,Adversity,0,0.061614342080206705,0.2766966618287372,0.04596190149770896,2.953687953555878,0.7519336365829571,4.385819510044226,0.2771801969182592,0.01894505438109535
MAC003527,Std,Comfortable,0,0.27735225491732,1.0902823517647062,0.24788386442862964,13.251882355882351,0.8990147418793261,4.307246520663552,0.2636755971672378,0.16006409851336414
MAC005373,Std,Affluent,0,0.17520281665614906,0.8262598106901216,0.1586771216572566,8.391533153585927,0.8493378475955385,4.492764366815776,0.2660326670596353,0.05610318415433534
MAC001506,Std,Affluent,0,0.2420291848200064,0.8742172571648694,0.20127716694351475,11.530741139753465,0.7727359583868023,3.464023628917554,0.3304402402835669,0.14102141504665652
MAC004957,Std,Affluent,0,0.05346405067888227,0.23537922064935068,0.05570472696497024,2.563023376493506,0.9628657726902468,4.148820852618768,0.2663817764259806,0.024673626028424933
MAC000745,Std,Affluent,0,0.032309448533204395,0.35446041158357783,0.05615806863727816,1.5444413501466279,1.216588715908237,7.759742075570473,0.3044758313830544,0.022840221270294427
MAC004299,Std,Comfortable,1,0.36222221855130754,1.1558495595132745,0.21646237934547435,17.27810619535398,0.6056770236965842,3.2912160585795984,0.3352466604790224,0.1209693987333104
MAC003437,Std,Adversity,0,0.14685323960343474,0.7732093023255814,0.16800760766020734,7.038718992635659,1.0761509056737417,5.065867248322661,0.21930037778418945,0.059764423586606004
MAC001447,ToU,Comfortable,0,0.15234926324344292,0.6979030770769231,0.1328040379206819,7.291927692461538,0.8200748345589741,4.347760064963425,0.30897142621646917,0.08554489758852257
MAC001361,Std,Affluent,0,0.17462473547680338,0.5032343036753445,0.11123719802987726,8.35660796385911,0.6315185429168677,2.850012361652906,0.3856167827603618,0.049890816143132996
MAC004647,Std,Affluent,0,0.2151513702818139,0.927449831103679,0.16867534125945938,10.304563542809365,0.7666631035810227,4.340169040487982,0.25760923361274707,0.057696372277869924
MAC001955,Std,Adversity,0,0.2256834605907299,1.0880445154213036,0.22112639370081966,10.805087439745629,0.9577584844614111,4.751470759126004,0.2355162245455278,0.05857629342119288
MAC002645,ToU,Affluent,1,0.34955250978892327,1.0188892203592816,0.1981979611475748,16.652649699251494,0.5575039085705952,2.900667015551057,0.3854964082715518,0.08033444556308206
MAC005275,Std,Affluent,1,0.5475322519533019,1.7041103716755324,0.3600609437985497,26.230030580319145,0.6331218718215835,3.105353568413664,0.3520511956467212,0.1727521776915988
MAC001704,ToU,ACORN-U,0,0.11181100169225222,0.4881604359813083,0.10410666564213165,5.345903426791279,0.8381774927868743,4.088115011053643,0.28044654949826586,0.05125105529184646
MAC000113,Std,Affluent,1,0.5194162422803603,1.4589469137037039,0.3148958527885453,24.635883949876536,0.6065364132416973,2.808508613612848,0.38797859284017583,0.17362536570737594
MAC000765,Std,Affluent,0,0.1999317441849559,0.8179676479411765,0.17049800694739514,9.581660293382356,0.8397596543155731,4.108279949056181,0.25919247491626873,0.088118568021574
MAC002198,Std,Comfortable,0,0.14652345352352752,0.7880699203252031,0.13585651181425304,7.018908944715446,0.9263576135124754,5.435587682662724,0.20105091785209256,0.028122305350127583
MAC001977,Std,Adversity,0,0.11793942796835541,0.46999681528662424,0.09618416030353868,5.646842356687898,0.8058241172938877,3.9497470230210308,0.2770363384363501,0.029327416432842267
MAC000127,Std,Adversity,0,0.19685723160031088,0.6391718165636587,0.12299211964875963,9.432253398640297,0.5755137569290955,3.054017647550366,0.3827358346776828,0.06038517120331932
MAC005187,Std,Affluent,0,0.068289638743876,0.3006105264473684,0.05974500348953336,3.2644078948684205,0.810383184385792,4.191997764392773,0.3090974328461642,0.04092764237622147
MAC004676,Std,Comfortable,0,0.27041684558374557,1.1692558494983283,0.2565097415981167,12.927652170401338,0.9220730622166863,4.301282175191961,0.2608088130111173,0.08729642977078474
MAC004569,Std,Adversity,0,0.10279841555324776,0.5963558052434458,0.1072458941464153,4.924200998626716,1.0265244390544535,5.818123050350464,0.20053491744634383,0.037689032741009404
MAC001636,ToU,Comfortable,0,0.22239067509340146,0.5308193149532708,0.10427303853157485,10.636655763551406,0.46269119438700523,2.3863117873098445,0.4354183283912538,0.03426413732374004
MAC000377,Std,Affluent,0,0.12662248270223553,0.44417614410540923,0.09586361780277436,6.039386962413314,0.744083712251961,3.4320663510585505,0.3223770712925853,0.026604517456069864
MAC001524,Std,Adversity,1,0.3719333917900228,1.3615362083204932,0.30273049225390014,17.770001536825887,0.8882420322613146,4.089549984443548,0.2716965181804986,0.1906699030575781
MAC003444,Std,Adversity,0,0.14647124479059895,0.6247131792635656,0.12207992039548415,6.986742249418604,0.8103947719206189,4.272192273895433,0.259256755874499,0.050854293750619624
MAC003669,ToU,Adversity,0,0.15463981583442077,0.617960498960499,0.11779617153929295,7.323711018503118,0.7538038007341007,4.016820223728615,0.2850713482931467,0.06559791292799083
MAC003822,Std,Affluent,0,0.14536293566527783,0.6171797979797978,0.11472410979610995,6.958983838383837,0.7522835158104484,4.049359521824052,0.302957984472356,0.045302748352781474
MAC002451,Std,Comfortable,1,0.32321951959669853,1.2451687610412927,0.23790151035699184,15.43082585368043,0.7254429271872672,3.82945787888484,0.295213103998018,0.08923293839341719
MAC004398,Std,Affluent,0,0.07607867949480916,0.5232408962184875,0.09736010700657105,3.642368347478991,1.1671679409388367,6.32341044892475,0.21182477674372835,0.035508990534688444
MAC000830,ToU,Affluent,1,0.41177323867500665,1.3529674059259256,0.27110092649667933,19.72968295822222,0.6356310289983915,3.319981959885308,0.32369604219673304,0.14383818269807322
MAC003680,Std,Affluent,1,0.3547592770769758,1.183621509561753,0.2223423996419522,16.973153382270915,0.6084716807257472,3.308433869639781,0.3379824776492575,0.1359880443592435
MAC001215,Std,Affluent,1,0.6147888793162819,2.0393080418816387,0.45678551621203317,29.37969954522003,0.7908710063438028,3.5846041419689305,0.30701402944238887,0.26027072815704577
MAC000180,Std,Comfortable,0,0.22507721695942093,1.6621340621980676,0.30332925760499896,10.788061600724639,1.3586196326882052,7.57248646279865,0.15506537367420142,0.07380688105501519
MAC005021,Std,Affluent,1,0.3812756695079474,2.1872830933158585,0.5416771050764303,18.135809965923983,1.5409578736296894,6.605489486742027,0.16717338771129284,0.25299525006699153
MAC004707,Std,Affluent,0,0.2722812887125889,0.8877906202680065,0.16673517961982912,13.032185930318258,0.6063460681193681,3.237958653702043,0.3315759001138148,0.04377461412154117
MAC003810,Std,Comfortable,0,0.26634218207669735,1.037800402419355,0.2344764954916825,12.744264112298387,0.8751286899313255,3.9253832600542933,0.268611651293085,0.07329732318699271
MAC004651,Std,Comfortable,0,0.274924218561767,1.002921404849498,0.2180498094054222,13.094493312040132,0.7838938540281722,3.660761636150948,0.2979142785540591,0.08802560857396781
MAC001023,ToU,Comfortable,0,0.15665015018759296,0.4136517189835576,0.07811517653960558,7.498161434977578,0.49482894215763434,2.637352141493129,0.41692977562683087,0.025634974467202337
MAC004235,Std,Comfortable,0,0.19405395826469665,0.5558811725308641,0.1115101986322134,9.29035648132716,0.5681190989384706,2.883698136650158,0.3703481818494138,0.04470863949646088
MAC005053,Std,Adversity,0,0.09887075735732752,0.32676791277258566,0.06794451830297854,4.732121495327103,0.6753955742190203,3.2588961270122145,0.32678495757479764,0.016518552336963623
MAC001961,Std,Comfortable,0,0.1314026726292887,0.30005732484076436,0.07027326757631726,6.2936273885350325,0.5366086896928683,2.2771266715358593,0.46487426245248,0.027580235291824212
MAC005045,Std,Adversity,0,0.09056952128744565,0.46821419145860715,0.07568152924469054,4.335793692115638,0.7738769417604479,4.81839832842032,0.28906664233161633,0.02020582099279653
MAC005108,Std,Adversity,0,0.19742880512890496,0.7713354134165368,0.1728418333381236,9.44743057769111,0.8716569727187905,3.951367525229407,0.27434098463668927,0.06413516219913108
MAC000541,Std,Adversity,0,0.04493354943681595,0.21294492782608693,0.036742601150476915,2.1461550727536234,0.63045078755069,3.4456440650395237,0.45551054165904675,0.0361189952289477
MAC004275,Std,Comfortable,0,0.2782886849953569,1.1385610513137558,0.21586565080618134,13.311227202472951,0.7663815043485114,4.085846997891002,0.2636306701372402,0.05712684390302556
MAC005035,Std,Comfortable,0,0.22651196634544687,0.7420656170603674,0.16054923307521943,10.850081365091864,0.700804180328292,3.2637629666872843,0.32843030249696553,0.051212713440864685
MAC002588,Std,Affluent,0,0.17521855116648327,0.6739783323333334,0.12902669707210918,8.396229998666668,0.6895176838777916,3.643827460604838,0.3382682344004668,0.06510783632400399
MAC004722,ToU,Adversity,0,0.21887036482678576,1.3401012844507845,0.28780498422143125,10.45160627275321,1.3344234742498837,6.3618440322318435,0.17565379282874002,0.08452633440134677
MAC002579,Std,Adversity,0,0.14758080599534573,0.5757399998333332,0.08787383066365397,7.0735366665000035,0.5850060710411238,3.8312281726893826,0.31183840411150715,0.02128215380344073
MAC002610,Std,Comfortable,0,0.20937772962225684,0.6544699993333333,0.13547192419230591,10.016763332999998,0.5287942117418146,2.7474702885779743,0.4389250789850183,0.11432624138195889
MAC004454,Std,Affluent,0,0.03814005561853354,0.2642612360955055,0.05626614635530057,1.829387640589888,1.212607245272218,5.272389070397692,0.30504739976848533,0.03951911198822452
MAC000869,Std,Adversity,0,0.10557914780189602,0.3918844444444444,0.07124020936273252,5.052358518518518,0.6349252946538668,3.5685984750059845,0.3307017977145843,0.0233305873552157
MAC004438,Std,Affluent,0,0.16280830520839892,0.6902258072931277,0.17104269971791033,7.804413744880786,1.0528751339398803,4.358937404563455,0.2604773535551371,0.0757945095520742
MAC003572,Std,Adversity,0,0.20873668569684814,0.8073880641791042,0.14366893997135108,9.978194035074626,0.6545826070031548,3.7793440182096334,0.3100424535998948,0.06046384060057147
MAC003010,Std,Affluent,0,0.07961133068255949,0.28268091618320607,0.04653755984609549,3.799419847633587,0.5317909200085937,2.990621727948093,0.5311793509904668,0.04656745775300834
MAC004624,Std,Adversity,0,0.03502633672720109,0.0949222222222222,0.016806515226844777,1.668875,0.36314915749589083,2.2746090692840895,0.6208802738587722,0.025940915933495064
MAC003778,Std,Comfortable,0,0.13311990216150385,0.7782084156312625,0.1603382450982367,6.347685368136272,1.1814545682936075,5.795109299262001,0.21462235171877578,0.07132660097699925
MAC001014,ToU,Affluent,1,0.7842780550184567,1.3909865497757852,0.18925054888692067,37.523379672197315,0.3987907156171098,2.3406634004594276,0.5024886862145609,0.5490813061103735
MAC005512,Std,Adversity,0,0.0508555976928465,0.3610394736842106,0.0741986870601649,2.438173976608188,1.4173547728041016,6.8938301436854275,0.1670637263894867,0.016445738580666548
MAC002329,Std,Comfortable,0,0.051957536280847594,0.35184342688330866,0.0749255389289306,2.4881418020679464,1.3666592608888164,6.415893884743636,0.19291763628275083,0.02128079149408895
MAC001243,Std,Adversity,0,0.19081140977893923,0.8072267885844749,0.14812522039620823,9.063575342922375,0.7561393776233833,4.181739766801275,0.26302716894437383,0.04109894475411358
MAC003065,Std,Affluent,1,0.36878837386987734,1.1605701219512194,0.2611450117218754,17.666685974390244,0.6888478555116953,3.1280453548467104,0.34465697603513634,0.12850546024690943
MAC004100,ToU,Adversity,0,0.04205895001298377,0.19932159264931085,0.04076774677347294,2.0132542113323124,1.0018858190399789,4.8064440671730235,0.23612984759326924,0.019909034608623557
MAC005499,Std,Adversity,0,0.18693203543597836,0.7900950302631582,0.15300994528244916,8.943666666959064,0.7555953763595737,3.9878131678566864,0.299614415748459,0.06336082886426259
MAC001485,Std,Adversity,0,0.10835545408681378,0.6121725741140216,0.13095094903309987,5.196379045762713,1.1095009535044256,5.343792727664185,0.21624996587853546,0.04509468815955234
MAC000648,Std,Comfortable,0,0.17253745700005374,0.8565797989898991,0.17263127302062403,8.265428282020201,0.9547233260936566,4.892842840592441,0.2423709238933669,0.05248436097056567
MAC003417,Std,Comfortable,1,0.34330081846837174,1.1988684705996133,0.24131151810521706,16.442220502901353,0.6870713780660376,3.4499680130075476,0.31098943788504724,0.07662351790291416
MAC004542,Std,Comfortable,0,0.06445471370657904,0.2597397260273972,0.046683385581514206,3.088402241594023,0.7178181249788158,3.9943371877790224,0.29194544959305546,0.01140561819625019
MAC005377,Std,Adversity,1,0.20901393222997453,1.2219051514905153,0.3564421787215083,9.848418702439025,1.4758987186831563,5.21722031145694,0.2882145525268042,0.16576028156538367
MAC001630,Std,Comfortable,0,0.176728084152009,0.8086718502332817,0.18426387674465297,8.466760497200621,1.0615015282401754,4.744083378405389,0.23428588705517053,0.06830443641832361
MAC003346,Std,Adversity,0,0.10201375738899408,0.5943636363636364,0.11147910573220407,4.782897728409091,1.0355914111499247,5.577710759688698,0.23788957851949338,0.03266721972185218
MAC000803,ToU,Affluent,0,0.21184847768002793,0.855096153254438,0.18957604524024813,10.098106507692306,0.8964190104836244,4.124431935791504,0.2757427930298491,0.09070884891075198
MAC001868,Std,Adversity,0,0.16099601411850278,0.514370429252782,0.09479044076292968,7.704678855166935,0.5691509547529677,3.120025265450105,0.344478727713996,0.03650355553062909
MAC000325,Std,Affluent,0,0.011214323788744943,0.06672019077901432,0.016412315485008395,0.5374451510333864,2.0311213997494013,9.527512532631127,0.16383676038816974,0.011141647500859058
MAC005561,Std,Adversity,0,0.15190877633566896,0.6027283738754325,0.127266045638802,7.270024221453286,0.7796539529424839,3.843919393986574,0.2927747866331547,0.0571999074157585
MAC002979,Std,Adversity,0,0.09430536897016584,0.40152727272727284,0.0855721437654233,4.524337190082646,0.8975649049125988,4.203004995315224,0.2604495294708037,0.02451567122084653
MAC000014,ToU,Adversity,0,0.13013290748521136,1.0327216687872762,0.18490208377306908,6.235151091650099,1.4227448738257733,8.033910896660508,0.13717412616370186,0.03293065465216829
MAC005284,ToU,Affluent,0,0.07451395832443107,0.46332223715046605,0.08536549637376184,3.5698881494007995,1.0493014069274256,5.747039971426382,0.23437586274258201,0.02815989734423003
MAC005235,Std,Affluent,1,0.5769051343478078,2.284991915363882,0.5397332605462075,27.557464949056605,1.0756526156061246,4.672091777436628,0.24603306486421078,0.340690222462411
MAC004533,Std,Adversity,0,0.23441371792534937,0.5782241594022414,0.1059545802238684,11.229209215442097,0.4529462059355375,2.4559512681869586,0.42835314872840957,0.04613981423566154
MAC005237,Std,Adversity,0,0.18821163611844008,0.7957658731481482,0.151321606940486,9.0126164026455,0.7905404908236369,4.190676365392551,0.27067549035941846,0.05802227538272075
MAC005324,ToU,Affluent,1,0.30977449589037437,1.1759489250000004,0.23960508505483386,14.831825267473121,0.7512755912031631,3.74364181678213,0.28639398585168435,0.07376019411400857
MAC005254,Std,Affluent,0,0.16736731823859224,0.6568331132450331,0.1239068268342446,8.015320529403974,0.6805172995693629,3.778951475769319,0.32242552442756367,0.1052488043477556
MAC005529,ToU,Adversity,0,0.16309240949362164,0.8049502934210526,0.15165316436392243,7.809008772076023,1.1247491143584052,5.99174335116214,0.2628761228446989,0.11514188131120882
MAC005253,Std,Affluent,0,0.19552226242459084,0.8893456945695362,0.19105567865860404,9.362513907284768,0.9665381601207772,4.6345089685669,0.23913401311086027,0.07725095570274826
MAC004300,Std,Affluent,0,0.15411884825875932,0.7436599684698609,0.15098345810544608,7.378703245285935,0.9585357247851058,4.750734965508082,0.2336900086457375,0.03759020248453876
MAC000499,Std,Affluent,0,0.14214677222678462,0.7227138801699718,0.14683490099307817,6.813473088101984,0.9294342074203434,4.778372071059467,0.2637289072233343,0.08064329947890478
MAC005564,ToU,Adversity,0,0.08388093493636348,0.5539636669550173,0.09420706313869139,4.010738753114188,0.9944939615994803,5.635168046261025,0.26376703436542764,0.027776147456042958
MAC003033,Std,Affluent,0,0.27636513754244924,1.2517393292682928,0.25826557894913643,13.223859755182923,0.9045406640566791,4.444943957972438,0.2529810855645768,0.08200261851994513
MAC000316,Std,Adversity,0,0.08309803279799048,0.4088638235213205,0.08847461286152063,3.975324621458047,1.0230531941211534,4.765221379947862,0.23188731192350184,0.040149256370548454
MAC004927,Std,Affluent,0,0.16095854212625987,0.8720297535575681,0.18326240164556332,7.706463130401037,1.1354541246428425,5.49605575377213,0.21954303769840258,0.06561063950067762
MAC005304,Std,Affluent,0,0.05941314137096522,0.30848058902275766,0.05453179650556573,2.8432503346720215,0.8689517807952729,4.905269209872151,0.2351323999497514,0.016951392520226993
MAC001490,Std,Comfortable,0,0.12657379812632702,0.5411003084876542,0.10341555466229915,6.0520401233024685,0.7944521074023658,4.176992375264471,0.28016260870253606,0.035965145792199456
MAC003832,Std,Comfortable,1,0.5204245335077986,1.2330949505050504,0.28204427176419883,24.891808082626262,0.5642539312004795,2.457757081403233,0.4245925225086677,0.16300416027901585
MAC002863,Std,Adversity,0,0.057265552168803434,0.39243181863636356,0.06765546932926889,2.7444772733333336,0.9835743776440009,5.515759947630043,0.25639003540738003,0.04703853737239896
MAC003008,Std,Adversity,0,0.13363065852716907,0.37651371951219514,0.07356986140559447,6.394916158536586,0.5503542178069148,2.817463516522154,0.37279717373115934,0.02004485278603795
MAC001113,Std,Adversity,0,0.19256423665235559,0.6513665162895927,0.14577111471752105,9.223078431825037,0.766700607015969,3.419631683538063,0.3147031876376438,0.041300917424988134
MAC003308,ToU,Comfortable,0,0.09323898357162917,0.40666030515267176,0.07421071322609477,4.464139312786259,0.8006023822865195,4.412447098039367,0.2519141954904859,0.029805949664498402
MAC000931,ToU,Affluent,0,0.08309857881696316,0.6582253729850748,0.11393668841521579,3.978314925373134,1.3384696035462083,7.940935775065236,0.14954759393824324,0.025103757494705625
MAC002120,Std,Affluent,1,0.38709302795756007,1.601461416237942,0.3767489977360615,18.556620581832792,0.9908853471311602,4.28545670189814,0.25566652772732257,0.1459282117175827
MAC004945,Std,Affluent,0,0.2032296329789795,1.06811269507772,0.22921703586895342,9.738067357253884,1.1367839609579542,5.475913027419872,0.2058397937433562,0.08551328162958675
MAC003995,Std,Adversity,0,0.10232858167425497,0.45872350993377486,0.11668553573484487,4.8994321190397345,1.0209918103587616,4.376184336423145,0.2708625484939424,0.05834264113265704
MAC001087,ToU,Affluent,0,0.18917588427740464,1.332701356259427,0.2594592656671068,9.064064856259428,1.3296577763767832,6.834280008933726,0.17042862024996636,0.07983828605396062
MAC003816,ToU,Adversity,0,0.21738417459137385,0.8860120971774191,0.19050409206845842,10.397088709879027,0.865608527389326,4.05920494426652,0.2571683183930503,0.03615362410708454
MAC001282,Std,Adversity,0,0.07215580952101316,0.3535098936073059,0.06987642263267424,3.4418401828006084,0.9226350356779984,4.964873124479219,0.22908854298844142,0.045010346919960684
MAC004311,Std,Affluent,0,0.1880744276383098,0.9032804043918918,0.17336128641557066,8.999033783108105,0.9689197439542836,5.15609539543499,0.2237413129208465,0.06483215611963572
MAC005128,Std,Adversity,0,0.07480231332021935,0.50034999984375,0.0970640745781985,3.58237187484375,1.2403953188324304,6.575332904866464,0.17922201795524928,0.022464885768298803
MAC003480,Std,Comfortable,0,0.15280193523648827,0.7675514543689322,0.19349716328896993,7.309899028155336,1.1490856187051908,5.138374599276539,0.23474573588160919,0.14038587722917314
MAC003744,Std,Adversity,0,0.07138708947852525,0.5307919995999999,0.09539248234824034,3.4188499995999995,1.2986525710677848,7.267508518384069,0.159195232119096,0.018334862002422042
MAC000281,Std,Adversity,0,0.1797091325831716,0.7332322400273223,0.1377257586466482,8.607416666256832,0.7642748372847151,4.103601387869275,0.2599408512328893,0.030821900988560746
MAC002047,Std,Affluent,0,0.1431229396546408,0.6458175996799999,0.11855211835349976,6.8502127999999995,0.8009013749837245,4.477196642594484,0.25597022917218254,0.04905482109663229
MAC002385,Std,Adversity,0,0.295030629428217,1.1380193156017828,0.23870291322277434,14.098546802526005,0.8044638645823281,3.8860702147691955,0.27535728018909295,0.0750775882998826
MAC002756,Std,Affluent,0,0.11316027357193406,0.5974099842662632,0.12242174290245252,5.402388802723146,0.8962888796745816,4.899681955157144,0.288466795347675,0.0707033053911303
MAC001233,Std,Comfortable,0,0.15149713127584016,0.6522861491628617,0.13806861005492907,7.255893455098935,0.887814899936096,4.247277344618055,0.2614406172330935,0.050160690233812456
MAC005382,Std,Affluent,1,0.4013264519304599,1.5816111142276426,0.2694032040672352,19.228201900406503,0.67288696562883,3.9831251651116113,0.28151865929430553,0.13605232250082994
MAC005011,ToU,Affluent,0,0.08748739678557982,0.3473738564705881,0.0669959823100653,4.185687581960784,0.7193157690873289,3.794053085844251,0.3027869999126726,0.029982186173969427
MAC000287,Std,Affluent,0,0.04523287250704047,0.15995698940092168,0.030720113807044612,2.165377880337942,0.925396374958471,4.789280218695627,0.30253629518300656,0.039574986562440684
MAC004582,Std,Affluent,1,0.44701427906335867,2.8635967026748976,0.7192645820935516,21.162347724897117,1.6936686193610702,7.46188352515426,0.15189590299808017,0.27979796700633147
MAC003457,Std,Comfortable,0,0.21139442919239082,0.9657868205426355,0.20775545254691305,10.119003875581397,0.9691648615807902,4.598042026509938,0.24294747816458154,0.06421807838556999
MAC004666,Std,Affluent,1,0.3668234892787797,1.575367889799331,0.3786938503421871,17.585239122073574,1.0884351312846157,5.072255555293845,0.23302825863104829,0.30141168394336953
MAC000453,Std,Comfortable,1,0.2847079001596972,1.271946480422535,0.27020258095280236,13.64906337887324,0.8770100979674734,4.26237171460949,0.2904793860607823,0.1181927764529096
MAC003363,Std,Comfortable,0,0.23984463064317105,0.7379117080614203,0.2130610745568305,11.466850283109402,0.8548280383322681,3.666304473862568,0.35637703469559556,0.1863362824607494
MAC004865,Std,Adversity,1,0.30709924887035084,0.9024093201511335,0.22503850790552568,14.70315491209068,0.8390202105166736,3.695851274803146,0.3441500993132276,0.23597026946226093
MAC005560,Std,Adversity,0,0.1602916666666667,0.674,0.12930789408087665,7.6800000000000015,0.7818634844397059,3.681620839363242,0.2646329365079365,0.0
MAC004938,Std,Affluent,0,0.11528882301197955,0.5550349739637306,0.10814033897535404,5.52651554404145,0.9120272796478082,4.682026893198549,0.2374369691338569,0.026892085550921884
MAC001603,Std,Adversity,1,0.5857338879238826,1.8467984506976742,0.4254725763092229,28.0549271316279,0.7332470192848725,3.195614608677379,0.3277380900818545,0.12245203117730583
MAC003230,Std,Comfortable,0,0.2359922425900525,0.5579679853107345,0.17640074815148296,11.312770243879475,0.7163485483845927,2.634205327987372,0.4032330499929005,0.1822297844789696
MAC002073,ToU,Affluent,0,0.042102899999999985,0.37281600000000004,0.07138307048570097,2.0187376,1.5194383781596772,8.062201028077837,0.18050120884079937,0.021579671689850147
MAC003658,Std,Comfortable,0,0.19676302836308499,0.7906047422924899,0.19698982498887097,9.421286557509884,0.9348626391941435,3.9803633991311935,0.27890514631953095,0.10478548031118268
MAC004306,Std,Adversity,0,0.1010988757126018,0.7314033998454406,0.14480903381179872,4.847995362905716,1.457961038128704,7.4092368489601155,0.15782126710143496,0.04137664026854201
MAC005038,Std,Affluent,0,0.06372549201784451,0.3697992133858268,0.07624215151136907,3.046287401968503,1.1170287261684513,5.340755296307462,0.21575922533769915,0.027084542619125136
MAC003151,ToU,Comfortable,0,0.2171750078866415,0.9495201327181207,0.18037845993103535,10.408307043959732,0.8030361598703262,4.345589103045752,0.2506882521785197,0.05743885514748161
MAC005504,Std,Affluent,0,0.25586206178137233,1.2347704676900584,0.27919257520211765,12.263684208918129,0.9541475885420638,4.3498842710757755,0.2666036461503315,0.1455652860154383
MAC004174,Std,Affluent,0,0.0882921442466682,0.6307400012307693,0.12429733891321823,4.226121539692309,1.3619011241302628,7.067139695740188,0.18209966298441113,0.03777006388949825
MAC000672,ToU,Affluent,0,0.1645226487436572,0.5584612002928258,0.13115459256428305,7.858916544802344,0.6583481236081683,3.132050473134103,0.4400342144456014,0.12152925372562409
MAC005501,Std,Adversity,0,0.10790776940808915,0.5995482454678364,0.10871930808914711,5.1742865498538,0.9716690931833691,5.4017489133329954,0.21656497922564966,0.038586642889908616
MAC003845,Std,Affluent,0,0.20868855520312904,0.7783987850202427,0.1450090706761245,9.946838056072874,0.666815819861793,3.6345673082702588,0.3207150194575058,0.06129025203112672
MAC004891,Std,Affluent,0,0.06557226066282885,0.2653269226923077,0.06554034091400124,3.1363666660256415,0.7875337460349595,3.083073310580431,0.46495085341241377,0.06598585878409918
MAC002807,Std,Affluent,1,0.30785162020578216,1.311848714977307,0.2334055789805508,14.68561270680787,0.7423396788499049,4.2076572774048335,0.2788678301823816,0.0706230908207278
MAC005315,Std,Affluent,1,0.375418286366175,1.1926420899463803,0.2345224401768036,17.974739943699735,0.6511226884220449,3.3108361290191866,0.325977942566196,0.13029131963302096
MAC000692,Std,Affluent,1,0.3963522332670711,1.261584185651537,0.2792959155739466,18.93427086178624,0.636753053221404,2.973483681390249,0.39933103170538775,0.22588809725906484
MAC002363,Std,Comfortable,0,0.17027814668433128,0.562578633976261,0.10270947263426287,8.081589020623147,0.5739080212847114,3.1653955156351263,0.3807893894615576,0.04776182441822309
MAC004572,Std,Comfortable,0,0.14388991687078406,0.6590074908863922,0.13612268248701637,6.88884394456929,0.9047669345903736,4.4462058957961155,0.2573618036810197,0.060995709578807705
MAC002050,Std,Affluent,0,0.059415002866879396,0.23169920016,0.07198155212437611,2.8517472014400007,1.0888860455261327,5.209344106627119,0.34369413174205826,0.10446652496942468
MAC001889,Std,Affluent,0,0.05603849865338001,0.2349822784810127,0.04767449936659211,2.665670886075949,0.8573650552178482,4.2997245155968775,0.25782303699378695,0.017102242218325358
MAC004169,Std,Adversity,0,0.13117247315062514,0.8358338461538461,0.174401784673237,6.286366153999998,1.2482720037733637,6.00520689166933,0.1947964421305133,0.05144763775183275
MAC005388,Std,Adversity,1,0.285237405629768,1.58167073197832,0.3819978825055282,13.569413280894306,1.4250567907186522,6.224308778490756,0.19247921824728764,0.16843300967335048
MAC000965,ToU,Comfortable,0,0.17776963963916942,0.9189835565022421,0.17415778784966798,8.505986546188343,0.9721158852155485,5.165016254437775,0.21117107147482483,0.039014486470824006
MAC000192,Std,Comfortable,0,0.1563750974464898,0.8861852313559321,0.15931853687151226,7.494230025302665,0.9996975880341011,5.667965694969562,0.2141842808270638,0.04173457400682008
MAC003113,Std,Affluent,0,0.2715619239601031,1.0784587159021408,0.21482074627515915,12.95096177324159,0.7960855478527633,4.09680110333751,0.2705972472420221,0.10948221102714978
MAC005286,Std,Affluent,0,0.08131824060971167,0.5728939836676217,0.11198166558760861,3.8720659034383953,1.3675533269131273,7.158028541544139,0.16684701155632808,0.036854458482135616
MAC003901,Std,Affluent,0,0.14140610543304952,0.6070813002032521,0.13101073699788965,6.774004064430892,0.9798281012740668,4.469188522668049,0.2632202874277574,0.07168811135885356
MAC000370,Std,Affluent,0,0.2927938547609894,1.0175769760055478,0.18140230012116365,14.021660193897365,0.6089847853755367,3.472769131229492,0.3163378968859214,0.07176458713244525
MAC000815,Std,Affluent,0,0.17273902411585354,0.6466429620740739,0.14169390410628124,8.235653332296295,0.7894106515694254,3.5914454491870726,0.30650356004184437,0.05572117704460012
MAC004502,Std,Comfortable,0,0.2200299580454127,0.855424844223603,0.18282818390961186,10.517412420745343,0.8111229255776331,3.882821520174396,0.2819975804483852,0.07828921173418686
MAC002275,Std,Comfortable,0,0.09482858771929825,0.43271052631578955,0.08875056454379647,4.53903157894737,0.9188533615518847,4.463645509256898,0.27465060458756074,0.033405315777821305
MAC004963,Std,Affluent,0,0.1020552522895038,0.4422467532467533,0.08315745654622295,4.8857883116883105,0.7594914888607284,4.159942834060901,0.28089609978587293,0.03300098028947754
MAC000153,Std,Affluent,1,0.643389656667334,2.169540308904933,0.5576100177075208,30.724026472563175,0.9763988596037056,3.715839046721686,0.2911767930636436,0.2541981793892735
MAC003464,Std,Comfortable,0,0.30019718736692536,0.9605061337423312,0.191571551018182,14.353098157975465,0.6729838683393469,3.492694777475268,0.31969329764096827,0.12162786192126945
MAC001659,Std,Comfortable,0,0.1445940136825386,0.4372706065318818,0.09134839353868093,6.925856920684293,0.5853346445134147,2.9499138685748894,0.36399352082369746,0.04392664292809122
MAC000460,Std,Adversity,1,0.3883751647587099,1.5582084769491524,0.36132320746772195,18.59612203271186,1.013940168675102,4.605816464489655,0.2421976495573084,0.2879945655014182
MAC001582,Std,Adversity,0,0.10553533261339407,0.5143419117647058,0.1011744195650053,4.98802205882353,0.997805321308668,5.1178622500000746,0.23519550656305396,0.04802139086120219
MAC004369,Std,Affluent,1,0.2791813518005469,1.2336373785216181,0.2877894030670393,13.374998604463041,1.014839988267625,4.489719110761724,0.24884153881330964,0.11046960746561456
MAC001666,Std,Adversity,0,0.2659560186258092,0.8519968880248835,0.17287088207380638,12.727461896111977,0.6385650603600772,3.1722395274588333,0.33366452842591254,0.05755002680680432
MAC002014,Std,Affluent,0,0.10492768676689321,0.8574722244444446,0.16454420070853945,5.024133338333333,1.4227363420605703,7.723937290486552,0.15718087022098842,0.04184458111949239
MAC005332,Std,Adversity,0,0.1403092727387082,0.8574029638814015,0.15465896234810758,6.716862531940701,1.056310398250873,6.014824402214527,0.2084661551087017,0.054641668484727124
MAC001967,Std,Adversity,0,0.124256230594857,0.3386597774244833,0.07160485482702672,5.944143084260732,0.5899991529008526,2.8618545552250994,0.3832891081928306,0.06692627601231263
MAC004933,Std,Affluent,0,0.10989995868017735,0.3525976714100906,0.0674633395353443,5.261513583441139,0.576419405076274,3.0788718431755226,0.37471321395306895,0.037729655656722726
MAC001987,Std,Affluent,1,0.39964174733097374,1.159519607352941,0.2541437961049823,19.123441178921567,0.5970128436621218,3.027995246812806,0.4662606552305308,0.4408046709339016
MAC003495,Std,Comfortable,0,0.14162423786475947,0.6736420237354085,0.12785752016710103,6.776387159922177,0.8628640036292098,4.63490841259027,0.24402599367791367,0.04134831198088316
MAC000575,Std,Adversity,0,0.13393905382785998,0.8350434779710145,0.13904847418644606,6.41550869536232,1.0076803719789,6.0974956280906305,0.18617183503006204,0.018300731346855913
MAC001925,ToU,Adversity,0,0.220671268075511,0.9992187524671051,0.2036701657041086,10.578628291282895,0.8591381761953233,4.3575027497112,0.2813694822362218,0.11340070365026043
MAC000351,Std,Affluent,0,0.11971948704240191,0.6996616024861875,0.13301168683838366,5.736436463950277,1.0479552341842238,5.686928187151744,0.21248737593952335,0.04744068747980829
MAC002698,Std,Comfortable,0,0.2141958776218006,0.8822492501501503,0.1709753562285459,10.268361862912917,0.7918930187007551,4.115819510566377,0.27017176759070805,0.05692196092919713
MAC003348,Std,Affluent,0,0.24443732508030405,0.983674888340807,0.21418950844836065,11.717708520179372,0.8433314249086987,3.95377173051558,0.2844933329715128,0.09727567189948544
MAC002321,Std,Affluent,1,0.3298160653183098,0.858559823633678,0.22108601577834736,15.787676510635153,0.6439514244110013,2.755888347351238,0.3986408036963169,0.2521775458483971
MAC003023,Std,Adversity,0,0.15679517509917948,0.598062500304878,0.10811905582007597,7.49261432972561,0.6869321401159235,3.814513719800395,0.29376837455345045,0.040025993104013356
MAC000383,ToU,Adversity,0,0.11376730685532584,0.8962083340277778,0.1726476903317507,5.45761944486111,1.5126297444397263,7.926621778907882,0.13541424578085323,0.020654573863855358
MAC005493,Std,Comfortable,0,0.11822054054706112,0.625357770967742,0.13661352730767523,5.614400292815251,1.1209162620400484,5.151743872083608,0.214159443874423,0.04480958554741642
MAC002887,Std,Adversity,0,0.20031662303660167,0.8344462977777777,0.1777084510216413,9.548427778148149,0.8536661757079739,4.074828635514667,0.26880841840101616,0.05910857399327295
MAC000472,Std,Adversity,0,0.11494497301793027,0.45543802816901396,0.11322766445486618,5.502609858591549,0.9453504467472771,3.6926484871034466,0.30546748203289625,0.024549220223008268
MAC001169,ToU,Comfortable,0,0.038000619570581325,0.11884743202416921,0.023400490932633883,1.8123459214501512,0.5836931725513814,3.0183753103616655,0.364019258154631,0.008036549161731934
MAC005567,Std,Adversity,0,0.10879415648787184,0.48989725890410957,0.09802496763937145,5.179853879223746,0.8449879747542199,4.295364136755467,0.28188012290707515,0.03830525132342371
MAC002568,ToU,Affluent,0,0.12125406909948187,0.49386023277870233,0.10764563786679557,5.788474209484194,0.8764530393530331,4.06734181289971,0.26745189172513417,0.03421749437573318
MAC004230,Std,Comfortable,0,0.1673094425315422,0.7010061817619782,0.12573240702083388,7.98329366244204,0.7401920714299925,4.160455702182797,0.26851720175921834,0.028463001632795182
MAC005446,Std,Affluent,1,0.44475940037428174,1.9242452573722635,0.4177409665754659,21.30083649518248,1.130340504032036,5.232558843327365,0.2359450358407145,0.2546555607442481
MAC000686,Std,Affluent,1,0.29994014759529025,1.110421666032211,0.24845411756767255,14.362389453587113,0.7807371291795786,3.635525337319665,0.30954091685778085,0.13142067630302906
MAC002912,Std,Comfortable,1,0.37008225916182,1.1261202655683689,0.2079988571941238,17.652835256836898,0.5636358655523396,3.0539850977227503,0.3482640939547903,0.06825828200135821
MAC004703,Std,Comfortable,0,0.13801440595412043,0.5272629815745393,0.12310529028376567,6.59816917922948,0.9011222264793229,3.8861375593539425,0.2747021236251004,0.037308049861036884
MAC002885,Std,Affluent,0,0.17135934234707811,0.6158995067545306,0.1504109174411637,8.197667216968698,0.9166172207410552,3.6586208028590743,0.2994809448744208,0.1298705695152759
MAC000108,Std,Comfortable,0,0.07194687706522648,0.2145191122071516,0.057551735005918016,3.447914919852035,0.8111688436545537,3.0203224197537115,0.3406300521351244,0.013449180971615474
MAC004473,Std,Affluent,0,0.13483527804819384,0.7799491941759606,0.14706682744965344,6.461609664560097,1.0455460919088224,5.5350057076246175,0.21954971915917906,0.0580545945746941
MAC002174,Std,Adversity,0,0.21282554481373228,1.5721906315024237,0.3077999703287815,10.195050079967691,1.4562912158597696,7.442641767915537,0.14715048822704757,0.092368247441377
MAC001647,Std,Affluent,0,0.07952953615189527,0.21747737909516374,0.039988571326346097,3.807056162246489,0.46581811153096336,2.5758675212457205,0.43751402198978145,0.02205916240313077
MAC003268,ToU,Adversity,0,0.3280729103444647,1.0105380220532323,0.19983763485772096,15.4050475256654,0.6162573957763359,3.116253599296424,0.34167041123437614,0.08718863693786655
MAC001884,Std,Affluent,0,0.08902606157463039,0.3587705696202532,0.07632023283260717,4.24771993670886,0.8692541083042595,4.102568827669347,0.2620594414301261,0.019511488423430347
MAC000252,Std,Comfortable,1,0.5546841338031437,2.1564847738124238,0.473944351016333,26.53905238038978,0.9769478786617359,4.624255882258245,0.24698676126696525,0.31310268957548015
MAC004085,Std,Adversity,0,0.285786377340602,1.2061424203675344,0.24307481431224576,13.695401225574273,0.8464540643058236,4.24987708615177,0.2527258477612618,0.06396422998492945
MAC004020,Std,Affluent,0,0.26076850179895567,1.0020761587748346,0.22417790557476888,12.48732947003311,0.8609027537522771,3.9057460739625998,0.28067747534524656,0.10083430670926613
MAC004233,Std,Affluent,0,0.10354298472865228,1.207733022685185,0.21991469397925675,4.965152773148147,2.017568397405087,11.114031746308159,0.1015698401531769,0.03773147165329521
MAC002877,Std,Adversity,0,0.12385379748934422,0.5201625610837439,0.1189554502634572,5.887126436288998,0.8642601345571213,4.058739811779084,0.29776317382117795,0.05822639443520012
MAC002643,Std,Adversity,0,0.09352529691164305,0.22250748502994014,0.041140283651992564,4.460486526946107,0.43170875479279947,2.3516786910207226,0.4538929487937705,0.009996766093748458
MAC002420,Std,Comfortable,0,0.21923085416677698,0.7526761201492538,0.15920075006661666,10.456101493283581,0.7288570460683715,3.479401014667957,0.3155691006597299,0.06782024966345057
MAC005270,Std,Affluent,0,0.2603799457906458,1.0643390958776595,0.21376045808881072,12.47978590292553,0.813009488618832,4.120009241099692,0.27402808865257866,0.07599976803161736
MAC003019,ToU,Adversity,0,0.14070064744137584,0.6851097553353657,0.15180139156458838,6.692832316158539,1.0334793805921474,4.81070631605884,0.2359420844339701,0.055992588650919856
MAC003601,Std,Comfortable,0,0.11753515543035796,0.4161341222879683,0.08156851341994495,5.626398422090729,0.6740509534388895,3.429506776094702,0.3264000718310928,0.025903075206052343
MAC003384,Std,Adversity,0,0.08231745823515199,0.5663608437619962,0.10620559450348649,3.941099807677542,1.250655807728392,6.735597206607678,0.17410972579462727,0.03284548086809661
MAC001054,Std,Adversity,0,0.2833431807729105,1.1209041925149703,0.23784242918530046,13.574534429491017,0.8304532333014997,3.970063488394683,0.26984903119777587,0.10877077717335745
MAC003436,ToU,Comfortable,0,0.2626209386389953,0.6901802321705426,0.12253581909173307,12.557610464534882,0.462512415751987,2.6183471625315864,0.4122769046001305,0.041681751510544096
MAC001581,Std,Adversity,0,0.1840406137894604,0.7915386992260064,0.15171914012079463,8.800383900619194,0.8113590807736198,4.251178603731885,0.26821861470042946,0.03106263440847297
MAC003021,Std,Adversity,0,0.09682306201513761,0.354358231554878,0.08094513546706862,4.639589938871951,0.8571963617891449,3.7485124029263215,0.2938858825498233,0.02974814398571692
MAC001424,Std,Affluent,0,0.05341298589162947,0.6112894332312404,0.09858778054402592,2.558215926493108,1.7075691506758472,10.660028917410058,0.1510205754913519,0.02263326875847027
MAC001469,Std,Affluent,1,0.567056418361483,1.5961692281538462,0.36491659485138417,27.162393845230774,0.5781608893537393,2.771277715991095,0.4260113694372712,0.45830946224851193
MAC002593,ToU,Affluent,0,0.05060985509540697,0.23895999999999995,0.04709551775234712,2.4125649999999994,0.9152949321411662,4.721208810758467,0.2792241916816224,0.024049871207327614
MAC002913,Std,Adversity,1,0.6312745247174876,1.8370937526315796,0.2576328956310938,30.20132730164474,0.5719397967003302,3.8171265096804423,0.32978615662924016,0.3371680869017893
MAC000738,ToU,Affluent,0,0.14932266827759094,0.4456245059288539,0.08353490630820391,7.154426877470357,0.5359665302420108,2.846184020419277,0.40986136607043416,0.040309999507050435
MAC002418,ToU,Adversity,0,0.03921823584407939,0.21115970134328355,0.035912978572955556,1.874282089104478,0.7769080916443168,4.705602238402674,0.31428215803141063,0.02181134745802406
MAC002769,ToU,Comfortable,0,0.07299840878165895,0.4305808510638296,0.07846377041622034,3.498885106808511,1.0246390365539877,5.54373056412077,0.22055740056286666,0.032447840115428804
MAC002271,Std,Affluent,0,0.06395104910411455,0.2188805311209439,0.046927773007076054,3.0611696166666675,0.7335274991934774,3.4676231490579754,0.30672799360291647,0.017864849774583236
MAC001759,Std,Comfortable,0,0.11102145083552883,0.4323416935736678,0.07535490617719967,5.317360502507838,0.5827936876391037,3.2657511892504156,0.4146156768704032,0.06754158012085072
MAC000015,ToU,Affluent,0,0.22934198277422582,0.7293850858190708,0.16275383063661863,10.972039119559904,0.6443045304474989,3.0347741439855933,0.369636253489906,0.09877848147253894
MAC000513,Std,Adversity,0,0.04297606228522359,0.333357444964539,0.06001150966849867,2.0529163104964545,0.8891702859464193,4.984170389381553,0.44849945015443066,0.04235705120410724
MAC005531,Std,Affluent,0,0.10408000030676334,0.26594137931034467,0.05336656329698186,4.9412431034482776,0.4679827494200671,2.444898108100301,0.46547532226151533,0.0295876103503334
MAC001326,Std,Adversity,0,0.22015419964612493,0.7681099242748091,0.16194749461745198,10.551883970076336,0.6893696070253832,3.3063207257624567,0.3422582737074914,0.07580490605532288
MAC004974,Std,Affluent,0,0.17453023938750137,0.6021002605468752,0.10594641584826725,8.364839843880208,0.5853894666440447,3.3700805989051723,0.3292278333637941,0.030934694138826165
MAC005229,Std,Comfortable,0,0.09240602043068087,0.6216891515873018,0.1200471588799303,4.426366399338624,1.1849149731336053,6.269372505248694,0.2221277191247267,0.06383532984962824
MAC002266,Std,Comfortable,0,0.10361128068939174,0.3955309735988201,0.06881287535936047,4.957210914601771,0.648742639418299,3.7365080562657216,0.32180209931440157,0.030779119398050662
MAC000893,Std,Adversity,0,0.19438218935731283,0.9702299706231455,0.2006832914433324,9.317982195400592,0.9813720070225486,4.8864770080038875,0.22916322714854603,0.06545163973182722
MAC001102,ToU,Adversity,0,0.16967977050421634,0.9264042239819006,0.16286751760431475,8.129404224434388,0.9417505900347957,5.389808791167198,0.20650920846577242,0.034005020728346394
MAC002324,ToU,Affluent,1,0.6497455624562581,2.664308714032496,0.6608336848934564,31.124618912555395,0.9891001702369898,4.232367630944812,0.27248804664239556,0.37059634818065557
MAC001072,Std,Adversity,0,0.12016039071869283,0.3805007541478131,0.05994342698857988,5.745689291101056,0.503837614507629,3.1709896135786173,0.40638636284786833,0.03256149667298372
MAC001797,Std,Adversity,0,0.15970297648943318,0.8171161280645162,0.15684899529637378,7.637790322419357,0.9415134888861637,5.013460791939393,0.2256746954638571,0.05472279756536092
MAC004470,Std,Affluent,1,0.27444956566677214,1.5270074377942997,0.3796068344793571,13.148132591325899,1.4111087411312635,5.951998871506878,0.21262648654129443,0.1377432571211077
MAC005151,Std,Comfortable,0,0.187029413963043,0.9211187506249996,0.18489845260470217,8.957835939374998,0.9622222794723712,4.8486086695420845,0.23228631311629816,0.05997533712594345
MAC002433,ToU,Affluent,0,0.23131111828125667,0.9664116764970059,0.19963010514068777,11.065203593413171,0.8827723715443437,4.182906550264181,0.2798567475643438,0.10845444834483654
MAC003164,Std,Adversity,0,0.20052170187456364,0.6642176164075994,0.1244146693490412,9.60951986217617,0.550241762575754,3.0063829366469434,0.4036483137442701,0.07397533189969592
MAC000443,Std,Affluent,1,0.697258500603797,2.024810124472573,0.47505710288502806,33.38512657552743,0.6824619251025226,2.895719192560538,0.3792550166917207,0.2105050810002032
MAC002098,ToU,Affluent,0,0.1491768715861679,0.958532902247191,0.17996213141155135,7.150330654414123,1.129354748186864,6.081106728267872,0.21242357175138804,0.05601881313589396
MAC005097,Std,Affluent,0,0.26186509762332494,0.8513281242187503,0.17698514639157487,12.511701562968753,0.6167153315596291,3.0733595986654625,0.3794615384845484,0.09761729689170397
MAC001794,Std,Affluent,1,0.41120571935505673,1.3706987358044163,0.2973325115833062,19.69272238911672,0.6300193251837575,3.0932826700468103,0.40144659109506925,0.2360997518792893
MAC000919,Std,Adversity,0,0.057705406957294605,0.24583952451708768,0.047909999219398286,2.7568291231797923,0.7429053525825889,3.6684788763996683,0.3784360416346736,0.027783412017885638
MAC002955,Std,Affluent,1,0.33802045192256797,1.222605307628524,0.26115004707704853,16.084827533996684,0.7743778901918471,3.7503406267486645,0.3066452086955047,0.15378572962305287
MAC001030,ToU,Affluent,0,0.0450529700446277,0.29080089820359284,0.06441686200925191,2.158724550748503,1.390236714119052,6.5261842600187965,0.16184553090098108,0.03566970307066437
MAC001567,Std,Adversity,0,0.2386340568168013,1.2939799395061728,0.2542845658722228,11.432935186882716,1.056997371162514,5.4865145298215054,0.20607849995362626,0.06925211682826742
MAC003511,Std,Affluent,0,0.2113623326051667,0.8036783625730992,0.15590725824739238,10.11595711559454,0.7334177520160677,3.821600687125282,0.2854001665498799,0.04794037318058494
MAC000312,Std,Affluent,1,0.4511482539243312,2.5276492441540577,0.6198645408414245,21.431796429023386,1.6270982167093755,7.011843766525378,0.16273216790981723,0.29969786868326365
MAC003159,Std,Affluent,0,0.08394822361360695,0.8370354717905406,0.1412786684841844,4.0192668898648645,1.4851433767841957,8.867075616618608,0.19615369289660917,0.03398201708568279
MAC004368,Std,Comfortable,0,0.19947645729287275,0.5989191072524408,0.1115262663664464,9.531507670292887,0.5506377702434951,2.9682179678615546,0.38798767269868584,0.058481126614125245
MAC000602,Std,Affluent,0,0.06529975296085133,0.17582608695652174,0.03883742042313864,3.1120900621118017,0.6750781597691123,3.159853004867511,0.4925200307147727,0.05866133521552951
MAC002299,Std,Adversity,0,0.14402256667278115,0.527248153323486,0.09988636754201632,6.8950797635155086,0.6638990804770595,3.4890843539790257,0.33650408943716864,0.028386291232176508
MAC004362,ToU,Comfortable,1,0.4484559318777564,1.1447955186274514,0.20705933098565316,21.423190475490195,0.45461122127393544,2.521617799649232,0.4487633275839414,0.1344597687856012
MAC002910,ToU,Adversity,0,0.15047500059102964,0.4889720394736841,0.09569755330873686,7.204889802467105,0.6296732403993529,3.23995021387003,0.3241169331497212,0.024069127617457012
MAC000063,Std,Affluent,0,0.2665067989928534,0.9739391170471842,0.21344891072310304,12.779782344901063,0.769093297656601,3.5933077794640544,0.3073936032534725,0.09415771629822023
MAC001494,Std,Comfortable,0,0.10556002196505263,0.3637303543913713,0.0725987516579323,5.059759630200307,0.6738474402631331,3.388258252129817,0.3189801209793265,0.02117895233814939
MAC002201,ToU,Affluent,0,0.2286773285065709,0.8795951214634147,0.15665226847130986,10.945071543902438,0.675783977501633,3.8345700665427613,0.284478019702083,0.053636837129317494
MAC000170,ToU,Comfortable,0,0.26777718847262527,0.8630639347406514,0.16330950355273896,12.82772014632087,0.6064717802257545,3.25076988816594,0.34926119106377435,0.092365563132137
MAC004061,Std,Adversity,0,0.13646841113127756,0.6396235521235524,0.1287251913610488,6.537886100193049,0.9832343447643672,4.924277617720261,0.22963324160616858,0.05753389442386938
MAC003219,Std,Comfortable,0,0.1608131181973753,0.7087871926553674,0.1312919552610214,7.689898303954801,0.7923737265665687,4.320133341788919,0.2721823208118417,0.0290805578809441
MAC002730,Std,Affluent,0,0.23822950981056082,1.1607511386949922,0.24431869438990594,11.38049772185129,1.0000920180019015,4.908840599923291,0.2221624099845303,0.07540725147495463
MAC004619,Std,Affluent,0,0.15510990989635895,0.9218180283806342,0.18281753416555221,7.3714908156928205,1.1750647072960063,5.934006232247673,0.1984475694231825,0.04908526323929376
MAC004467,ToU,ACORN-U,0,0.104353940654667,0.5611288723667905,0.1037785857979594,4.999898388723667,0.9231999490417319,5.032104603541546,0.2598455211168089,0.03464543700685695
MAC000941,Std,Affluent,0,0.23707576387978113,0.8599731343283582,0.179872201422274,11.350580595522386,0.7650721617477733,3.7804559623235763,0.2975746072214548,0.10778603248598535
MAC003117,Std,Adversity,0,0.20535356714458214,0.932331298778626,0.18596024117841323,9.824711451603058,0.8758681777342587,4.383325985446677,0.2623527288590886,0.051727339277404194
MAC001174,Std,Adversity,0,0.27509820433253757,0.9677492015974443,0.20152530521409828,13.11113737891374,0.7259214273608228,3.5154200870276484,0.31662683108978507,0.09090530857491377
MAC004091,ToU,Affluent,1,0.4171280384425265,1.3103323131699844,0.300309986170329,19.950859116232774,0.7067103699600255,3.1859666748523745,0.3438771352233322,0.18167019244973592
MAC000637,Std,Affluent,0,0.06637185536630753,0.41106404657933054,0.07999563529609241,3.179826783114993,1.1386496641717683,5.860808225351111,0.20844153970087528,0.023160299324108312
MAC001407,ToU,Affluent,0,0.26954746973438304,1.0230085700000002,0.21382074797955836,12.906554285142855,0.7997273397902612,3.8563071179595303,0.295243120076036,0.09447496126263112
MAC002591,Std,Comfortable,0,0.173492550021857,0.6875066665000001,0.13540712233736682,8.316233333166668,0.7700358212522015,3.920009766546492,0.2856665736215951,0.050382718022924
MAC001728,Std,Comfortable,0,0.19345071670509664,0.7817949920187794,0.14232418897258184,9.262532081064164,0.7424614223427854,4.075149255410387,0.2725129645136774,0.04732848609286667
MAC002510,Std,Affluent,1,0.2527041890857668,2.1430398370517927,0.4063667178651906,12.067245016334661,1.7169212988996392,9.20280591538434,0.14342245761045078,0.1832011599717142
MAC002122,ToU,Comfortable,1,0.34262377138092626,1.0173199360128617,0.18084109030253173,16.409977490675235,0.5357659211506796,3.0400157092687334,0.37023035357225453,0.11045684885301355
MAC003140,ToU,Comfortable,1,0.3984347911174973,1.281959731375839,0.26562438155506074,18.935385902516778,0.8675994279278696,4.000212895910752,0.3046594484740341,0.23200615217833756
MAC002680,ToU,Comfortable,0,0.21032385465636658,0.5973673164917542,0.11359110725238092,10.062541229985005,0.527303437849639,2.7824358070619257,0.3917642872894859,0.03504754567451257
MAC001950,Std,Affluent,0,0.2716004914596386,0.9915723365659777,0.22204039339576873,13.013772655643878,0.8603974754720288,3.8779781985389583,0.2934331608735525,0.14325913557707826
MAC003090,Std,Adversity,0,0.25372683518478395,0.7618290076335877,0.23230791412937024,12.169193893435114,0.7627894358753982,3.1504049849107423,0.3622415974491193,0.20268873857970576
MAC004386,Std,Affluent,1,0.46595437952821844,1.5376624832635988,0.336480052864957,22.321889817015343,0.7045377843269891,3.2866675718727674,0.3186993424089916,0.12788564048972875
MAC002917,Std,Adversity,0,0.1328636641728053,0.4349276314144737,0.08276030445616538,6.3493651314144754,0.6192775946999013,3.2664702786721946,0.32981711531424496,0.023548184193598692
MAC001931,Std,Adversity,0,0.11646063523603564,0.6947258312202851,0.13129902280016473,5.567744848494455,1.079735066956227,5.836096008618515,0.21619679222896543,0.0383183751318997
MAC005176,Std,Comfortable,0,0.06601648573682212,0.2528510971786834,0.05711055138850739,3.1553699059561127,0.8413055757697562,3.8002831652814386,0.28274384009532705,0.018155285017822324
MAC004524,Std,Adversity,0,0.05842812001805927,0.2183992537313432,0.053726993825249494,2.7984017412935325,0.9201682927795646,3.7752315327319867,0.27326133023161375,0.012571862301094782
MAC000786,Std,Adversity,0,0.15002116217285238,0.43884581468428774,0.09845969110671057,7.174878120117474,0.6580473412882086,2.9222343252377083,0.3686281807113883,0.025214302904018406
MAC004222,Std,Comfortable,0,0.29452004958940553,1.1260679007716043,0.22099245723094457,14.091765428858022,0.7311172477895332,3.7582315206825245,0.28967066795787033,0.06209833931639055
MAC003646,Std,Affluent,0,0.22233000292718855,0.9765849800395255,0.21378083067742534,10.649482213241106,0.9295474747770136,4.318278988607425,0.25602179991585094,0.07160491924276749
MAC004594,Std,Adversity,0,0.12117386246233376,0.466178631051753,0.08492025679922152,5.777575959766278,0.6790786407493412,3.7308239014055564,0.3157767589978823,0.026665223788819678
MAC005488,ToU,Affluent,0,0.26109357923419296,0.8647938589181285,0.16263616576885925,12.516681286257313,0.6115081574146036,3.289024933682457,0.33188176619076043,0.05538655388464256
MAC002236,ToU,Adversity,0,0.08571421256878532,0.38575294102941177,0.06834678860316575,4.1007941175000004,0.7776106127192911,4.394382512120456,0.2658892575685393,0.02293051368013947
MAC001990,Std,Affluent,0,0.10382530849411921,0.27111305732484065,0.04593108688781501,4.968393312101911,0.4472058773137274,2.6492215392058185,0.38977543955586913,0.02193570088514076
MAC001941,Std,Comfortable,0,0.21954518942420978,1.236158979491256,0.2555904702814795,10.494930043561205,1.1271254558858383,5.665312409796954,0.19210492817980593,0.07067292751447503
MAC000506,Std,Affluent,0,0.2387003036022509,1.0354957522662893,0.22481122762120773,11.434978754107648,0.9350117198616007,4.422137223186579,0.2513834191800621,0.07504558942120691
MAC000444,Std,Affluent,0,0.1297280435212516,0.4899309856338028,0.0977352895182851,6.167954929295775,0.7307348316846138,3.6957826235508406,0.30026720630589954,0.029133892068294535
MAC004128,Std,Adversity,0,0.30450713744646557,1.0615352774539877,0.22493667629199765,14.587145705521472,0.7273043449792773,3.468169132035249,0.3167448171330028,0.0927936227603728
MAC001406,Std,Adversity,0,0.1616815750202285,0.5403751917304747,0.09492549170635393,7.746603369372129,0.5723787836774445,3.2581562745610815,0.34620395967660655,0.0226317005803796
MAC000550,Std,Comfortable,1,0.43615395987428046,1.0869782624637683,0.22891370665187316,20.88838261173913,0.5293901377711868,2.534394677939126,0.4140555408004635,0.16686776701655828
MAC002111,ToU,Adversity,0,0.1788444561169501,0.8915232722311397,0.18654723344054505,8.580162116693419,1.0187654152764236,4.897560388650772,0.22898075726756564,0.06076707107241072
MAC002615,Std,Affluent,0,0.11746271735069798,0.613466164511278,0.13074766161565957,5.468010525263157,1.1217638288221297,5.371473115733821,0.21793797184015698,0.05829635970624476
MAC002034,Std,Comfortable,1,0.35560760641921674,1.42062720208,0.2718928707287644,16.96251200192,0.788806019902455,4.215175815904022,0.27539276026088894,0.16487290034563054
MAC001656,Std,Affluent,0,0.2915964599834,1.022659407931571,0.2198557257450197,13.954805596889578,0.733888418464995,3.4908624751773245,0.3284565731337195,0.11915435323177807
MAC003556,Std,Affluent,1,0.3797075205076658,1.3765039213725492,0.2537447822787257,18.164945097843145,0.6603690451497839,3.622198293299268,0.29535026115584556,0.080683880440506
MAC003438,Std,Comfortable,0,0.18308091359773374,0.6107507082152974,0.1251234809859735,8.770917847025494,0.6773088412730391,3.3071064414390454,0.32956387926862996,0.02776593392212439
MAC003373,Std,Adversity,0,0.05264923782636583,0.34969289808061427,0.06362476878963937,2.5193761994241832,1.175582158682061,6.459237208773404,0.18296929167937273,0.010860598923251372
MAC003688,Std,Adversity,0,0.14473648491141816,0.34761952191235057,0.06880795649235236,6.9262071713147435,0.47553757932784707,2.408944289817198,0.4354744799140153,0.023275541489625243
MAC001137,Std,Adversity,0,0.21807169455264694,0.9030287446293496,0.17511371437497633,10.431714071558247,0.7502651686696169,3.973868802514807,0.307134678421963,0.11454377266831885
MAC001138,Std,Affluent,0,0.2568570951827673,0.9390211806354009,0.19120189666522852,12.286819969137671,0.733921573037375,3.6544650908739293,0.2906307276055137,0.05379523355855298
MAC002067,Std,Adversity,0,0.0994552361635461,0.4946495998400002,0.08827735208134,4.75018079968,0.8439923220289447,4.761122248684923,0.27329690615181523,0.025694472991616698
MAC005538,ToU,Comfortable,0,0.06399332088259191,0.39217276705710097,0.08280552688635277,3.058844802196194,1.25677683895561,6.150450048705191,0.19520881178794006,0.031726891339394665
MAC003198,ToU,Comfortable,0,0.17356054080652697,1.0273745320224719,0.209888275517395,8.3206329582397,1.1468009074035383,5.778648922057802,0.20149569079049418,0.07395578902965237
MAC000545,Std,Affluent,0,0.1591754568252427,0.5965474777448072,0.12851656723954283,7.621823442284866,0.7836390103972976,3.7261989313955035,0.2903660827488865,0.034731879716648845
MAC005509,Std,Affluent,0,0.2534280136748583,0.9248435673976607,0.19666190162905184,12.135324562719294,0.7546899280937804,3.57112244089552,0.3113861733274436,0.06460249307278706
MAC002441,Std,Affluent,1,0.9302536976354778,2.7440879286140096,0.6176800568962338,44.48742772965722,0.7015450023981834,3.299130414569581,0.33459888480360195,0.4648847301867078
MAC000355,Std,Affluent,0,0.20760363645112948,0.7100650063623791,0.146539116360198,9.946349930013831,0.6389529924257626,3.162215842554203,0.3766635585829993,0.07497812216184278
MAC001775,Std,Adversity,0,0.2521535306883712,1.0848107231861204,0.2269217755304316,12.083957411829655,0.8702625653131102,4.225026480967748,0.27175344312031585,0.11117155494374156
MAC005517,Std,Affluent,0,0.055117163048783974,0.21203508771929827,0.04055951741761784,2.6385,0.7347365787624329,3.878762007083287,0.299303650392632,0.014580246292587399
MAC005380,Std,Affluent,0,0.12890060245330687,0.6393915987804878,0.14272159731960254,6.150485094850948,1.090078557857096,4.967783748125548,0.2250489114777949,0.05605683533059085
MAC004262,Std,Comfortable,0,0.1878614006850357,0.7908516227202472,0.14411028941351758,9.003646058887174,0.7407914348142162,4.093075745372063,0.27915578338428265,0.0443122443126626
MAC004539,Std,Affluent,0,0.11025376429818108,0.40154545479452064,0.08267993960916335,5.281316314072229,0.7391887274977124,3.626443564285456,0.3030601339972992,0.031962486726155565
MAC005453,Std,Affluent,0,0.05503612535960185,0.3263605839416057,0.06529617523678588,2.6370510948905106,1.1246840881078677,5.676994275494039,0.2238751984220437,0.025618782932485425
MAC001936,Std,Affluent,1,0.3523277488979635,0.9124610478537358,0.2381415876044129,16.857348168998413,0.6553117612553571,2.5537655306076474,0.408664161774205,0.10239239651124173
MAC000876,Std,Comfortable,0,0.2433743755463176,0.9001854599406527,0.1903823371694794,11.626261127299701,0.7759792615888883,3.7116692268829685,0.2950967060785897,0.08432468126276037
MAC004604,ToU,Affluent,0,0.1679862184715857,0.684816361435726,0.1508738702242178,8.048041737395662,0.803787594868415,3.8238627755578185,0.3222315732574142,0.08131758609190608
MAC004714,ToU,Affluent,0,0.2438206617874747,1.4610385941275168,0.286556034201372,11.66474329261745,1.1303389322519544,5.932196344332663,0.19686203726956988,0.08549451877892006
MAC000626,Std,Adversity,0,0.06564519166440841,0.4965021832605532,0.09902088978751429,3.14182096055313,1.4916984524444108,7.834713242045251,0.1471908362453348,0.027028622429142394
MAC003322,Std,Comfortable,1,0.32621299973287043,1.2682156498091604,0.29654344072485783,15.635950384541989,0.8756160706300633,3.9696217180602025,0.2646757038703977,0.1503793004735836
MAC000282,Std,Affluent,0,0.1273515562395442,0.593322405054645,0.11453080685820333,6.097577869672129,0.8404892082095217,4.424803526009339,0.26269944455688293,0.038902248021642515
MAC000505,Std,Affluent,0,0.17253482297723904,0.8332780136170211,0.19451975569707922,8.26617730397163,1.0972633932377112,5.056713026516535,0.22167701911731577,0.09107370645376814
MAC004795,ToU,Adversity,0,0.19306092413910425,0.7424863698708751,0.13209713031587472,9.225901003873744,0.6608932082837888,3.7402667499504547,0.32297116649676416,0.04206410677483565
MAC003789,Std,Affluent,1,0.365394381224908,2.063491929032258,0.46404639394883607,17.488558460685482,1.4323919854243736,6.973222230276617,0.1835922381661042,0.2239763269701669
MAC002054,Std,Adversity,0,0.1224390703356529,0.47597444057507976,0.1003171103557297,5.865990415175718,0.7978531883877986,3.8480249865137326,0.29494734372676645,0.04564354349051773
MAC004626,Std,Adversity,0,0.2060639019109461,0.9274006676126879,0.19807901666417366,9.874459098831387,0.9381451479271505,4.440686107926107,0.25474708146032815,0.07518840609092826
MAC002839,ToU,Affluent,1,0.4110001856791426,1.9934909101515152,0.5041102132054743,19.61668788469697,1.3499023177364549,5.709799502076313,0.23276188477693016,0.25382834311110763
MAC003560,ToU,Adversity,0,0.23499062043315905,0.8519214143418467,0.16758798281774168,11.253624752848719,0.7029324551211199,3.6662591331942447,0.29264375706792506,0.06949325557750817
MAC002173,Std,Adversity,0,0.1615056698802117,0.7473166381260095,0.13262529139608759,7.733689820355411,0.7586477360767283,4.190588199687719,0.3078203138000559,0.03965818910068398
MAC003880,Std,Adversity,0,0.16514418037051826,0.9476916829614607,0.19811774164857343,7.90835294239351,1.1587875850562586,5.640648401902559,0.1939631576768194,0.045674427317880864
MAC001331,Std,Adversity,0,0.1486152824804677,0.4830642201834862,0.10459855782822174,7.101033639143731,0.7034907367023056,3.2619850303741527,0.31603959440143264,0.022817367978590665
MAC003173,Std,Affluent,0,0.2697564329305104,0.9814514940298509,0.21912275118418403,12.916361938805967,0.7159584159504984,3.3758429105117735,0.32738883970860044,0.10762406114739849
MAC003217,Std,Adversity,0,0.11934507008786525,0.8328775888888887,0.16047380636610062,5.713308849529189,1.3160462131639226,6.916884506870346,0.15823503239840242,0.02968058931466093
MAC003504,Std,Adversity,0,0.09634206060104313,0.3505272373540856,0.07818644195755103,4.603046692607003,0.8283904078968752,3.6399069737494014,0.30055791081224387,0.02578512813172242
MAC002676,Std,Affluent,0,0.09838643347618446,0.5207451271364318,0.09785770068791752,4.695703148125937,0.9718488683348896,5.1613133268106095,0.23076459191949625,0.03462777321273343
MAC003950,Std,Comfortable,0,0.16817389730289697,0.7729619829752066,0.1498215454176095,8.037142148264465,0.8362400621308037,4.425435232204915,0.27881937642970406,0.06051727427817805
MAC000024,Std,Affluent,1,0.43600838657507524,2.2236168902080786,0.49962518243223997,20.768811498653612,1.2009549910829767,5.842458572100052,0.21457775368834484,0.2765519579151077
MAC002219,ToU,Comfortable,0,0.10755780704150533,0.533760655737705,0.10553619361559226,5.1537147545901645,0.9456180148763421,4.778421972003684,0.24586803835345586,0.03232847637319948
MAC000317,Std,Affluent,0,0.16439504317844728,0.5988321866574965,0.10552605416070042,7.876482805777163,0.6518103112774624,3.7449079381924215,0.311091421620453,0.028136371475794366
MAC005066,Std,Affluent,0,0.15404811145716124,0.7994361380062305,0.1617844010551496,7.369255454205609,0.9849488012824118,4.9277481720045975,0.2441113013441462,0.056151700227174625
MAC001685,Std,Comfortable,0,0.17507819842063221,0.6605602508607199,0.11547234593606749,8.379388106729262,0.6446458184950596,3.672118001460268,0.31332976861599654,0.022834050790986153
MAC002240,ToU,Affluent,0,0.21930189371692482,1.1650839449189985,0.21057457591708767,10.480608244624449,0.9414512613755166,5.344790109215863,0.22385276010638122,0.08586883568606463
MAC004039,Std,Comfortable,0,0.14831873502198703,0.4290910596026491,0.07774004119923385,7.1013940394039725,0.46557024292156396,2.7036810516605545,0.46950891936971817,0.07207527711877196
MAC004312,Std,Comfortable,0,0.11028263786127607,0.4309736437209302,0.0876862113504852,5.284077519534885,0.7696959864635636,3.798540329436662,0.2950527139262358,0.03811130283661372
MAC001160,Std,Affluent,1,0.759461080785651,2.2667432037764357,0.5828710176470735,36.421654093655604,0.9160445013427286,3.932530878455152,0.3173633741665932,0.48808501820662215
MAC001183,Std,Adversity,1,0.3046249289960525,1.8345000019637465,0.39007917878021153,14.563093657401813,1.2987534223795232,6.292514806366649,0.17594173273338456,0.0875105040698533
MAC001020,Std,Adversity,0,0.26453798146991575,0.7037943477237052,0.13772606704002535,12.652789638147565,0.6368926401102046,3.238510535088474,0.38246635862818523,0.14727252293540508
MAC003434,ToU,Affluent,0,0.07875147539378198,0.2986976744186046,0.06340520545120289,3.763622093023256,0.8117923933294854,3.868654638428937,0.31364792378201684,0.031183535329848983
MAC001153,Std,Adversity,0,0.10896030481780675,0.4735725077039278,0.09257117904162024,5.212622356646527,0.8394427021571552,4.21130231800162,0.2773088579452093,0.02468053270105834
MAC002177,Std,Adversity,0,0.11693712314546885,0.29650405153970827,0.05852020401408683,5.590465153484602,0.4795234202491187,2.4224021571585586,0.4815048795888668,0.017786023032722947
MAC004867,Std,Comfortable,0,0.11905850944370303,0.5180264483627203,0.09334682045707006,5.7097254405541555,0.7730179301225036,4.2684328240630105,0.28573760956592636,0.02427137093730089
MAC001683,Std,Adversity,0,0.2613893733342091,0.8365288613104525,0.16455370103030995,12.511269890639628,0.6251716943861997,3.1845914691724126,0.33340559502402023,0.03206643706108296
MAC005252,Std,Affluent,0,0.0626118025544645,0.30124900662251664,0.07055494900430972,2.9951562913907277,1.0717439056044349,4.775635242910291,0.25388500825360044,0.031616283840179775
MAC001880,ToU,Adversity,0,0.14962946988651293,0.6704889237341771,0.12351575075813287,7.164691455379744,0.8139639001082019,4.44627561933813,0.2425555303226155,0.025075234632759846
MAC002548,Std,Affluent,0,0.10317487014448247,0.4641930119800332,0.08451889302430908,4.939515807321133,0.7618724480236024,4.331542308302859,0.27419523062012674,0.030854467771115925
MAC001769,Std,Comfortable,0,0.25379797468072274,0.8302255517350158,0.18019798119265662,12.16569716135647,0.7251947783579881,3.445680556488834,0.32175499165468524,0.10798860927223534
MAC005197,ToU,Affluent,0,0.1394485562170619,0.5114453226613964,0.09686758095298607,6.686222661528325,0.6728698178861295,3.541467028484941,0.3399817980283664,0.0295037294160749
MAC001600,Std,ACORN-U,0,0.07569794754085427,0.29947213606811146,0.05535426170037159,3.613959752167184,0.6915750055692533,3.6332218071428257,0.3404499788589457,0.021224645807913247
MAC000485,Std,Affluent,0,0.08100074538434714,0.34582535183098595,0.06027349966357013,3.8786718307042243,0.699749123246397,4.006443147661531,0.3110296150864088,0.02086020693582493
MAC002827,ToU,Affluent,0,0.11825927529947791,0.49197727272727276,0.09782690283192685,5.643265151515152,0.7792771350285639,3.922180778352044,0.3049326652856645,0.06560225681305375
MAC004181,Std,Affluent,1,0.40645881223234737,1.949949229076923,0.43153119997434924,19.490675383692306,1.0452188931136697,4.912490555405011,0.23142133824103198,0.21117440044285096
MAC002738,ToU,Comfortable,0,0.11116394946139939,0.3272579185520362,0.06276651956143765,5.314819004524887,0.5558141163802488,2.877109530846988,0.3923565317820527,0.010915428183654855
MAC000873,Std,Adversity,0,0.08372564918625465,0.4031392595555555,0.069381244993294,3.9963259262222226,0.7764065368773131,4.454808661993742,0.29067494699936974,0.01733350900234183
MAC003807,ToU,Affluent,1,0.5637395171596175,1.8485584693548391,0.4780317269734369,27.00183265887096,0.8319398920392814,3.309644463364643,0.3250107008825942,0.2281701578973676
MAC001964,Std,Affluent,0,0.13435712073944778,0.3297821941176471,0.06091660041656338,6.401593005087441,0.4189914089357277,2.2892054353435154,0.514743629886963,0.0341211287635964
MAC000966,Std,Comfortable,1,0.7352705490697252,1.7219313438805974,0.354828499989997,35.17329999686566,0.4758461977608174,2.334366212272761,0.4432961210138632,0.20351616695625818
MAC002153,Std,Affluent,1,0.3876817693670094,1.5265394541062796,0.3746771699751746,18.59331079371981,0.9590353556759256,4.009690455174917,0.2753836839335625,0.17311219007720366
MAC002475,Std,Adversity,1,0.5006276183113244,1.5272776120895517,0.2798186713654258,23.940395519104477,0.5845559471804551,3.1746992558131737,0.3664980571620358,0.19650963583440328
MAC005244,Std,Affluent,1,0.39596838068861673,1.456966888741722,0.33059806860422003,18.988145691788077,0.8372188788680801,3.7871161932341284,0.2836263907246678,0.1541108218778463
MAC000425,Std,Adversity,0,0.29723536293538194,0.9013398875,0.1485474930667562,14.228300562359554,0.4798655996781021,2.9660703045735133,0.3801903187050738,0.05423543987924372
MAC005337,Std,Adversity,0,0.19561974960572345,1.3979056597035036,0.3409025627114787,9.293146897169814,1.806509598025722,7.9872508731695815,0.13972948441570826,0.07677314123686381
MAC004834,Std,Comfortable,0,0.07006914123841489,0.19123878437047756,0.03970905577437924,3.3591562952243126,0.5585349737749715,2.733829062581766,0.37987099860189816,0.009936200664194907
MAC001060,Std,Affluent,1,0.3486879752363017,1.2693393654600302,0.2967967906670482,16.657702864705882,0.8515678943372109,3.6946517754113364,0.2847363444236756,0.08740512522822598
MAC002333,Std,Affluent,0,0.079289977264287,0.39190694283604127,0.0770376039282107,3.7878227483013296,0.9079630236167788,4.647384762236175,0.25156599348229763,0.02658582229740094
MAC000329,Std,Adversity,0,0.20507637737270984,0.8274049586776862,0.1640680005709622,9.827307162396693,0.7963176995040715,4.027852486720524,0.26832044378036285,0.03487273518588552
MAC001515,Std,Comfortable,0,0.18872710756173433,0.46128173374613013,0.08283705360203449,9.024219814241487,0.43102890584613374,2.410875968484557,0.4373549807856267,0.03135578394251075
MAC002135,Std,Affluent,0,0.0760713702193292,0.32154983922829583,0.07030375419172966,3.6426318327974276,0.8510751330023958,4.022443838421308,0.285190782271243,0.03512161189959607
MAC002386,Std,Adversity,0,0.14223853877782203,1.164673620566319,0.18191946555266256,6.809062591505216,1.2724190893800376,8.198338431181286,0.12951682321281816,0.02293203020957687
MAC002349,Std,Comfortable,1,0.4043089511076172,1.547673076627219,0.32654476734304727,19.275781062130175,0.770444951689276,3.7654317724919975,0.29669840963180644,0.14046315583483043
MAC002870,Std,Adversity,0,0.10109443180717517,0.2605766312594841,0.05471139571113789,4.813549317147192,0.5685661415608787,2.6997798368556403,0.41159365350491023,0.046750298261476635
MAC004659,Std,Adversity,0,0.09679002652149638,0.37394472361809056,0.06893026350066764,4.631386934673368,0.6905583413095687,3.7711390874334554,0.29697437364226514,0.01986545692197731
MAC003689,Std,Comfortable,1,0.31496973711730114,1.1298685270916333,0.2955882980123868,14.984476097011953,0.9450114443305567,4.128263997506182,0.2997600516633463,0.2510310040712882
MAC002035,Std,Adversity,1,0.431733612027823,2.7094317866773676,0.4731500760161565,20.49828892568218,1.1337315760452322,6.567577988240912,0.17844212805463436,0.12660933812024008
MAC004964,Std,Affluent,0,0.2432737042782059,0.8470545457142858,0.14472210771244956,11.658409091818182,0.5812969906234869,3.3977233126196724,0.3530515337780403,0.06272842776590676
MAC005541,ToU,Affluent,1,0.371101548630437,1.6423250367496338,0.32251630659873887,17.773153732210833,0.864078293043197,4.481673615295717,0.24278023049238556,0.09789699454424214
MAC004396,ToU,Comfortable,0,0.08542534939838778,0.20721229050279327,0.03795469571098861,4.088701117318437,0.4396289496307012,2.3957320246482103,0.4561031020688576,0.013777718503912616
MAC000137,Std,Comfortable,0,0.2918383955440896,1.0461644019777503,0.2068642030460097,13.973258345241039,0.7003312366826242,3.5713530243564744,0.304651048159097,0.08022713220886878
MAC001568,Std,Comfortable,0,0.1129907207047855,0.517266975308642,0.1004971240331024,5.413827160493827,0.8296073458733393,4.280292440800323,0.2861280064038752,0.03834013552166876
MAC000709,ToU,Affluent,0,0.23086287933896113,0.7548738991202344,0.14025555352454994,11.050648091935486,0.5453878636736237,2.9921021027453563,0.3957621148777942,0.08084157843963331
MAC000257,ToU,Affluent,1,0.5331360598470104,1.1748852262515261,0.18793689699408342,25.527250302197803,0.35305310392069983,2.2167225477359236,0.4848613613264799,0.1739128130418024
MAC000362,Std,Adversity,0,0.08599143095391794,0.3208113728155339,0.06374377189877621,4.122704576837725,0.7184368698068544,3.554171568210452,0.34754236964496077,0.01794833243958404
MAC001288,Std,Comfortable,0,0.1963734406363982,0.8524214282142856,0.16826393518823216,9.395721427142858,0.8312101238167257,4.281967973068037,0.25679289871345456,0.05873365629619934
MAC004188,Std,Comfortable,0,0.08311166880292999,0.4002630769230769,0.07085463147298429,3.9727430769230776,0.8038751629933535,4.421666960838489,0.3398749972777253,0.0159190342597547
MAC002813,Std,Affluent,0,0.1396171405843351,0.5561151518181816,0.12102415003622932,6.679095454696972,0.8264487691081768,3.837660494519738,0.29461321635791654,0.04386837959057146
MAC004371,Std,Comfortable,0,0.17360775194102832,0.7073319390516039,0.14405411149623049,8.318728034030682,0.8058790653623165,3.995877971590686,0.2734934029543347,0.03884606812359991
MAC001427,Std,Comfortable,0,0.08493509621620633,0.40204587110091755,0.08040858219079279,4.029233944954128,0.9132806154412624,4.61206627928773,0.25461939573829606,0.020247901449248415
MAC001498,Std,Affluent,0,0.17356871249405803,0.8948382130970725,0.1866995537377342,8.252049306163327,1.0075170221546599,5.208332284501074,0.2303080123951397,0.10545335140841891
MAC000975,Std,Affluent,0,0.15903243633983186,0.44805231718983557,0.08340708571494787,7.610541106128551,0.48258345723802837,2.673234293576377,0.4394756805088158,0.059541529323415256
MAC003093,Std,Affluent,0,0.15153186383905853,0.6355938928244271,0.1309945904213827,7.260871754351144,0.7345080932784974,3.7718141383800137,0.32505263342026075,0.08318974280741212
MAC004616,Std,Comfortable,0,0.24685435229793457,1.1325559282136897,0.22401243634532714,11.80299666010017,0.8908529613706038,4.5941218081092,0.24834014638763185,0.08387107797986611
MAC001677,Std,Adversity,0,0.2382195271608662,0.8882761321372854,0.24444513105214236,11.302322934165366,1.020352449117932,3.8345144282833594,0.28464390106641346,0.11207410895168728
MAC000642,Std,Comfortable,1,0.3226840204896711,1.6847805251453492,0.31949987513713973,15.457530524709309,0.9724924972060577,5.20789745752795,0.21422763639136427,0.09304895927272588
MAC002415,Std,Adversity,0,0.2439084388213662,1.0094447767164179,0.19343815878159235,11.677834328955226,0.7843496446540382,4.138818565076732,0.26107961532560264,0.07342749975126167
MAC001790,Std,Comfortable,1,0.6401210393799917,1.453738923101266,0.2811786921930178,30.653196204430376,0.43036581038968497,2.2070625128236836,0.4961422805683464,0.2287884999588958
MAC001503,Std,Adversity,0,0.1170789916547971,0.303964560862866,0.04730035616810193,5.610642526964562,0.4058036810770398,2.609792924186848,0.40468896013443195,0.021410876359202188
MAC005072,Std,Comfortable,0,0.2049046245957392,0.7059625586583461,0.1467648618724362,9.820246490171602,0.7194929418226033,3.4532120501763366,0.315628341794187,0.03709015036989003
MAC002526,Std,Comfortable,1,0.3314632558547944,1.468657236605657,0.2961356095631628,15.853197999500832,0.8754243534376277,4.418015098816998,0.2535945186040776,0.10367424521760503
MAC000791,ToU,Affluent,0,0.2721900232164122,1.264803865527489,0.25688969370616727,13.029355131649334,0.9030603176220908,4.530638670286409,0.2641079656048664,0.09810882632209628
MAC004808,Std,Adversity,0,0.21485768809532468,0.7081235635057471,0.13547253149032662,10.272445402442528,0.6174782728086259,3.231316088628601,0.3386671556307003,0.03958631169302133
MAC005429,ToU,Comfortable,0,0.1850771663027675,0.5636836737609329,0.11358291940386135,8.849479591690962,0.6036236605917027,3.0480034352696475,0.365030097191977,0.07422382778342518
MAC000851,ToU,Affluent,0,0.24552409587988447,1.230660742074074,0.29339593718928947,11.763358521185184,1.283930655284964,5.616674916145427,0.2079022427877036,0.13277488581338762
MAC003929,Std,Adversity,0,0.11057243523324038,0.3814526313684211,0.07783171754468586,5.294313682526315,0.6191972791877325,3.4608724455029227,0.34992748626410886,0.1461602466728352
MAC002437,Std,Comfortable,0,0.25742840223619606,0.7972354703427718,0.14223177630058262,12.326247392697463,0.5401717117308569,3.064769990645001,0.35317475806972315,0.049018099346224926
MAC001456,Std,Adversity,0,0.14074341618734396,0.9239557135198134,0.16293982128701748,6.706680654079253,1.3383525800379343,7.213039492551554,0.22947510281723524,0.11632582984865615
MAC004019,Std,Adversity,0,0.16869939030436862,0.8447334442052982,0.17425497090019354,8.070137417715234,1.0362019877639495,5.057272915013842,0.20852592265544742,0.025915548519644636
MAC001146,Std,Adversity,0,0.17647903667236003,0.4901525679758309,0.08773825744428455,8.414415407854989,0.49572496475939504,2.77183546041249,0.38375492235006486,0.02751792934093138
MAC004975,Std,Comfortable,0,0.10780766334167914,0.5493815100260415,0.13171791122104115,5.160501301171874,1.1459787319492583,4.737130398905284,0.25500837516965696,0.05639764224969532
MAC004797,Std,Affluent,0,0.14405475206382543,0.7073031775061124,0.1509600253473408,6.870046452078241,1.0129096028484792,4.879042720934588,0.2347894291373427,0.057323595013354135
MAC002637,Std,Adversity,0,0.16484617324824144,0.5044009018018019,0.09580956079943755,7.848798800000001,0.5380447467553606,2.8983267541880626,0.400671881543231,0.043005764800781804
MAC005354,ToU,Affluent,1,0.3380061961026603,1.0862185973898857,0.2217208248723833,16.169443720228383,0.6397098530261888,3.1782657962797107,0.35265664302027633,0.12261328931562829
MAC003876,Std,Affluent,1,0.41879650985022193,1.283166327789046,0.2948256134033543,20.036239351724134,0.7067832351835901,3.163794057272663,0.3486433026954801,0.19399338319157994
MAC004244,Std,Comfortable,0,0.2902906484439727,0.7428531697063369,0.11248271899865699,13.884602783462132,0.3857802614178193,2.5642032855959056,0.4118009783559739,0.05225514778377916
MAC003909,Std,Adversity,0,0.27540288048043615,0.8966768327235773,0.17167156737212746,13.188955288821138,0.5894132544174642,3.1894729124110035,0.35107676922798303,0.07677886969223895
MAC004729,Std,Adversity,0,0.23243421144282866,0.6808927034334765,0.12598582828838903,11.116898424177396,0.529848889483023,2.8862013426550144,0.37463420168549666,0.05298262836436664
MAC000885,Std,Comfortable,1,0.3470765023776673,1.7972581596439166,0.406570670713166,16.64217656216617,1.1903518794423735,5.373914983043196,0.20613345125129873,0.12314583034037585
MAC004125,Std,Adversity,0,0.16539785861703482,0.7221886510736196,0.14968964181963618,7.925389571012267,0.885083546679515,4.354230827398558,0.2551035771993662,0.05472803587751825
MAC000395,ToU,Adversity,0,0.24396330464164404,0.6560152769444444,0.1390145963063814,11.670911110277777,0.5663337864915702,2.681648255607345,0.39680012426904365,0.03481448693843199
MAC004487,Std,Affluent,1,0.2985921133218892,1.1051167705590064,0.2610217479157112,14.302488197888202,0.7822165980702814,3.557017054574925,0.3824986244891044,0.20515015394904187
MAC002169,Std,Comfortable,0,0.14241755955687835,0.5016944440476191,0.09797634713759702,6.52789285873016,0.7891478054388115,3.911610784190779,0.2963701175086299,0.20858539487169325
MAC000121,Std,Adversity,0,0.2317116075675838,0.7782469129629628,0.16717718757302663,11.07348765444444,0.710331199392917,3.3483610340738665,0.3197717036209591,0.048459188731166704
MAC003828,Std,Comfortable,0,0.21805385032654126,1.0074444454545453,0.20678245714660537,10.443101012121213,0.9244749373176387,4.626004684997934,0.23945937839458295,0.07845484635309818
MAC002156,ToU,Affluent,0,0.22992236822777137,1.2937423539452497,0.2779330887311504,11.022276974074071,1.3051749567527489,6.044345729035811,0.19578109855142098,0.1526547154069995
MAC005447,Std,Affluent,1,0.5337547107195574,1.3487178380116955,0.281708352531841,25.535652048245616,0.44640209377242784,2.352445133063039,0.5250579536425605,0.2832673988075635
MAC003192,Std,Adversity,0,0.2745860213542741,1.001685394194756,0.2116824273108713,13.129756555430713,0.7268337106515605,3.5334976613820603,0.33371636066509625,0.09397436737168749
MAC002355,Std,Affluent,0,0.0659603675647089,0.27175964376854606,0.05904979066181847,3.1566364983679525,0.8411742584445918,3.844063096752143,0.2986205080505058,0.027152493929446776
MAC001971,Std,Comfortable,0,0.14581929882956568,0.572496025437202,0.10532905327226516,6.980957074721782,0.7433891797467249,4.07456821340531,0.27283599363163774,0.0576891689145947
MAC002959,ToU,Affluent,1,0.538236289574981,1.1427983449586774,0.17354643633684158,25.797476030082645,0.3109932312113881,2.0953387991641788,0.512514840717099,0.12365574977754502
MAC000477,Std,Adversity,0,0.13189601161642728,0.5190211266197182,0.09199372378345706,6.3162999998591545,0.6561991241953207,3.7735460159724363,0.30975202392379525,0.027837669506378723
MAC003472,ToU,Adversity,1,0.30392625128107437,1.7633941741747574,0.34766835476499286,14.572192232815532,1.1475007565225648,5.832944365969125,0.17508801731772303,0.039948882619962725
MAC002587,Std,Affluent,0,0.1004176764886,1.3087583338333335,0.2410668905232974,4.813048334500001,2.342174835821004,12.850028446543242,0.09342515570665552,0.03167192966251028
MAC001471,ToU,Affluent,0,0.2665114004992287,1.2193559306625577,0.2268192771756603,12.756910628967638,0.8408914912301245,4.628569576181124,0.25171281268052415,0.07768958145860533
MAC000184,Std,Comfortable,0,0.19744372565647095,0.5252367149758453,0.09404827004514277,9.450391304186793,0.46462783477284236,2.6244744992523144,0.42475130686122,0.058276319055256084
MAC001731,Std,Affluent,0,0.15685276445337804,0.5105777073783357,0.14896713657613417,7.446362637205654,1.0075623506247031,4.067294519253662,0.3130975356179548,0.17240105647477844
MAC002968,Std,Affluent,0,0.09708305556048571,0.3375370675453049,0.07123008496535173,4.638919275288301,0.7029331890566812,3.3454594662417296,0.34998087312540477,0.02448761145808795
MAC004679,Std,Affluent,1,0.5693392676860898,1.6526267514084507,0.42272154996516004,27.227126740140847,0.6843430246062983,2.8501921958963394,0.40253612597868355,0.2815400870856246
MAC000311,Std,Affluent,1,0.31928496645979065,1.572072901237964,0.36690026276319576,15.244431909353507,1.1747214883999462,5.12229118357759,0.2081736096033422,0.1157811629084122
MAC003634,ToU,Affluent,1,0.5957112615318901,1.4720909112648222,0.23463859778378723,28.50704545731225,0.44053382996912144,2.667620999803104,0.4439921697814575,0.25979707315334905
MAC002181,Std,Comfortable,0,0.21579453207591692,0.6934563110032362,0.1514764995446829,10.32056796035599,0.6387315953400233,3.066807451703729,0.36303093626234634,0.07803820350973807
MAC001077,Std,Affluent,0,0.19946824167050836,0.7435595781297134,0.13525492050858284,9.544161388386124,0.655732440419303,3.6446477954872547,0.30215018490232054,0.03774970935000246
MAC004326,Std,Comfortable,0,0.16808993579629347,0.5537538243393605,0.11186215900030187,8.056489568428374,0.6645108519640652,3.2505411870179626,0.34643021485197756,0.048255157185736
MAC000142,Std,Adversity,1,0.530386112254439,2.2749465111627902,0.42562100814530496,25.436402323023255,0.8602125569234699,4.564821149941829,0.24715085299031106,0.16689385935928752
MAC003485,Std,Comfortable,0,0.1577326790912937,0.5132873788349515,0.12477073671632989,7.540829126601942,0.7584575338310849,3.2527685614483977,0.3347371217379273,0.06140213138884496
MAC005357,Std,Adversity,0,0.15872950501135344,0.38605270270270275,0.058457250748371443,7.604239189189191,0.3965373000867341,2.565512339778111,0.4433900540902693,0.06699686476306092
MAC004063,Std,Comfortable,0,0.22656431229412544,0.9286285250414592,0.19247633577309295,10.855665010281927,0.7938817789465457,3.954964237645203,0.2935164458500731,0.07801824344930826
MAC005361,Std,Comfortable,0,0.18200777633879814,0.9554587273342353,0.2090640070013872,8.693746952232749,1.1263032236822077,5.431027328340952,0.2146569316062601,0.16010350607096668
MAC005033,Std,Affluent,0,0.024451092270078908,0.16183464566929137,0.03969739083232744,1.1667217847769027,1.9066192066399625,9.226990178593669,0.18889975525790118,0.030804069472798328
MAC004211,Std,Affluent,0,0.14063090010022264,0.6353966046296295,0.12436894184938296,6.729208333333333,0.8534986896777034,4.4310353240248315,0.27113543036465637,0.059792304137866605
MAC003942,Std,Adversity,0,0.1040712440543767,0.511723966446281,0.10209035564863612,4.980343801157025,0.9635562126005203,5.003085267403171,0.2360375294562448,0.04857060343259588
MAC002639,Std,Adversity,1,0.3519490680614112,1.2236631735029941,0.2658039866649854,16.803916165868266,0.7518344991331399,3.4919947261792523,0.3026208137520809,0.07712031862960496
MAC000762,Std,Affluent,0,0.07555275331723185,0.47442437562408235,0.09186738257932661,3.599500733773861,1.0572474349764887,5.5080058118125725,0.2488828801946783,0.0403242145998703
MAC004320,ToU,Affluent,0,0.07777795435529204,0.3251751934883721,0.07412475198427376,3.7257999996899223,0.9601928852366517,4.5753936720341235,0.2690710687095895,0.05906018231999293
MAC004982,Std,Affluent,0,0.0728915671233394,0.38523958294270844,0.08212253220797415,3.495515625,0.9781965281132646,4.463565688322354,0.29385857910176133,0.08801976021832927
MAC003513,ToU,Adversity,0,0.11456102716450123,0.5048011707602338,0.09320224993651917,5.481064329044833,0.7973223848767004,4.307857674706669,0.2761349900420617,0.026513024784132245
MAC002155,Std,Affluent,1,1.9322134857899245,5.1367966067796615,1.3383742415845727,91.53691522429378,0.5945037978766163,2.616245876831239,0.4311836970772997,1.0406954935347834
MAC002342,Std,Adversity,0,0.22771349705124933,0.49902954165435737,0.08528994863069833,10.898131461742983,0.3525898479686698,2.108325412830292,0.5189196551719247,0.04949772950639818
MAC001111,Std,Affluent,0,0.16224532042387627,0.6755520352941178,0.12650576446701012,7.746595776470589,0.6922246243254709,3.8469437006966114,0.35156222476021687,0.07553697260613741
MAC005030,Std,Affluent,0,0.1582947305301866,0.4570511809711286,0.08398452250562281,7.584934383070869,0.5338492973686186,2.8683968989099915,0.38625489216948705,0.0375411452164683
MAC000278,ToU,Comfortable,0,0.12818788277299645,0.7680422912687587,0.1294389455475791,6.137517052387451,0.9928074854538516,5.913465489489588,0.2088910406620836,0.03285600283012201
MAC004294,Std,Affluent,0,0.11891600802339516,0.7517975273570324,0.15484808297909014,5.679428130139104,1.2695122130807646,6.335906522766953,0.1779725658554439,0.033458121958286346
MAC000814,ToU,Affluent,0,0.13968300827301933,0.41805786290801183,0.07172505921018095,6.677347180118693,0.472213925067808,2.7842348972454367,0.4530250016334066,0.02696267614386743
MAC002969,Std,Adversity,1,0.2815607072200487,1.6583487614876034,0.39025903324521216,13.490383473553715,1.4198249457444199,6.353882851143115,0.18545506978410511,0.13102604417387645
MAC003683,Std,Affluent,0,0.2204382473000431,0.6359481486419754,0.1060841315965224,10.54174814814815,0.46624050710880016,2.8118955882636323,0.4108086303376033,0.0315413952946739
MAC005117,Std,Affluent,1,0.5418572546556202,1.93859843703125,0.43533065225883727,25.980412489687502,0.7912631403631091,3.5837725438747925,0.30551639612611964,0.15738189439599704
MAC004092,Std,Adversity,0,0.10356034863932505,0.7561297290090092,0.15273946975012057,4.95021981891892,1.4694118957433266,7.4066492783314,0.15309485694994443,0.033333898000229754
MAC002449,Std,Comfortable,0,0.20323518709983535,0.8225209066202089,0.15776493329613434,9.742174217247387,0.7652599278323091,4.057403603840375,0.27272425292602326,0.057796831964423104
MAC004239,ToU,Affluent,0,0.1999414358668915,0.9371358015432099,0.1963724613516938,9.570049379320986,0.9680605632959237,4.8761680613633995,0.23038912115237115,0.14256735246672406
MAC002822,Std,Comfortable,0,0.09340564381807089,0.26710151515151503,0.039461201746505484,4.470024242424245,0.4151479979799934,2.827867515036583,0.37932920318672125,0.008686156550658256
MAC004623,ToU,Affluent,0,0.09242596932106782,0.5848731217028378,0.11085102764564918,4.431375625876461,1.1797834834241838,6.295987193626062,0.18403664163554354,0.024169037662581185
MAC005189,ToU,Affluent,1,0.3465493376010339,1.1013588381266493,0.2298887084721501,16.51571635712401,0.707350535169421,3.420623273744772,0.32273102344749155,0.15899836082491567
MAC001295,Std,Comfortable,0,0.22401459727858705,1.4553318138508373,0.23976113514264585,10.690712330593605,1.0798692382798722,6.565464750845499,0.18701825639867803,0.08224931872618794
MAC002138,Std,Affluent,0,0.24888500456017668,0.9108585215434086,0.18824584553329596,11.902081993729904,0.7243428779654749,3.579222455270899,0.3118166535305714,0.08781247233051623
MAC001691,Std,Affluent,0,0.2763668134557495,1.0181152652647978,0.24161240818371338,13.228420559968848,0.8428942011928398,3.640854046391721,0.2990940282177709,0.09739938240547749
MAC003205,Std,Adversity,0,0.09288131241807115,0.46632022471910095,0.094409939907403,4.4430711608614235,1.015635540188089,5.06194510146202,0.22907364820884318,0.03791279658634508
MAC003045,ToU,Adversity,0,0.09651746157766801,0.23115137614678896,0.030282572080352413,4.61288379204893,0.3104577466411504,2.391836577375455,0.43696170792411326,0.006213655367192003
MAC000522,Std,Affluent,1,0.4479528688195249,1.5560851075177304,0.36953415063007744,21.45356169617021,0.8073087119105067,3.440609902570398,0.32489920450852533,0.12496702239146143
MAC001988,Std,Affluent,0,0.1904908970878521,0.8740700643312103,0.188819306892736,9.122036624522293,0.9484305328156895,4.572853586846586,0.2470062761407025,0.08638204898800204
MAC005087,Std,Adversity,0,0.04895706078958852,0.20088235294117648,0.05331779545432627,2.345375350140056,0.9246547917858776,3.96292315130773,0.31573842781256295,0.04764569122472386
MAC000375,Std,Comfortable,0,0.1028818358877231,0.2712177531206658,0.05696292323341984,4.9201705963938975,0.5555109793160623,2.64794926519973,0.4020816607102458,0.02394587741218563
MAC005106,ToU,Affluent,1,0.3378376143812952,1.243567860374415,0.2697638500003334,16.164733225117,0.7720495747138978,3.6321140582339257,0.2974774205772269,0.11380971889445704
MAC001363,Std,Affluent,0,0.11472737604391894,0.5037018347094799,0.0896041160165569,5.47506269097859,0.7633994520284669,4.255990413231153,0.28115509984763465,0.02786802189326197
MAC002273,Std,Comfortable,0,0.04115896257512476,0.412291852,0.0799857852585362,1.9701170373333334,1.8420179671496415,10.318122806071646,0.133127914360912,0.029748663271254205
MAC000271,Std,Comfortable,0,0.1851978542972176,0.7378034188034187,0.15709087691430368,8.863920634310135,0.8235217461119424,3.9529876866929663,0.2817076535293458,0.0554160833975138
MAC000083,Std,Comfortable,0,0.30211874480171874,1.0416805904176905,0.18671755091117526,14.472960687837839,0.6813502331446523,3.841296294283783,0.3052386402220668,0.16517885412085306
MAC004681,Std,Adversity,0,0.059823415325993015,0.7231306562814067,0.12538649128858764,2.869530991457287,1.8432979142601378,10.249847802910855,0.1514076501064002,0.034596738345692726
MAC000058,Std,Affluent,0,0.07036680442376664,0.3325828220858896,0.06593898020688421,3.3719521472392624,0.8832608804013228,4.514010263957955,0.24128094791132115,0.019163424885728374
MAC004457,Std,Comfortable,0,0.2066831722055493,0.7817979920953578,0.15393200607805316,9.903849434755333,0.7294968590949729,3.740499073456069,0.30588188593094634,0.06819892519162596
MAC002850,Std,Adversity,0,0.08214760858969636,0.3097712121212123,0.06688839558826787,3.9311257575757583,0.8050297690148864,3.771147980992477,0.28143951313533355,0.01698395749999885
MAC003370,Std,Comfortable,0,0.1256457002332263,0.607717850287908,0.12260074189930849,6.023644913051823,0.9473534267367981,4.715600848120112,0.24010998127684058,0.035081646615487586
MAC001545,Std,Adversity,0,0.09537314911036218,0.2085485362095532,0.04050965982788644,4.565661016949153,0.4275713899211855,2.193319334273664,0.4855438550538261,0.02008245013388294
MAC000253,Std,Affluent,0,0.24831601758358343,0.8479183917174178,0.18341863782949513,11.895434834470157,0.747908838867168,3.4166601124052582,0.3295498799340106,0.06874421521200859
MAC001998,ToU,Affluent,0,0.18932354241376256,0.5238216560509555,0.16113881457820825,9.072611464968151,0.7707214998151295,2.8994060368095154,0.3976880663932921,0.11447159140283593
MAC002288,Std,Adversity,0,0.10340948013398932,0.31975368716814156,0.060261424616136386,4.955982300737463,0.5719339852422805,3.0325012954106625,0.3525865799004966,0.013755965645902148
MAC002369,Std,Adversity,0,0.2921147819370239,0.9700787533432393,0.1950981436608223,13.979277861515605,0.6812030580277996,3.314867972532004,0.3394072072983482,0.08384052888591405
MAC000886,Std,Affluent,1,0.3955495367956503,1.4276973286350148,0.3374202868843903,18.87982344198813,0.8495720433912383,3.6545898401307126,0.2900510519982095,0.1250178506183718
MAC005203,Std,Affluent,0,0.21885268361160032,0.7026301191545574,0.12811511319883045,10.456217966446502,0.5762624018454184,3.160833908040908,0.3529127464071531,0.04510807581307374
MAC003416,Std,Adversity,0,0.1334761773429981,0.4875242716504854,0.08791088899450691,6.368003883300972,0.6287449907878456,3.521008959819967,0.33096053232459,0.02619103693459923
MAC003501,Std,Comfortable,0,0.2731060529149482,0.8646206235408558,0.20647967993322502,13.063743190272374,0.7250228383676246,3.1852022669275097,0.33642915267085954,0.0855917540452928
MAC004817,Std,Comfortable,0,0.0729920304657385,0.31461637931034475,0.07356853783024159,3.4994511494252873,0.9988706246525042,4.270958668951181,0.246505342200071,0.01596777288467663
MAC001549,Std,Adversity,0,0.18345285942269515,0.6445978423728813,0.11785497076913133,8.770332818798147,0.5801674432160694,3.318484367184001,0.3610849602799585,0.0850374614865808
MAC000542,Std,Adversity,0,0.16284061861727783,0.6400303907380608,0.11638734661711855,7.79606946454414,0.7064312460506029,3.885421561490613,0.30101792709527325,0.02864201300629478
MAC003870,Std,Comfortable,1,0.3265475196514778,1.1298661261663285,0.2392594895088672,15.63165314259635,0.7719870529001324,3.7815726439150827,0.29812628255362417,0.17319344441344242
MAC001007,Std,Adversity,0,0.1388100155524948,0.5008101645739911,0.09820942023708525,6.62593423019432,0.7043798620104179,3.5831214256289865,0.3273847868855341,0.038505289834824694
MAC003898,Std,Affluent,0,0.20511332988228317,1.2499207315040655,0.23852502011949075,9.825941053861786,1.1559020512323948,6.186790139692265,0.18168696314420216,0.05712588717419968
MAC000256,Std,Adversity,1,0.5210703292678756,1.2946019555555555,0.22480531314432622,24.98281685128205,0.47074693748804664,2.650229246424679,0.4115391736794334,0.21560600164570953
MAC004384,Std,Adversity,0,0.23916101930300174,0.764076708786611,0.18732795836528224,11.45823849386332,0.7918212836210482,3.3871265733627287,0.31938235273435467,0.0775532389082728
MAC002736,Std,Adversity,0,0.07102298350507764,0.5564826561085972,0.10395688630201069,3.4017028669683236,1.3806275574233968,7.288504879252443,0.18954245606822626,0.035235879678937765
MAC004123,Std,Adversity,0,0.2203262974118967,1.3604923317484663,0.2572068588023328,10.550858895705524,1.1819870022871417,6.3321414276821555,0.1684932412099165,0.050001743840750394
MAC000139,ToU,Affluent,1,0.39060751438982105,1.4157386022796354,0.2799174448453096,18.710281155015196,0.7163009367155561,3.663352697407352,0.29078528050761215,0.10198552418026086
MAC000998,Std,Comfortable,0,0.10642164713416774,0.46479354838709674,0.08589789143123064,5.086190322580643,0.7762374962402998,4.260605992827168,0.25786422908714024,0.02358988389611385
MAC001750,ToU,Affluent,0,0.09861426378014584,0.5950799355799373,0.10995672830292003,4.713606581661443,1.058160483198199,5.829340440661629,0.20930064458570377,0.03698369639042785
MAC003762,ToU,Affluent,0,0.23699763210229977,1.1152124240480963,0.24272402599179485,11.276318634068133,0.9971641995211815,4.783392632439157,0.23272068396692933,0.1044992603573692
MAC000242,Std,Affluent,0,0.04205492947694926,0.27630656934306574,0.05078804555577586,2.014154501216545,1.097007093380678,5.799112450622318,0.2732105311378786,0.037704190126759185
MAC000595,ToU,Comfortable,0,0.22199614432528947,1.0075674912917274,0.20041744927994967,10.64159071248186,0.8695782097729398,4.480834457894153,0.2527134944991649,0.06452235794782514
MAC003229,Std,Affluent,0,0.27338537861805634,1.0109774005649719,0.20282327919734916,13.058084742561208,0.7094117299366345,3.5971361652885756,0.31124025961963525,0.08916882985835083
MAC003287,Std,Affluent,0,0.1315494121767698,0.6462523732447816,0.12983451716815775,6.287058825047439,0.9449000656781282,4.780687456733063,0.2537064582494856,0.05005186965338491
MAC003150,Std,Affluent,0,0.11499176995440281,0.6214127505033556,0.1339571670168434,5.511906039093961,1.1663895801693567,5.422836484712119,0.21707479125967685,0.04455234020317238
MAC003806,Std,Comfortable,0,0.1594976682061993,0.7995322592741937,0.15521265972157144,7.624943549193547,0.897664106307531,4.766773609599216,0.2604078566087307,0.05616891616716991
MAC005268,Std,Affluent,0,0.19348616481367675,0.686731740504648,0.15298120213514718,9.251625498804781,0.7639184663703913,3.483637369515286,0.32111834803940426,0.05322318920106981
MAC004324,Std,Adversity,0,0.23756034391688205,0.9533452009287923,0.2110534740616011,11.37668730510836,0.8600903193167319,3.9045534553228216,0.29011917890722,0.07725056522456472
MAC004779,Std,Affluent,0,0.10865655904846756,0.5408307017216644,0.11375054654350505,5.21000860703013,1.0041305880147962,4.8153072826982335,0.2554664509772573,0.04482623160265944
MAC001572,Std,Affluent,0,0.16809085730113965,0.49657870385802455,0.11339107926299799,8.052075617438273,0.6712955759368333,2.9352978747176475,0.355129163099823,0.02235971781058038
MAC000106,ToU,Adversity,0,0.27413228014460117,0.8803674484586931,0.19109075159442634,13.135113439580762,0.6722012459459147,3.140750518612282,0.33850893390291287,0.07312746523023994
MAC004653,Std,Affluent,0,0.1731364176817969,0.7918612048494984,0.1712465820791165,8.300040134113711,0.990334169249209,4.651826004386207,0.23560890422832556,0.06815434459299965
MAC004254,Std,Comfortable,0,0.16182834305050867,0.4969072649149924,0.09520599700189074,7.750052551004638,0.5678130281071976,3.0013661605354334,0.36789402672263144,0.030714133210185377
MAC005441,Std,Comfortable,1,0.34536924310743283,0.9865051081751824,0.21994897272610173,16.482769343211675,0.6362616175053327,2.874701932231308,0.35885863151649217,0.07595579117526709
MAC001063,Std,Adversity,0,0.15110040616480416,0.4420754144796381,0.09742134129286427,7.216482654449472,0.6368627111592997,2.9229259605309834,0.3601070585061678,0.029877101605680505
MAC001638,Std,Affluent,0,0.1431340446310013,0.549718068847352,0.12001542964851186,6.816191589096572,0.8005090050259007,3.8232655130126343,0.3076237199680371,0.06869864902590384
MAC001185,Std,Adversity,0,0.13727407185115786,0.6799878792424244,0.14524091521828958,6.565198485606061,0.9923732877814192,4.717039423471219,0.24251270933085112,0.04841504574435934
MAC002359,Std,Affluent,0,0.268991463393577,0.6734836313988094,0.12368800521263944,12.870581845684523,0.46960092832389433,2.523965529770477,0.4212400735733241,0.05462998487509004
MAC005557,ToU,Adversity,0,0.13100903363024874,0.7222096144230767,0.11474672071403218,6.271528844807692,0.8347081284143767,5.303746168636445,0.24894130196887945,0.02324628000673831
MAC000095,Std,Affluent,0,0.15810228678629232,0.6705143718608169,0.12861506475058543,7.575930408472011,0.8002778708928032,4.228665245531157,0.2820744015666429,0.06185036023839906
MAC004048,Std,Comfortable,1,0.4186676457412835,1.4307164184079606,0.2642586687530354,20.027913763349925,0.6763535086108436,3.6158986545147602,0.31558585721493565,0.13623815725034885
MAC002445,ToU,Adversity,0,0.19712200113577197,0.5657868852459015,0.13249174618635545,9.435277198211622,0.6765093357267724,2.897577727298854,0.35590114893715785,0.03178649269005872
MAC003903,ToU,Affluent,1,0.6636917557513404,2.001583334349594,0.41634560064362264,31.7657134101626,0.6244238681548322,3.037160520015994,0.3483351618851992,0.1901737277991146
MAC001846,Std,Comfortable,1,0.5807833190390703,2.1899041091324203,0.5698291502171975,27.851751142237443,1.1355966408487457,4.510103989594933,0.25386712154351404,0.35343415404151574
MAC000244,Std,Comfortable,0,0.1499626030942089,0.4033442818734792,0.062320926436120264,7.1830754253041365,0.40378608720460835,2.6224581822080193,0.43965339133513076,0.024341622752195907
MAC002909,ToU,Comfortable,0,0.17097073508648675,0.6921771533112584,0.16088261454716282,8.198708610596029,0.9012897379501867,4.0566812028763675,0.27925254867727545,0.08593452911007116
MAC000490,Std,Adversity,0,0.28027580340135805,1.3166953455571233,0.2672374970645053,13.427643157263748,0.941808625075506,4.736004010331587,0.23215152168314768,0.07814671781039736
MAC000795,Std,Comfortable,0,0.2219922296346495,0.905965976183432,0.18749991600921567,10.600001477958582,0.8185001017915206,4.017974206074608,0.28083545845791874,0.08078994346124109
MAC002482,ToU,Affluent,1,0.46017901325479404,1.1584559049327352,0.24480020165480562,22.006606875934235,0.5324071781412935,2.5319374433066306,0.4127483112582958,0.09885114321230459
MAC004517,Std,Affluent,0,0.07553557157551741,0.4982151740049751,0.09620754697075415,3.616721393034826,1.1803858420186122,5.954966621222376,0.21806926849594335,0.03412015287668486
MAC001379,Std,Adversity,0,0.07302759401335834,0.3012920489296636,0.057569766858214154,3.4923042813455667,0.7667045269984227,3.9753768542908965,0.28789708783674306,0.01992554872215538
MAC002993,Std,Adversity,0,0.1696008307727325,0.41933498349834974,0.07347894633210447,8.116643564356433,0.4318719846530909,2.467576845044384,0.4191318963010881,0.014546426228783193
MAC001919,Std,Affluent,0,0.1273543067753891,1.2630269429477021,0.2158675581484837,6.081250398573691,1.7313820079763904,10.183142162949293,0.12231228868474278,0.04802251084902206
MAC005012,Std,Comfortable,0,0.06514702921772943,0.28140729544072945,0.05119550000287542,3.1007993930091184,0.5451715827941955,3.2829086121883457,0.5154673226592186,0.03689592752322672
MAC001450,Std,Comfortable,0,0.2024395234305416,2.037650768461539,0.33976664636613807,9.699407692461541,1.684832424716563,10.133176371419367,0.10678118423686545,0.03221058227442092
MAC003386,Std,Adversity,0,0.23807526038862184,1.0155249988461539,0.21952439889490483,11.409507690961547,0.8978217326852057,4.203427353423888,0.2617451043113021,0.07488304299138536
MAC000790,Std,Adversity,0,0.054484059448272865,0.1798296619676946,0.03786743314021789,2.600960352422908,0.7361892793099967,2.9070216730791776,0.398908312344593,0.04651930494461589
MAC003339,Std,Affluent,1,0.3601009131315755,1.6103773940613026,0.33058668326811286,17.25636206475096,0.895317076395635,4.439856993244409,0.24459369226618233,0.10450652797880813
MAC004170,ToU,Comfortable,1,0.42655942237480954,1.4884422201849,0.2795289269312612,20.427214177503856,0.6415865870679457,3.456789787588218,0.3199803436448876,0.11416795391621765
MAC000532,Std,Adversity,0,0.17286436676987824,0.5753920444602275,0.10581665008409953,8.28034232869318,0.612638979753639,3.3306687876486993,0.34178637692592057,0.05516585538569022
MAC005387,Std,Affluent,0,0.19066942606892232,1.1298157161246614,0.23456334054453243,9.129116526964768,1.1841362956274535,5.913677270406943,0.20018027446488457,0.07959290516947706
MAC004943,Std,Adversity,0,0.13677345912118816,0.6979222800518136,0.1389099266352622,6.544604923186529,0.9657869070759405,5.086552581938142,0.2504431983223995,0.10474820153769274
MAC004632,Std,Adversity,0,0.0973103532483217,0.2931285475792989,0.05923107649576067,4.66042737896494,0.6193335115448518,3.0698310008136875,0.3382864247331061,0.018129308250915337
MAC005028,Std,Affluent,1,0.32754294110600246,1.1039776913385824,0.2231100092339419,15.657937009973752,0.6658169729246366,3.3239361439066646,0.32275619579815323,0.0696103403267846
MAC004080,Std,Affluent,0,0.07944723394614742,0.24025114854517612,0.05009257109390255,3.8042143950995406,0.6146498816488111,2.976766811772734,0.3806163631326413,0.01908635468523154
MAC002453,Std,Adversity,0,0.1077090200106696,0.7286572274217588,0.161189256200989,5.1483949344262285,1.4151869548613805,6.832280594731228,0.17504224065674678,0.04163136905943392
MAC004522,Std,Affluent,0,0.1203979134555156,0.619412935199005,0.11483788918760612,5.768095771019902,0.9311537850729591,5.056886854488368,0.21843704794361413,0.023698914835417896
MAC004966,Std,Affluent,0,0.06910398959497689,0.36202730832249685,0.07405117107702198,3.310128738751625,1.049099590454119,5.364376890990321,0.2607044765089335,0.04549572002434443
MAC004488,Std,Comfortable,0,0.2170618067563103,1.1309391306832297,0.21639227784329512,10.395575155652173,0.9130181447041218,4.867975471746633,0.261188250831715,0.09740674413527917
MAC003365,ToU,Affluent,0,0.09756009749393471,0.6785451061420346,0.12162634074873412,4.666428023608446,1.2298008389730357,6.92204251049831,0.15832546334996336,0.021277290242295698
MAC004506,ToU,Comfortable,0,0.09730218195233692,0.331672049689441,0.06195864016070496,4.659657142857142,0.6257906747304622,3.351775662275754,0.33376070004101166,0.02551211875068547
MAC004511,Std,Affluent,0,0.20586608348924695,0.8524029854477612,0.1801835091325273,9.866349502985074,0.7653199087908794,3.7887318408146675,0.32483769091638,0.09363044911573805
MAC000205,Std,Affluent,0,0.2535024788840924,1.4830545444848489,0.2528170152632199,12.136329696242425,0.9869709873615963,5.837133485931699,0.19821865278602424,0.061857703295450546
MAC003736,ToU,Affluent,0,0.2157144740623987,1.4873880019999992,0.25953901498075804,10.331372001200002,1.1396737090009121,6.522234814737442,0.18044417310756766,0.06368067000978285
MAC004803,Std,Affluent,0,0.09541102024101548,0.275297176820208,0.05199051856799495,4.569442793164934,0.7707873703002768,4.217346460918433,0.36352257206726163,0.0696138815801696
MAC002185,Std,Adversity,0,0.09918777113003896,0.3914392218800648,0.07554967802014752,4.747648298217179,0.7510386851160328,3.9055716775437523,0.2842138876743016,0.03155352819574872
MAC000468,Std,Comfortable,0,0.3897846592476887,0.8664197185915492,0.13903573777789546,18.666412676619714,0.35660111554209695,2.2164356864446946,0.4755118288179277,0.04557465390668845
MAC000388,Std,Affluent,0,0.18802581117942685,0.9462236112499998,0.19794939876691914,8.989529165138888,0.908385317696588,4.725361681151592,0.3493058868179148,0.147771445997417
MAC004501,Std,Comfortable,1,0.2909911879606425,1.1074894412422358,0.22918502097476048,13.946037266956525,0.7878249198490792,3.897569946331563,0.2766626965876064,0.1326722110235647
MAC004037,ToU,Comfortable,0,0.24784962175388695,1.026955298178808,0.23691089000414334,11.845973507615895,0.9392703031011003,4.1247056851721675,0.2679495171734273,0.08372449749007708
MAC004839,Std,Adversity,0,0.06411971301360525,0.33069753965267723,0.057216980145939365,3.0651866858176557,0.8377441403295787,4.8344765066218125,0.2696089734496373,0.018996316243818014
MAC002194,Std,Adversity,1,0.32299243669550104,1.3869303092382503,0.3044427778400856,15.459290112317662,0.9053539108257994,4.325286693701694,0.249803144922256,0.13251463588563886
MAC003412,Std,Adversity,0,0.14013281258633462,0.7054294007736943,0.1553527690981104,6.718477757059962,1.0949620357135297,5.038443843990647,0.2173152829219403,0.04554835659870208
MAC005311,Std,Affluent,0,0.09070695359035057,0.7055515390896921,0.1570687872137773,4.349394913654619,1.732340764483979,8.595014732478775,0.19876296636606708,0.12089092613703262
MAC000049,Std,Affluent,1,0.772263322078738,3.0275318658088226,0.6691945187962682,36.9682671555147,0.8659999253974795,3.9572835589315036,0.26798692483453307,0.18862703187238986
MAC005460,Std,Adversity,0,0.17334169781616426,0.558945905994152,0.1065985782914735,8.302521929239767,0.5975155947471128,3.137717868603049,0.3528044822628907,0.031152743907749303
MAC000630,Std,Affluent,1,0.33322605812690703,1.6299970928779073,0.3620533495768049,15.971968021656977,1.0823136684908716,4.933327941543224,0.21202630893309277,0.07445094518899992
MAC002624,Std,Comfortable,0,0.044006776178459085,0.3134189187687687,0.05717315634494606,2.1052102100600605,1.2247467648706898,5.915129378399964,0.25928820449723894,0.03147655047785014
MAC001263,Std,Comfortable,0,0.09380213761534259,1.2155053277016745,0.18942949769366121,4.483884322983256,2.049844321841442,13.385980318202504,0.08937923695057311,0.025640523436180472
MAC004024,ToU,Comfortable,0,0.13765808834410664,0.8443062905629138,0.14687753584150864,6.595084436258278,1.0564388383212164,6.122995409956834,0.1754278483592898,0.023068119055841163
MAC005507,ToU,Affluent,0,0.3053279930857359,1.0910438587719298,0.21936496991259788,14.629849415643275,0.7022483495782843,3.5635250476016056,0.300843398005056,0.0737882044081041
MAC003764,Std,Adversity,1,0.38872120208928496,1.2544268547094188,0.35859613198543633,18.62788777234469,0.8659764610517734,3.4004368265682983,0.3208206640126875,0.2669745512728291
MAC005310,ToU,Affluent,0,0.08172888128558364,0.5491298530120482,0.11085042632183557,3.915947791164658,1.2444338561792152,6.228853168934071,0.1888536417868645,0.031088069312173908
MAC004610,ToU,Affluent,0,0.09145009007999558,0.42612020000000006,0.0886730104974245,4.341021702504174,0.8193371631919987,4.050974101664085,0.3414985029845113,0.052157252006867584
MAC001610,ToU,Affluent,0,0.06262514668712645,0.39053643457364334,0.07082509265190444,3.000044961860465,1.0577060562141942,5.82300027427586,0.21336358917873208,0.020169582710926514
MAC002564,Std,Affluent,0,0.008386861543891493,0.013495840266222962,0.002698006506352541,0.4003178036605659,0.6664805366871218,3.499034250096348,0.4537131957939312,0.013789394728115344
MAC004952,ToU,Adversity,0,0.24247801976707292,0.959650647792208,0.19832744764920016,11.628838958831173,0.8004292835356098,3.92272154715349,0.27478605277597046,0.06935810303850769
MAC000631,Std,Affluent,0,0.05609729557758375,0.19612790697674423,0.04043490218626264,2.680306686046512,0.6951577929163102,3.394264217141117,0.31726849807554564,0.01776090922682386
MAC003729,Std,Comfortable,0,0.2906299082556861,1.0881180003999997,0.22777840814393177,13.929476000200001,0.776492213572427,3.734050622860203,0.2835658739479002,0.06330041703836392
MAC000882,Std,Comfortable,0,0.18896157295717841,0.708461424332344,0.15030551605967837,9.029020771216615,0.7686625210530603,3.6924975695528426,0.29553383480334233,0.06761209957050632
MAC000437,Std,Affluent,1,0.45132394537435094,1.311336145710267,0.2895747198414089,21.585977494936717,0.6344300695453613,2.9268556805982717,0.37815197099278547,0.15591506834458635
MAC001664,Std,Affluent,1,0.3817847343718634,1.3687838251944013,0.29761393618705606,18.292099532037327,0.7689626130248038,3.657585167204107,0.29751139519892195,0.16926568955664067
MAC003456,Std,Comfortable,0,0.2877326315482236,0.6410949620155039,0.10192108743948529,13.742467053294572,0.4972850365522648,2.7103677852876404,0.4483947439315847,0.18894277981798302
MAC005313,Std,Affluent,0,0.013369265335339121,0.17878016099195707,0.03371604416628532,0.6401554961126004,2.37646641152019,12.285081274860696,0.12158920427189261,0.014301348395926818
MAC004995,Std,Affluent,1,0.4122470981017428,1.8695525774378587,0.43724982889384767,19.767397699617586,1.115032052187716,4.872850510235267,0.27371083250587586,0.23810495137833107
MAC000964,Std,Affluent,0,0.20005880615103383,0.5550823170731708,0.1300653560082269,9.492225608993902,0.6813664234722067,3.1005120551326044,0.45597175308087334,0.17684052251650814
MAC003002,Std,Comfortable,0,0.08570614092238568,0.32546864719471946,0.055589973859910664,4.107523102640265,0.6220419855233579,3.420226549468261,0.4325464256147021,0.0432041271871252
MAC005385,Std,Adversity,1,0.4681893072436767,3.0486070476964766,0.7283119377637212,21.962188354607044,1.6069835904008425,7.447006305542115,0.15060889880641776,0.2966827418379081
MAC003050,Std,Comfortable,0,0.16300992259652064,0.6706387190548779,0.13650699252063087,7.809144816310978,0.802770033624581,4.019141827906612,0.28350340520376743,0.052862067729523884
MAC001148,Std,Affluent,0,0.1362432999997605,0.8488154311649015,0.16035693695877049,6.521969742662632,1.1350596798933181,6.012903680107954,0.21202293992630494,0.04466347532286016
MAC003071,Std,Affluent,0,0.10769268140831506,0.6907403604113108,0.15218831546035178,5.151444729562983,1.3717236834938518,6.45397806808039,0.19422468131578002,0.07429848718783226
MAC005222,Std,Affluent,1,0.3408053398140057,0.9651415350529099,0.1762577595912089,16.330324075264553,0.5750963707628522,3.176888966233188,0.36712067172148877,0.2028816341231736
MAC004136,Std,Affluent,0,0.149850374045281,0.31201692307692314,0.0570720034504219,7.177166153846153,0.4240603726017989,2.1542252647015183,0.5206219706489463,0.0675394078917196
MAC000434,Std,Adversity,0,0.14233958459227158,0.9589099853727147,0.18091899788673832,6.81166104008439,1.258912519623126,6.887878477369854,0.16027897938677477,0.04489597978116713
MAC004545,Std,Comfortable,0,0.16979864793758775,0.7170236621419676,0.13571588359143452,8.1398567882939,0.7351322640776269,3.95757916490667,0.30763973201629574,0.05042863387303505
MAC000194,ToU,Affluent,0,0.19746567754765382,0.8621731233656174,0.185162883073491,9.458121063922523,0.8264019712605115,4.087169751422199,0.29659863465503594,0.13170696884331806
MAC003692,Std,Adversity,0,0.17456893290413636,0.7074570864271458,0.1396872345591054,8.329822356287426,0.7937546579375914,4.030941225839202,0.29070186205229254,0.050115036852458265
MAC003760,ToU,Comfortable,0,0.2354110268312364,1.2783567108216431,0.2221535036759824,11.185669336873746,0.8896934460774998,5.161085293275118,0.2520790107883932,0.08650380779567388
MAC005413,ToU,Affluent,1,0.5620864901096405,1.803478202997275,0.4477705390130125,26.87069891103541,0.8724353069655033,3.7283894662883967,0.3158796197674582,0.3301661090479866
MAC003710,Std,Affluent,0,0.159508030653321,0.638842315768463,0.12303491554142301,7.5994411183632735,0.7352540961362795,3.8590872848673405,0.2984357608491414,0.04386561477944218
MAC004688,Std,Comfortable,0,0.2533614509054378,0.6332847566164155,0.11727090158123209,12.100147403350086,0.45668939243883877,2.4720918772034657,0.4383567159038438,0.03984298012888104
MAC000050,Std,Affluent,1,0.4882274265415937,1.910230458316633,0.48786142999474746,23.372727448296594,1.0101650020181248,4.0279213989319285,0.2644263330663439,0.15363004922622175
MAC003149,Std,Adversity,0,0.07246826633888057,0.420444631375839,0.08498848911014059,3.4572046984899316,1.118492810138657,5.461165455588847,0.21929276187635738,0.03278533895048448
MAC001291,Std,Adversity,0,0.0775606111695381,0.49993911689497716,0.09935720192897406,3.7130791473363765,1.2788411427802808,6.650197418914756,0.1688723826320917,0.026088422851779904
MAC005264,Std,Comfortable,1,0.45633564635839696,1.31150863187251,0.2911977437759089,21.85806108432935,0.6229961719397483,2.9168322180470305,0.36554833522152613,0.17677058831765047
MAC003088,ToU,Adversity,0,0.17085450278952097,0.6290305349618321,0.12502561524945494,8.191441221526718,0.7171457169190559,3.638345211875375,0.2958802266782297,0.034329668642220056
MAC002330,Std,Affluent,0,0.22088780846356218,0.7367149163958642,0.1486616526998181,10.521087146676514,0.6196972701220628,3.2527350704069447,0.351608422458406,0.0891569393979569
MAC001139,Std,Comfortable,0,0.15631996430180986,0.43779214402618655,0.08200437396014058,7.48518821603928,0.5212217518194264,2.7729705741530286,0.39104968882504165,0.031110094066266906
MAC001071,Std,Comfortable,0,0.16180266843788887,0.850856712066365,0.1671549740708228,7.744898943891403,0.9484542907887763,4.939751914175633,0.2513134883410711,0.06638092939058005
MAC001022,Std,Affluent,0,0.1005510492924598,0.4135022421524663,0.09783702546386057,4.78118086696562,0.8811502519940327,4.187067736159868,0.27893157861543444,0.06342736088219973
MAC000967,Std,Adversity,0,0.16679176355247044,0.7061417908955223,0.15243772520375426,7.979086567164179,0.92463621110207,4.301269950196902,0.25603641631225244,0.04574198218160939
MAC002539,Std,Affluent,0,0.08653722528433042,0.5032396004991679,0.10211298464092454,4.147219634442595,0.9668246777681715,5.043933775443141,0.2895512918831658,0.05700230466496677
MAC005249,Std,Affluent,0,0.24469852625224778,1.2979986762913909,0.24229207910519787,11.714340398013247,0.9769287795154066,5.2513163273402235,0.20808419600598818,0.04820208597377543
MAC004157,ToU,Comfortable,0,0.19155167076783516,0.5187415383076924,0.095423183887136,9.170775384615387,0.49394161465595676,2.6683266151610447,0.40379994321897034,0.028915510099276467
MAC005317,Std,Affluent,0,0.0863766278038751,0.488670241152815,0.09793775816249069,4.140630027077748,1.080325121356577,5.504239023408311,0.21921436658955132,0.04313940774848657
MAC002015,Std,Affluent,0,0.17497937930543567,0.7095980864433811,0.1457037467938513,8.376805423285484,0.8228165446042639,4.03191688784572,0.27362071243504166,0.045958925572638365
MAC004366,ToU,Adversity,1,0.42355103388478393,1.1024407253835427,0.2031451532354011,20.291852160669453,0.4755332278430586,2.603616151160631,0.4026644270950885,0.0765662651195297
MAC004526,Std,Comfortable,0,0.14507738834029263,0.610721392288557,0.1026790865511513,6.946731342537314,0.7072139044308503,4.2106936500213985,0.25958783672492614,0.016969167386690076
MAC001385,Std,Adversity,0,0.058226941278368555,0.3568318042813455,0.06668422656182077,2.7892155963302754,1.1349023315178763,6.088264619881311,0.17737074444182424,0.011670407123772009
MAC001389,Std,Adversity,0,0.037012856701672946,0.15981039740061165,0.03877039879346596,1.7551330273700307,1.0232456525510298,4.0908564271499746,0.2646985084073102,0.012026172589003242
MAC002089,Std,Adversity,0,0.07547828657304292,0.23843269230769232,0.054655421885953466,3.606057692307692,0.6412642999658532,3.119686108934167,0.3450526762075541,0.046800167538737066
MAC004285,Std,Comfortable,1,0.3234382228983682,0.9341993834621327,0.2206256753836916,15.47233539675426,0.6678642483051827,2.8518431870376353,0.3730409851583591,0.109293743837632
MAC001182,ToU,Affluent,0,0.10044338199942286,0.29265849923430326,0.05463962909863539,4.797346095712099,0.4581098182863579,2.589659417563883,0.5443244861745021,0.06194509648858261
MAC000094,Std,Comfortable,0,0.20827004283513714,0.593546238347719,0.11060349442400084,9.962690505302097,0.4979382164027979,2.7861325683543234,0.39786657800796527,0.0984086775659433
MAC003798,Std,Adversity,0,0.12531933572574883,0.689790322782258,0.1312307713394525,6.000094758467742,1.0001908698516107,5.301434638490032,0.2262990703794386,0.036388799277413175
MAC004537,Std,Affluent,0,0.21862180028572037,0.9961145707347449,0.162577070859509,10.468285179825655,0.7148454233684757,4.37449133233259,0.30173384095037753,0.045495864888198095
MAC000415,Std,Affluent,1,0.3615391639524793,2.4839410124999994,0.598433444142621,17.101887641573033,1.724926834558603,7.486411785334334,0.13991333387969357,0.20863714383939894
MAC003544,ToU,Adversity,0,0.17945261176720645,1.1176705874509805,0.23491564151111244,8.598937253725492,1.2885835180066585,6.308889546183399,0.18229039579217055,0.08099790148850569
MAC005239,Std,Comfortable,0,0.24094978372441286,0.9607486757936509,0.22446648998603844,11.519190474338627,0.9307988873977444,4.035011666290147,0.2699732195805892,0.0742303229058868
MAC000017,ToU,Affluent,0,0.1333540810002736,0.5898850855745722,0.11915734632196542,6.373701712224939,0.8446775705179769,4.265257022836254,0.26676852745463925,0.049352163763657406
MAC001252,Std,Affluent,1,0.8267484533928205,2.103957313262195,0.47665047568518315,39.501172227439035,0.5713673724692712,2.5604563142735213,0.4114569914143638,0.37403147944766113
MAC005125,Std,Adversity,0,0.07371461863003566,0.2785234375000001,0.05780838187010042,3.525621875000001,0.7432989495966793,3.6279017626353878,0.32526020984314735,0.02599723849402891
MAC002032,Std,Comfortable,1,0.30716212355722233,1.4660271567092653,0.3014974871200268,14.719531947763581,0.9578350236918936,4.711440438581873,0.234081621577966,0.09456483263226959
MAC000737,Std,Affluent,1,0.34355314772018136,1.079998532697947,0.256198402602577,16.42689882639296,0.7964382543886079,3.3526171373738256,0.31461402224929963,0.15554261916757478
MAC004444,Std,Comfortable,0,0.16291146703629245,0.5562489447257383,0.10855424491355083,7.7905907171589295,0.6654387227063054,3.4291695581282555,0.31961140936948346,0.04754881378825205
MAC003290,Std,Affluent,1,0.48343102294475665,1.6052118362595418,0.40358423403449056,23.169492370419842,0.763606615624476,3.2039088155400948,0.36005764523933687,0.20091095417825314
MAC003735,Std,Comfortable,0,0.23521079260319155,0.9263820007999997,0.20290916367895354,11.265644002399997,0.7947024636361048,3.8339365856615713,0.32488101009375686,0.12084156565173783
MAC002699,Std,Comfortable,0,0.14769030698451469,1.1569954906766917,0.21367731106049326,7.073557896240601,1.4213615449376793,7.733296212472796,0.15750747018826672,0.042684697699591594
MAC002931,ToU,Affluent,0,0.0946789573875434,0.6047067543657332,0.11768764199622153,4.530957164909391,1.1094156696027706,5.882500618891194,0.24273046443955118,0.047042897340096874
MAC004003,Std,Affluent,0,0.12494543616192001,0.373160596192053,0.06822810634279895,5.963496688907283,0.5434847391533615,2.9419294387069783,0.38051510179582115,0.029135241010557294
MAC004338,Std,Comfortable,0,0.14557338200725028,1.056548745125348,0.2161963248982866,6.979505569916434,1.388445385404504,7.072855814142661,0.17128399544062634,0.06384466968396482
MAC001618,Std,Comfortable,0,0.2711997788020342,0.8560046522480621,0.17274900396004544,12.971342637829457,0.6181080453670672,3.0749082032045036,0.3584564904378665,0.0598110459580799
MAC002195,Std,Adversity,0,0.1581222019714164,1.7553290116693672,0.26782488781128716,7.559572122852513,1.686182229008231,11.185745005176832,0.12959517903518436,0.049895369369213134
MAC001200,Std,Comfortable,0,0.0672044963916884,0.24131666666666668,0.04761083130071009,3.220437878787878,0.7141849425817045,3.630025856943508,0.3152704500805598,0.023486118772214595
MAC004030,Std,Comfortable,0,0.23769952022854438,1.1332930473509932,0.24283650364422657,11.37434106142384,0.9993073978176762,4.88002013257385,0.2211745747455514,0.1117138890756167
MAC000613,Std,Comfortable,0,0.09227915325159423,0.3783613933236574,0.07041799715610395,4.414179970972424,0.7028894867426438,3.8180650420304674,0.32345489516426945,0.032567913127084465
MAC000346,Std,Affluent,0,0.19772972900800978,0.6567417127071823,0.13862014944698106,9.479421271132596,0.6110805992242266,3.066976590057442,0.38460032529007043,0.08902894219139318
MAC005105,Std,Adversity,0,0.0719035319825931,0.29827769063962556,0.05703365696152567,3.4269563177847124,0.6058407283417173,3.3425389425573764,0.4514198871866857,0.046163275352647554
MAC002661,Std,Adversity,0,0.056291270310130266,0.43830884557721145,0.08195408367314208,2.695785607196401,1.3068424467491913,7.053950670955347,0.19425278482401234,0.021356864193428686
MAC001195,Std,Adversity,1,0.30942809114301867,1.3513712103030304,0.2934824071148289,14.815490907727273,0.9203244417276527,4.331903114763133,0.2541032675663806,0.09491971211797363
MAC001306,Std,Comfortable,0,0.25656482230298094,1.4455875187214613,0.26146799503631446,12.277168952968035,1.0188127351717466,5.702809307389919,0.18768333044640617,0.06551580951981398
MAC001588,Std,Adversity,0,0.30353408504790647,1.0957337452012383,0.19982864131909964,14.528854487616101,0.6391196865001023,3.5623029592050792,0.3166129797111446,0.09935647326052935
MAC001049,Std,Adversity,0,0.09075155224233639,0.2793338323353293,0.05075176697549891,4.333152694610778,0.5419265830364365,2.9852248859296093,0.40624480436139104,0.01711025010688613
MAC001934,Std,Comfortable,0,0.16310666586277556,0.6986182108626198,0.1400862186634061,7.803578274920126,0.8546568387248976,4.295350934272846,0.2648152045571036,0.06315785080327725
MAC005179,ToU,Affluent,0,0.12717300176577925,0.5574539469736842,0.1115883790477556,6.091086841447371,0.8463042895982001,4.205393129033029,0.2740996388252059,0.04799033611223884
MAC004807,Std,Comfortable,0,0.10168908389887506,0.38789367816091963,0.0732489711862079,4.874175287356321,0.7134892504951523,3.7890781708236894,0.29016862886087114,0.023253888134204617
MAC005554,Std,Affluent,0,0.12538687824551017,0.5375015435185188,0.10377725191552555,6.0072376546296296,0.7885532375392598,4.139899633144301,0.29378771622251304,0.05569903111729237
MAC002186,Std,Comfortable,0,0.062248971362446386,0.2967163692058346,0.0637568087136921,2.9840858990275536,1.0960458050372164,5.308716186933507,0.21934811777228608,0.04374106085719214
MAC005348,Std,Adversity,1,0.2554003630479791,1.847287448852902,0.3942959536795726,12.156931173549257,1.5541807511124626,7.457745873006427,0.17246285994077343,0.15807443529746779
MAC002242,ToU,Adversity,0,0.17794185561208734,0.8154794111764704,0.1720443187465732,8.527004410147061,0.92615989700801,4.426704364698433,0.25448396568433923,0.07772702190673635
MAC003777,Std,Affluent,0,0.18081947814596172,0.9381763397321427,0.21081003945484983,8.675167411383928,1.543428613539058,8.054000219903722,0.22906673903467684,0.15869246547879956
MAC003840,Std,Affluent,0,0.22544019385725117,0.8752888888888887,0.18169935429388087,10.788086869696972,0.7198052993439072,3.5420968105649933,0.3455114679154974,0.09288801759045918
MAC003635,Std,Comfortable,0,0.046697306424936906,0.1283083003952569,0.025405306266097324,2.2215000000000007,0.542777588742907,2.7489267898614886,0.394861707887948,0.011369621548276063
MAC000387,Std,Affluent,0,0.21779164847680535,0.73202222125,0.14485999743929304,10.410275000277778,0.6318910454784449,3.2264373211222632,0.34900334399181765,0.060730291216986386
MAC002981,Std,Comfortable,0,0.11692677667206865,0.5963937388797365,0.12914292364355995,5.605060955354201,1.0652641491151569,4.987029506722264,0.23444630404748784,0.0648274524167074
MAC002767,Std,Affluent,0,0.08464480892483789,0.43350401546184747,0.08498576203617202,4.022546184136547,0.9455419475780438,4.927727503186138,0.24731225446639502,0.04242980055533397
MAC001480,ToU,Adversity,0,0.15826932596793755,0.4660523882896766,0.08966747536532368,7.580425269645609,0.5618885362630935,2.9176123335816952,0.37447841678654054,0.020235583182695954
MAC003492,Std,Adversity,0,0.06840946069986346,0.3733560311284048,0.08555715330495103,3.279622568093385,1.261228326618397,5.5553108275761005,0.1879304031865429,0.014726013158076395
MAC004747,Std,Comfortable,0,0.05682977662806641,0.45066666709585107,0.08341481027042867,2.7131888416309016,1.4258482031755724,8.118200165873612,0.15859703274918552,0.04137178230737578
MAC003600,Std,Comfortable,0,0.07944626864797098,0.6876429984220906,0.11314097718212258,3.809483235108482,1.3989045058566567,8.427814070210962,0.14158062374540026,0.017662148428051028
MAC002590,Std,Affluent,1,0.8732696243239286,2.3953534881395346,0.518675483317612,41.784265118604644,0.6013537496319035,2.8668739150511118,0.37048483921262704,0.3522763894064834
MAC003212,Std,Affluent,0,0.2578356410552328,0.7344689261770245,0.14682790987849895,12.338235404331451,0.6224094552038865,2.978621941560505,0.3790877346260812,0.09444255025752311
MAC000081,Std,Adversity,0,0.26420258999125457,0.9789299749385751,0.210151290790048,12.663780098771499,0.761478997606934,3.6137080960438506,0.31260247146382225,0.07855475831976277
MAC004283,ToU,Adversity,0,0.08772503508846367,0.4996213284389489,0.0896676902076627,4.197081915610511,0.9684910057337358,5.4602170050834555,0.23033366941053687,0.025354090197575053
MAC005139,Std,Comfortable,0,0.2578872402833262,0.9651593756250005,0.18897405762401562,12.346100001093745,0.7207543096825657,3.73633990094721,0.2818044954590254,0.05102802265611119
MAC003080,ToU,Comfortable,0,0.13497841501832694,0.5051406727828747,0.09344968358641134,6.457278287461776,0.6839569955691104,3.668148990165327,0.3303117401998086,0.02801864665896356
MAC001724,Std,Comfortable,1,0.3296777077798326,0.9761159888714733,0.20665556283322786,15.781807210501567,0.641143137134598,3.05698275951464,0.35677288157436826,0.1260907571132489
MAC005502,Std,Affluent,0,0.17476408112032626,0.9089502942982458,0.19908054191599406,8.381926901608189,1.1300574731240702,5.231656317290683,0.21618806267773416,0.06760695551806443
MAC001578,Std,Adversity,0,0.24508640437325196,0.5951486069659442,0.12057745275632095,11.729713622445823,0.4919258782135376,2.4272120359824934,0.4248852845071155,0.028871255979913708
MAC000323,Std,Affluent,1,0.3263314891005614,1.1904938129298492,0.2822827368043476,15.619966989133422,0.8320128489493174,3.631129991062161,0.3078430026807551,0.14337927763677438
MAC005118,Std,Affluent,0,0.18400493251484845,0.4904372623574144,0.10532867135835025,8.76838403079848,0.47072442988477653,2.3987708979140416,0.5195259468864608,0.0982649076328099
MAC004609,ToU,Comfortable,0,0.05027372067345072,0.18958597662771284,0.042125786512501026,2.407948247078464,0.8409781923368852,3.8254161948239433,0.2704185501182882,0.010856314694153388
MAC002110,ToU,Comfortable,0,0.029593253968253977,0.1536666666666667,0.027467180028495478,1.2155000000000002,1.459516124235277,6.147337203058192,0.23681309997427213,0.05311422146428096
MAC002530,Std,Affluent,0,0.04725143829599035,0.3459833613976706,0.07546443625532145,2.2649101504159743,0.9059697736440978,4.2589874764213285,0.3951759269063369,0.05793262164349097
MAC003952,Std,Affluent,0,0.23767196839435792,1.2377702472727272,0.25656241172814037,11.364368595206612,1.0518668419540302,5.101339803138282,0.2156764007868397,0.06065619887050068
MAC002523,Std,Adversity,0,0.23529356804159143,0.7601630608985025,0.15023408906242905,11.276198002995008,0.6163141555061925,3.144110232665238,0.34583978179015196,0.059910440602331416
MAC001351,ToU,Adversity,0,0.18669972999852139,0.7827171255351683,0.13922977884141247,8.948694188685012,0.7123191585744043,4.091991613966173,0.273307083369174,0.050113662939190284
MAC000837,Std,Affluent,0,0.10378465602528235,0.36305037022222225,0.0836244390943344,4.967429629481482,0.7723097826934703,3.4125765095534457,0.3232559133131703,0.039769339275468524
MAC003055,ToU,Affluent,0,0.11580569759773396,1.1878079286585366,0.24427939347425018,5.546911587957317,2.1120621994336766,9.825283152974617,0.16537128242022886,0.1273661798623289
MAC005257,Std,Affluent,0,0.1564830453765677,0.6678315652519895,0.12678968289296225,7.501913793368699,0.80608726187019,4.274807014293821,0.2519377193946982,0.03922607987837388
MAC003975,ToU,Affluent,1,0.36093216027840413,1.2894768195364237,0.2501990040011595,17.26155960149007,0.6672201092385579,3.515836966818974,0.3093249231380206,0.11769206909831773
MAC003262,ToU,Comfortable,0,0.1909098336195686,0.7598771281663519,0.16042363198464976,9.089699434404537,0.8276405996544436,3.950083320988258,0.2802967408493891,0.06333024122284597
MAC000868,ToU,Affluent,0,0.12872070972985014,0.6675133526706232,0.1434522253471873,6.147827892729971,1.1009975226952935,5.18849525656949,0.22340094489645324,0.052830169519612453
MAC000220,Std,Affluent,0,0.10277872854949145,0.4237645631067963,0.080540176126103,4.914576456310678,0.7934893264926369,4.211254239068179,0.29343203426186937,0.05683390021638683
MAC004346,ToU,Affluent,0,0.20445658279446974,0.7696754877437326,0.17807524600265895,9.807823120334266,0.8460418867496248,4.3093863510831785,0.295183482833345,0.1939759453450684
MAC002365,Std,Adversity,0,0.09052994769983636,0.4643427298219583,0.08943677019873497,4.324232937537091,0.9542938533861165,4.982724340880009,0.27581820075869096,0.025568327814443383
MAC002377,Std,Adversity,0,0.18367726883581612,0.7588796429420505,0.16712460369893287,8.80256166389301,0.8985597250601536,4.197124688820636,0.2514881815649579,0.06284882268779082
MAC005124,ToU,Adversity,1,0.47711828874148104,2.4274953128125,0.43107623353012814,22.832845306406256,0.9082308178455974,5.113844552942682,0.21370751984521816,0.12397287690829752
MAC003851,Std,Affluent,0,0.28069566946211694,1.1035101212550609,0.24311224188862562,13.443457489878542,0.8530015002718738,3.940174093006891,0.26710546523024115,0.07196351082378859
MAC005027,Std,Affluent,0,0.23748540602932874,0.6880301839895013,0.13574955615243095,11.37870866181102,0.5610380060553836,2.922089421084968,0.3684507654788417,0.07549776071578652
MAC000486,Std,Adversity,0,0.09698303782145548,0.7568172321148827,0.14392736579091026,4.652532636031332,1.390969962647737,7.395114223154768,0.19077712238907138,0.0472434647440202
MAC000559,Std,Adversity,0,0.10258558252236791,0.34232365747460075,0.06281544026241823,4.897258345428155,0.6098756523814233,3.332898528768647,0.32637828261159657,0.024254961407738244
MAC004851,ToU,Affluent,0,0.2229440303068777,0.9778201256603775,0.2103103655068555,10.61222264201258,0.9455350302296543,4.486359383745893,0.2425066795139029,0.07201860993409026
MAC004503,Std,Adversity,0,0.08645401163751645,0.6927614900621117,0.1105215460596364,4.139684471428572,1.2690970667500308,8.025515324183703,0.13475213514462203,0.018581855568013915
MAC004601,Std,Affluent,0,0.1450265072320536,0.6230884804674456,0.1276295701991553,6.944826376627714,0.8931372767794368,4.352835997704632,0.26931996432045935,0.05322548490878397
MAC004635,Std,Comfortable,0,0.32398684936589905,1.0856204016722413,0.21518982677912232,15.521347824749165,0.6545177227189148,3.3562779462767236,0.3242693098658178,0.08225084189768345
MAC004541,Std,Adversity,0,0.10923380825744798,0.4098617679950186,0.07574294525742173,5.22952179290162,0.6769963099672959,3.6374235528040906,0.3298268190511457,0.0331971318941561
MAC001787,Std,Affluent,0,0.07319243514080499,0.3083564667192429,0.06384959531878037,3.502417981072554,0.8555819836274515,4.183108382826244,0.256399098853987,0.01839743832582205
MAC002300,ToU,Comfortable,0,0.1960499880057399,0.8865450519940918,0.17536500260141896,9.38604726706056,0.8522348031476503,4.383136815767003,0.2598584313640971,0.06013320980259212
MAC004628,Std,Affluent,0,0.23118797139150776,0.9441736247078462,0.2047392540695442,11.031118530884806,0.8394251311844647,4.033150011602138,0.27520937454524536,0.0743474321061211
MAC002263,Std,Comfortable,0,0.2685875100868809,0.7021905469719351,0.13574132985945192,12.86178581728213,0.49284983878225774,2.696050508661893,0.41227824467372287,0.12626724765791567
MAC001526,Std,Affluent,0,0.080081803033728,0.4036548530046226,0.07981558890431165,3.8180246519260415,0.6744144314875683,3.1778004628212235,0.490806474833407,0.08856859661683629
MAC004893,ToU,Affluent,0,0.10402229568609773,0.6283533656249999,0.1257385619600845,4.981132212019231,1.1710811326076513,5.955282326545719,0.2037534663266213,0.046842236690608385
MAC004424,ToU,Affluent,0,0.1452710351775362,0.602827731232493,0.11851575489554274,6.95325630280112,0.778747034963284,3.922428561102156,0.30665173976608884,0.029314109662200515
MAC004819,Std,Affluent,0,0.11810511522386768,0.722596263218391,0.14777928758247563,5.65715804511494,1.2374057607283087,6.100857191930193,0.186122088162719,0.04630190299436059
MAC000293,ToU,Adversity,0,0.14237872492875733,0.5307017779753763,0.08628091799926856,6.823091654719564,0.6043963088049228,3.7133839833730393,0.33206820236224066,0.03605892485798006
MAC000782,Std,Affluent,0,0.13376924642558657,0.5194052859030838,0.10375731810006504,6.382643171071954,0.6788895957421731,3.7093657246546754,0.3437982526756216,0.09449111504267405
MAC001175,Std,Affluent,0,0.040175366102788004,0.16160060975609758,0.03788216656624033,1.9153231707317062,0.8935324670969984,3.5844807574856494,0.34634111835279835,0.024528495196590058
MAC002063,Std,Affluent,0,0.11538482166147797,0.5780910544728434,0.11177781490245045,5.519848242971247,0.8921816621312396,4.704020537640095,0.2609712520816006,0.03937369893930966
MAC000658,Std,Adversity,0,0.14910865702349407,0.7514729932846713,0.1537013338441471,7.1415927011678795,1.0106651424756548,5.084925636364246,0.2165929842282063,0.048302161031356226
MAC005565,ToU,Affluent,0,0.14030105363984677,0.6386666666666666,0.14437832336114617,4.490000000000001,1.0550249006247607,4.471059611341623,0.3329466137463894,0.017777306540968017
MAC001274,ToU,Affluent,0,0.14928980623486426,0.28807774390243895,0.05842612335872434,7.136307926829268,0.39316217488171634,1.9338721026742318,0.5266147770023075,0.010596625435413643
MAC002619,Std,Comfortable,0,0.06793018872239152,0.26084580838323357,0.05591764411876506,3.2369116766467068,0.8109490093609717,3.7390861522781993,0.30744576877298124,0.010420122843561372
MAC004765,ToU,Affluent,0,0.08279242796936521,0.3518595989971346,0.06634828747336578,3.9601002866762185,0.7744904777853173,4.107679703331281,0.27680520780803625,0.021540632041994797
MAC000358,Std,Affluent,1,0.9692588589498686,2.4971088412698426,0.5648404384521479,46.492349198866215,0.7135433318043876,3.3009069901126744,0.37917596865470815,0.8081950031526803
MAC005459,Std,Affluent,1,0.6795366045182721,1.5565999978102187,0.3258053553253882,32.56612699912409,0.4248189437404974,2.1726197349812195,0.5136931816998185,0.2500524529804929
MAC003305,Std,Affluent,1,0.3292384527945082,1.0744675572519082,0.21512040189481826,15.74127862519084,0.6311921432186159,3.2144892103537397,0.35440019852990895,0.10057509685583317
MAC003176,Std,Comfortable,0,0.2841950756908017,1.046893658022388,0.19038268176163092,13.616985077611938,0.6417288007840422,3.6084242971243286,0.32854435132207094,0.1063096668095612
MAC004190,Std,Adversity,0,0.11997634908328787,0.591147691076923,0.11936535568926633,5.7375046141538455,1.0001245213027532,4.946537591203438,0.23035678560897788,0.03162597979482487
MAC002465,Std,Comfortable,0,0.08729652397448268,0.2975945120426829,0.06144073661527894,4.185222561128049,0.8830794500833675,4.71185216624266,0.37110247987289696,0.11512964209387289
MAC003578,Std,Adversity,0,0.03837720829737483,0.3170098237721022,0.06300177525881986,1.8219037333988217,1.4546099304133386,7.399317447950417,0.1923953188451439,0.020893180355617092
MAC001259,Std,Comfortable,0,0.0869697499829082,0.378724505327245,0.07869019390215695,4.159596651445966,0.8830231950581949,4.251491419090515,0.2581369968138122,0.019838378450762157
MAC005207,ToU,Comfortable,0,0.25337144766624387,0.9225770748353094,0.20272072821489592,12.14363636376811,0.7868193267067979,3.5409763178926466,0.3223178127902054,0.07191604661091475
MAC003466,Std,Adversity,0,0.12421402110937327,0.40471844660194173,0.09449972009236131,5.95156504854369,0.7925172876957162,3.3651630741260563,0.31489999938944657,0.035496318918366944
MAC003620,Std,Adversity,0,0.12464120280493012,0.41712426035502964,0.07165673826618535,5.973244575739646,0.5568597005315512,3.2100065873128365,0.34962286543537213,0.048723300023062195
MAC005365,Std,Affluent,0,0.2233939670421819,0.8072216201351352,0.1677287536829155,10.704549998243245,0.7179830653105241,3.5918040929063717,0.30809195106947906,0.0980079120328241
MAC002036,Std,Affluent,0,0.06884324488137297,0.3529776359424921,0.08158503433469569,3.2821661343450486,1.0710272731663302,4.67114137565914,0.2668800600091458,0.05935920281925052
MAC002339,Std,Adversity,1,0.24444109061027453,1.521053334962963,0.3365772603486114,11.716054816148148,1.4246835555390882,6.611995911170796,0.1675380408020666,0.09531928427567422
MAC001779,Std,Adversity,0,0.14416472483393264,0.3934558358044164,0.07963513513884737,6.8945031544164035,0.5640990312795304,2.7597794255186225,0.39322364584272973,0.04089564731834412
MAC003815,Std,Comfortable,0,0.18700336405028103,0.847173387701613,0.154995537307128,8.942715726612903,0.8103896164097728,4.418822340730482,0.25959813154553046,0.047679377949290225
MAC000380,Std,Affluent,0,0.09059939591288237,0.36842916652777785,0.05769095985064026,4.340380555416667,0.650339133985054,4.162429551053421,0.29133184269473794,0.025827561502551517
MAC001045,Std,Comfortable,0,0.11964809208600911,0.7578841466463415,0.14071369838464032,5.72792682957317,1.1078011642890866,5.978951966674457,0.2126433412366059,0.03350843474318098
MAC004586,Std,Affluent,1,0.441798218095258,1.443681135392321,0.345321021421827,21.17846410868113,0.7499476719705427,3.2847134289407687,0.33643787826427957,0.18674689196605468
MAC002942,Std,Comfortable,0,0.26972820468773817,0.9440132224793387,0.18906842627894874,12.911801653388432,0.6881994002324929,3.4983031839640932,0.3045718478732741,0.05914464343158714
MAC002000,Std,Adversity,0,0.07848353999758603,0.48756210175159237,0.0892502481618423,3.7550445858280246,1.0819488556860826,5.955093371645286,0.20241949869192166,0.022014849405185496
MAC004602,Std,Adversity,0,0.10564876776643953,0.3064724540901502,0.048241380769944185,5.054392320534224,0.4446159449146009,2.825387631654962,0.42567291435601423,0.011731842492507949
MAC002190,Std,Affluent,1,0.35611585521405914,0.8998745577738517,0.17621502343954476,17.080918725971728,0.5483199756005132,2.685886764343831,0.4062857490781165,0.15066775707826446
MAC001198,Std,Affluent,1,1.0195986023366521,2.389568179848485,0.5068407592650839,48.88439392833334,0.5365205610433029,2.607731478638521,0.42741088471208544,0.7770839327222683
MAC000596,Std,Affluent,1,0.6043969272576187,2.1769738751814227,0.556331552934146,28.970113213788103,0.9269680632657549,3.688090638978498,0.2795597396100889,0.1483223306436101
MAC000005,ToU,Affluent,0,0.09538120999977953,0.5890625981220657,0.1089927021999355,4.56362597856025,1.0905560670607644,5.945189677519961,0.20225708363822986,0.03024494611405482
MAC002932,ToU,Comfortable,0,0.11714201260112587,0.38554769753289486,0.07913979753049939,5.606032895065791,0.688602632516777,3.2520218289842533,0.3480259380853208,0.035524598879768214
MAC001668,Std,Adversity,0,0.26860551916234265,0.8525567656298598,0.1659823620306989,12.861780716174186,0.60630038515767,3.1464474152776982,0.3358011043335624,0.05224023575238845
MAC000544,ToU,Affluent,0,0.19911779659538875,0.6193965263386397,0.15632180286076677,9.532989868885673,0.7351804329244995,3.0327852026151283,0.36814354849465236,0.07421084313404148
MAC002810,Std,Affluent,0,0.2289995744475649,1.1248426639939484,0.21803662348395939,10.923251134947051,0.9498406609264428,4.95139318792748,0.2216840512165776,0.05822075480823834
MAC002803,Std,Adversity,0,0.15030513486979755,0.5350998485627835,0.10026820201239454,7.16460363086233,0.6376705991090241,3.441462216040731,0.31970645927595104,0.032771449108824784
MAC001093,Std,Comfortable,0,0.2471006702802543,0.9933906476621417,0.2005698782020568,11.804156862141781,0.7715448033548848,3.914461801842734,0.2964693099838649,0.08420031253006413
MAC004674,Std,Adversity,0,0.3305958560724597,0.908441473076923,0.1740602053837258,15.808949834280934,0.5097293788730486,2.69492580909183,0.3953391077297564,0.07224332295824044
MAC000992,Std,Comfortable,0,0.22356442651502811,1.1126083717488788,0.20865822115165109,10.684672645440955,0.9083955976014587,4.870994106705542,0.2346999037692382,0.052629251020356795
MAC000530,Std,Comfortable,1,0.44108666346296216,1.2471690313920452,0.2619390429295581,21.112642038920455,0.5849704822276723,2.826633522082381,0.3709321834887712,0.1423355037490853
MAC001974,Std,Comfortable,0,0.16636425235383884,0.5529536741214056,0.10208139112492363,7.96214057492013,0.6079326711293619,3.28444310092092,0.33290338900667804,0.023808405136301825
MAC004040,Std,Affluent,0,0.08519529991239408,0.2738162251655629,0.06177963353290472,4.080940397350992,0.7210312565930258,3.1959616473605346,0.33678417562632457,0.01977671573100629
MAC001355,Std,Adversity,0,0.2597217828836382,1.1445152905198777,0.21216959048164297,12.440415901376143,0.8128788706437109,4.41398176957305,0.2520699205624436,0.0662836478509454
MAC000291,Std,Affluent,1,0.38508479692970055,1.2072298224350204,0.24058694620220983,18.450357043638853,0.5672601273257586,3.0309901832124195,0.3758322663988844,0.15185698595159017
MAC001901,Std,Comfortable,0,0.23311727115457023,0.9851235528957524,0.1877396972080586,11.132671815057913,0.8047019821703743,4.38856577728095,0.2574672536924075,0.10221637181341214
MAC002542,Std,Affluent,0,0.10618217073892802,1.508211313976705,0.25094189035713643,5.088722130116471,2.3590091221026346,14.339107212006372,0.08542353518590652,0.036183105013512254
MAC000479,Std,Comfortable,0,0.12853080379733184,0.6205183092957747,0.12583997462783814,6.158688732535211,0.9169365750997823,4.549385669694467,0.25979098910944215,0.044036661683787795
MAC002891,ToU,Affluent,0,0.126605704874426,0.4171548602965405,0.07642960870382659,6.064611202965403,0.6155503252338285,3.3542430392519367,0.36003739074401897,0.057731410672665774
MAC004535,Std,Affluent,0,0.09544205843687728,0.22634744707347443,0.04278760754634254,4.571722291282691,0.44075718633031086,2.2830436444370497,0.4776779370189157,0.027909270532275397
MAC005269,Std,Affluent,0,0.2994027377070719,0.8623896264627662,0.16532933779271308,14.30888164760638,0.5377657946923966,2.8517215741652797,0.37732689991913054,0.07281890787837603
MAC002665,ToU,Adversity,0,0.08618847512397051,0.4928170917541229,0.0991079417837618,4.1217946029985,1.1211201047645405,5.6613840524429655,0.2110322054687419,0.03289463942726324
MAC002306,Std,Affluent,0,0.29975449856739683,0.9237056205621302,0.17777814002599293,14.342889052218938,0.5830899982765307,3.054849388171917,0.348755248639404,0.052993577586505386
MAC002901,ToU,Affluent,0,0.2722462253207741,0.997576605107084,0.2143205389474889,13.031764412191103,0.724901749237017,3.4718703613572828,0.32551733139416733,0.087723784259745
MAC000923,Std,Adversity,0,0.13669999442170488,0.742119047470238,0.15462435401913538,6.340462797470239,1.107179408284738,5.427782787625139,0.2230158229989609,0.035365073237656114
MAC004538,Std,Affluent,0,0.1161507827111067,0.4463765547069272,0.0963846306938989,5.55674600408526,0.736221481046995,3.492398111590058,0.37690139783593885,0.06535446081678499
MAC003520,Std,Adversity,0,0.17560034924870044,0.5307329432748538,0.11307866596345274,8.4129512668616,0.6361245186518383,3.0137274347627776,0.3517894683584521,0.03750161294239456
MAC002701,ToU,Adversity,0,0.10789384501015375,0.7248663659159159,0.13688759696660593,5.163981981381381,1.2160049585834254,6.5594047256090455,0.18567134363749344,0.03786892881263612
MAC001297,ToU,Comfortable,0,0.10788752323281126,0.6383759515981734,0.12233481651622,5.165550989649925,1.0848580453520034,5.665750138774325,0.2152002061636285,0.039088038771979715
MAC001695,Std,Affluent,0,0.12398113087137468,0.3804134166926677,0.07099911596959313,5.92261934477379,0.6549687567047203,3.3367546433219486,0.35249483707165635,0.0715401752803941
MAC002227,ToU,Comfortable,0,0.21755809164214193,0.8256475401639346,0.202327026293102,10.415913930737705,0.916645440545659,3.7558379018455015,0.28356859758555836,0.07664022035548029
MAC000449,Std,Adversity,0,0.08006579656115782,0.48100140646976086,0.09529725442731239,3.822672292545711,1.174795680685879,6.028722354280165,0.20796812120944358,0.036969860168246355
MAC005416,Std,Affluent,0,0.12964843525717393,0.5397366982264665,0.10733077792180591,6.211360163028651,0.7353383292228499,3.8872369013922636,0.33892457862865555,0.062062917807346706
MAC003236,Std,Comfortable,0,0.163919280130896,0.9072339626415095,0.16578234816423099,7.858315095471698,0.9237660919715834,5.14749307394537,0.25329892789692776,0.057313721217102216
MAC004561,ToU,Affluent,1,0.3605927280322433,1.7909937657107229,0.4344575750032683,17.294987528927685,1.2487013610786126,5.3069167312111265,0.21374426782658418,0.1551081150796549
MAC001923,Std,Adversity,0,0.22416311768033834,0.8912852599049126,0.18627061651389526,10.739045957210779,0.8481189927716208,4.0762237949677385,0.25840365931715453,0.06862493193456368
MAC000054,Std,Adversity,0,0.19911025224910806,0.6146822083435584,0.1162581304655909,9.540914110306746,0.582282031828553,3.0739704469913067,0.34799734479478533,0.026059480314788375
MAC004926,ToU,Affluent,0,0.08266672624250464,0.34749676597671414,0.07231356630435225,3.9617684347994815,0.8189221375435966,3.9907354989793844,0.31538893516103383,0.032583774595606706
MAC001885,Std,Adversity,1,0.30637882422036855,2.7901202495253163,0.5422768383497799,14.670118663132914,1.6766395676092822,8.945521942506128,0.13236160640781516,0.12964327775810336
MAC004671,Std,Affluent,1,0.4179329985056705,1.3347307672240802,0.2705037750058936,19.973041805518402,0.6043016713110123,3.0938926710593737,0.38302542445083876,0.13425424233182925
MAC000592,Std,Adversity,0,0.18995297268499928,0.9561582021770683,0.19017555557307209,9.104682150943397,0.9661900212840269,4.971210568590688,0.22463378617108257,0.06050704883452319
MAC003752,Std,Adversity,0,0.24706136665,0.9855919996000001,0.22330873785392558,11.811811999200003,0.8994646930524808,4.061009444150203,0.2665330324510028,0.07567601356390401
MAC000664,Std,Adversity,1,0.34146756558913766,1.3481077163027655,0.27996971457882064,16.377072778457062,0.7553989336292245,3.830923248489861,0.33403085113163833,0.16355803028572605
MAC003910,Std,Affluent,0,0.06738263276673224,0.43072154491869924,0.09464063917607428,3.2133577237804865,1.4007228679306618,6.437603799630849,0.17370602503135876,0.02664562003131947
MAC003981,Std,Comfortable,1,0.38704064057715115,1.2464652301324501,0.2693571421508027,18.550534770529804,0.6696646218114086,3.196051962013659,0.3388541758204911,0.13115033143357346
MAC004336,Std,Affluent,0,0.14807264733935693,0.9402016680111264,0.14638910914838454,7.08032406022253,0.9611501080492876,6.314582117725668,0.21534932527472886,0.04312380264096121
MAC003372,ToU,Comfortable,0,0.20591260656237137,1.3574644915547027,0.22526922395457277,9.85873128618042,1.0886319386489551,6.605576096850842,0.16976537757874333,0.034766309270805165
MAC002208,Std,Adversity,1,0.34624464407351135,1.0543029317589576,0.20638230413243724,16.577249184853425,0.5769776726542382,2.9981903964577805,0.3638574082473159,0.09917257958899531
MAC000149,Std,Comfortable,0,0.05051846492367079,0.16538868832731649,0.037466595163326434,2.42247412755716,0.9221869066766957,3.87711266601168,0.29400228733049405,0.031945660494588676
MAC000462,Std,Affluent,0,0.2536437007825551,1.558551481100141,0.3063076651846525,12.06993652961918,1.278250531964538,6.628106033481824,0.1660475385878895,0.09454926946455486
MAC002824,Std,Adversity,0,0.27109441118656175,1.1424015159090914,0.2762236806693292,12.975481819242423,0.9953558253623656,4.280173176499711,0.26534979693345934,0.13277106463952548
MAC002049,Std,Comfortable,0,0.22695456114194998,0.915164536261981,0.18816911901470174,10.877950478753995,0.8179217331413028,4.019415230614341,0.2715684759674673,0.05098534797046449
MAC001789,Std,Comfortable,0,0.24299927010616149,0.8281498406940063,0.18345682410950948,11.642791796529966,0.7612275087629555,3.452126000608446,0.30350422879967176,0.058775892934586696
MAC004711,ToU,Comfortable,0,0.30392010049204365,0.8606633154103853,0.18312377585174552,14.551231155276385,0.5990152529955731,2.8206913620768836,0.37103116293792066,0.060058324690428336
MAC003110,Std,Affluent,0,0.16491203199034385,0.6694992374045801,0.12374550942217719,7.902306870687023,0.7018723922051565,3.8898118058160893,0.29816650724429355,0.054161400909426456
MAC002861,ToU,Adversity,0,0.14171396760011637,1.6002348500000005,0.28766325559284284,6.789372726212121,2.037180861403138,11.478671589782792,0.09484816123852788,0.025651980917750405
MAC002028,Std,Adversity,0,0.20520647771950273,0.7711467295055822,0.1573910846796942,9.8254752784689,0.758608338576739,3.7282880317914975,0.2842274006065155,0.02931371295459566
MAC003277,ToU,Adversity,0,0.2005754149708317,0.9802424231060606,0.2105716698810656,9.602306815719697,1.0248230019750058,4.878531448256317,0.2220381372382465,0.06536406708512559
MAC004279,Std,Comfortable,0,0.17663710282548392,0.6658207111282843,0.1466685255199734,8.456867078979906,0.8268421745548746,3.7518874680696035,0.28863315583757526,0.04130356090198442
MAC005068,ToU,Affluent,0,0.08131701850077726,0.43058034290171626,0.08811153029493562,3.884943837285492,1.0071418251433544,5.024645214374925,0.23907105515698554,0.036150461111770685
MAC003166,Std,Affluent,1,0.4981908891366004,2.1230483618307434,0.44419427906282527,23.80619343713299,0.9027097862334057,4.411716943628083,0.24916768993781135,0.20552203550863435
MAC004090,Std,Comfortable,0,0.11401896523770544,0.4772955581929557,0.08339177806496573,5.45047166860643,0.6864147865738606,3.789610563932094,0.3323783771185009,0.04940391401453819
MAC003850,Std,Adversity,0,0.2156541654532967,0.6286599182186233,0.14884701002051948,10.3179453437247,0.6878064686988352,2.894145425004759,0.36077312302977677,0.0435989407874744
MAC002882,Std,Adversity,0,0.05771422723288811,0.2621264367816092,0.05108809462177195,2.762215106732349,0.8618815652824867,4.42110135632195,0.25521952525334324,0.013135941725224745
MAC001711,Std,Affluent,0,0.0494828393541123,0.15965414726134586,0.032417673134732344,2.3654460095461665,0.7291450661665775,3.367355574527327,0.34255832763157357,0.03525207029891443
MAC003973,ToU,Comfortable,0,0.22278030319479197,0.7535723803660567,0.14215921750089044,10.428615640266221,0.6599784917777187,3.380278530268607,0.3453482734051574,0.1790405251771982
MAC001565,Std,Adversity,0,0.15275590601170883,0.3839081967213115,0.07094461845659318,7.298595081967213,0.46861422855845164,2.5281996835709455,0.424298626451054,0.032981061232056394
MAC003059,Std,Adversity,0,0.11984057714640141,0.28765443425076453,0.05261075615948671,5.725178899082571,0.44336496361687955,2.4089917317165463,0.4418176102340019,0.017159749430804536
MAC003235,Std,Affluent,1,0.4996409599195615,1.2520659150659135,0.29168744267122865,23.905668548399248,0.5870990305608993,2.587472635193117,0.40281434945379396,0.15767795031325735
MAC003419,ToU,Comfortable,1,0.5059196290277722,1.478640229400387,0.30980605974553743,24.217203084719543,0.743741586396615,3.525639000932017,0.33299403093199254,0.3244300656176397
MAC001347,Std,Affluent,0,0.09327661773148116,0.3155322198090692,0.09285598805188996,4.467847256085918,0.7786596216718462,3.3152772944702056,0.3612814459358338,0.09192819858797642
MAC002582,Std,Affluent,0,0.19356775505141843,1.0226866676666664,0.20424438977368461,9.25191000133333,1.0539617401990975,5.325164079192935,0.19995438124349582,0.038235469150332255
MAC000787,Std,Comfortable,0,0.2652417525683392,0.7941806185022027,0.14978656620490757,12.691853158296624,0.5980807569715743,3.132202524364841,0.35807007647323497,0.09856499290700353
MAC001847,ToU,Comfortable,0,0.11751292312075914,0.5688262240126382,0.1031713902839382,5.62084518135861,0.8495741319486083,4.730045756058364,0.24093000809214202,0.02492804265419827
MAC003425,ToU,Comfortable,0,0.08685165819666048,0.6660676988394586,0.12468122885272745,4.152497099613154,1.3266608604856964,7.0070985009316145,0.16846331432714928,0.04076112978232426
MAC004308,Std,Affluent,0,0.035036947576917485,0.22553560371517029,0.04287689327409939,1.6777507739938078,1.0937984596459491,5.4774371726014905,0.25553587186214094,0.017962917137013222
MAC001057,ToU,Adversity,0,0.08713765270162756,0.3992126696832578,0.08423952343472058,4.172116138763199,0.9139992982725377,4.366495026579227,0.2702238807748936,0.03354968677920653
MAC001061,Std,Adversity,0,0.10651303783735086,0.3640060331825038,0.0794920295447729,5.095980392156863,0.7357766364628796,3.3754049586056616,0.32135163979456344,0.022507671899009957
MAC000303,ToU,Adversity,0,0.1449929111096121,0.6558063186813187,0.13298032902219814,6.948428571565935,0.8982852238937614,4.495331282947445,0.2418209395427319,0.04032966319012073
MAC005334,Std,Affluent,0,0.055134577096174565,0.3887008086253369,0.07748676922626233,2.6394447436657678,1.2932709267319837,6.827737655114708,0.18140290712032722,0.03097745475188628
MAC004132,Std,Affluent,0,0.20788830992241553,1.1241579769938648,0.27551907733782016,9.968762270092023,1.3579893700372616,6.004462253763019,0.19097387617704464,0.10560916597816451
MAC002440,Std,Adversity,0,0.1684019510210109,0.5170372582712369,0.09362704205540005,8.048669150223546,0.5289939052346361,2.955402800610091,0.4022449893928642,0.04081030923159323
MAC001627,Std,Adversity,0,0.25644865086879376,0.6442546588509317,0.11671251614647382,12.257576087422356,0.4544980145726353,2.5088255306477762,0.4276138659119742,0.033081501147674865
MAC001906,Std,Comfortable,0,0.19749485002120154,0.9741920636507938,0.20457869798710826,9.366853968412697,1.0340200431085014,4.963067754166347,0.2178476828152363,0.06446594781542575
MAC001492,Std,Comfortable,0,0.11853022280473154,0.43672179304482234,0.0878722538243441,5.671667697217926,0.7189658374682985,3.6199659147839305,0.31227017914386274,0.04036098514345836
MAC003522,Std,Adversity,0,0.2367056396891612,0.6538627441176472,0.12212480656125006,11.293445096862744,0.5333638086148806,2.824124924392915,0.3763423233356221,0.06533031124838856
MAC001194,Std,Affluent,0,0.12905738082021861,0.6858803037878786,0.14612449425421725,6.186565152121212,1.0069686059528802,4.894719329354043,0.2778924902348253,0.06012325258440119
MAC004269,Std,Affluent,0,0.25621381586073705,0.7350340555727553,0.13944165987064897,12.273631579566565,0.5316280185232657,2.8600949507047884,0.3865092258735575,0.08671386268666073
MAC003030,Std,Adversity,0,0.05576621083614426,0.17966310975609756,0.042263348005176046,2.6712713414634157,0.7411865318959102,3.206889462356042,0.3271019186005238,0.009605103215045041
MAC005450,Std,Comfortable,0,0.11756873487235599,0.5279150802342606,0.09988641806613043,5.622291361346998,0.8252052146161276,4.3563956134584805,0.2625068381972205,0.035135855834030956
MAC001583,Std,Adversity,0,0.23025281444835505,0.9842631574303407,0.20469640192660238,11.020879256811147,0.8793908490717908,4.266159469741313,0.2563262233187845,0.04369001115924975
MAC003029,Std,Comfortable,0,0.15619299170817072,0.4214923780487804,0.09335501812863968,7.480864329268293,0.5923179593826632,2.660250578376559,0.4004498746479614,0.0252939412631818
MAC000514,Std,Adversity,0,0.14592395525813007,0.8222893968481376,0.1476106556225314,6.902348136676216,0.9415276577140174,5.175639419366737,0.2723046226768935,0.031906557460992704
MAC004349,Std,Affluent,1,0.38290359622821557,1.4352660175487462,0.3404445857758207,18.324998609192207,0.8570118989371208,3.7136775771708925,0.28644003987502537,0.13605872151140339
MAC005140,Std,Adversity,0,0.05850269148012708,0.42849531250000006,0.07827902040971216,2.799659375,1.2766432518953765,6.971138590475097,0.16896084293627245,0.01703782772005366
MAC001062,Std,Adversity,0,0.18918840949446278,0.6395815714501512,0.13410610937505935,9.027039275528699,0.7170205953726764,3.4141647436227265,0.3133294517278613,0.05225538386984977
MAC004439,ToU,Affluent,1,0.3406180212674808,1.0849761590462836,0.2306955119275974,16.322328192286115,0.6672369744502674,3.1809416535948762,0.33071579303610465,0.082574464896002
MAC000306,Std,Affluent,0,0.15154703681959855,0.7106346162087912,0.14088778863032392,7.253192308516485,0.8711687701087109,4.449860607589464,0.29196905649474636,0.06198828676683775
MAC004466,Std,Comfortable,0,0.26965484947164753,1.1373506809169764,0.24261761136501625,12.909112763197024,0.8454305737082096,4.173912265244102,0.2786125721098193,0.11367090241668504
MAC001954,Std,Affluent,0,0.15759923903668097,0.41555007933227356,0.08571667642720461,7.547496025278219,0.5352840069616496,2.614695913047037,0.4110826593565548,0.043228889519137885
MAC002400,Std,Adversity,0,0.11794374399785704,0.7533099856929955,0.1309716153937009,5.636365127123698,1.002597899036524,5.868409225029894,0.22367626761998444,0.05635007145554471
MAC004241,Std,Adversity,0,0.30610923765987413,0.9413904324074074,0.18157677766819105,14.650191359413581,0.5746097857272849,3.0263067111633264,0.3614009196030279,0.07679481373506303
MAC000755,ToU,Affluent,1,0.3577953495654912,1.2397209992657858,0.2862122995498008,17.154757708516883,0.7610250883447915,3.4073017921740854,0.3358535669059342,0.14837998861191323
MAC001807,Std,Comfortable,0,0.11204751675118144,0.6281482643533125,0.115790807444035,5.353529967823345,1.0193656021916253,5.586021462537031,0.20431590153394347,0.037077879338443434
MAC001632,Std,Affluent,0,0.07225128355355066,0.310865224625624,0.06660595918319527,3.456941763727121,0.8953672564373168,4.349413952129391,0.30432415091114695,0.042371405178024485
MAC001983,Std,Adversity,0,0.22958049657851404,1.2715302511146498,0.27334500250369353,11.000934709076432,1.1498033762953794,5.375973696318856,0.20220019053191618,0.06858876625129817
MAC005263,Std,Affluent,1,0.3870036755160981,1.572146083001328,0.45883218233525996,18.539617532138116,1.2003798242863282,4.308070899784722,0.2514869171707064,0.17748278270985365
MAC003334,ToU,Comfortable,1,0.3382270141828284,1.418021036520077,0.30384295323289545,16.2053499082218,0.8634016046184153,4.089832301929677,0.2734952055004382,0.09150395939217275
MAC004976,Std,Affluent,1,0.35685481393118296,0.9584776874380166,0.1787266384279165,17.09182314297521,0.4888643113354937,2.696614442421778,0.3974682439068316,0.13422651451076575
MAC000903,Std,Affluent,0,0.0917790095362675,0.31945697299703263,0.055375752018240604,4.394666171810088,0.6178257352887133,3.425492870163185,0.38565914726921263,0.025776454603787132
MAC000821,ToU,Comfortable,0,0.13378785417856986,0.5159140739259258,0.10830300244266375,6.402814814666668,0.7680614921121023,3.7131089363203547,0.3013096674429785,0.03804064530780829
MAC003974,Std,Affluent,0,0.1908862716715977,0.9195645697019867,0.17344798545323728,9.147612581953645,0.8776302364841616,4.750402946960281,0.24054463024757675,0.06049474848248291
MAC001622,Std,Adversity,0,0.040937256033866616,0.24029767441860467,0.05806520095988263,1.963350387596899,1.4247053152795581,6.03822634865529,0.17799896645635144,0.013491284061282994
MAC001831,Std,Affluent,1,0.4191005426071618,1.4394865731437605,0.28188622013941467,20.00850710947867,0.6721427694093982,3.4752104329985394,0.3110082387609652,0.1043202715328336
MAC001569,Std,Comfortable,0,0.2578567903052169,0.9603641984567902,0.17844608002038306,12.362856481944444,0.674169800024665,3.673834135584372,0.2960802474451391,0.06482856948871096
MAC000891,Std,Adversity,0,0.13119500293797337,0.6083179790490343,0.12197180813572871,6.286118870728082,0.905766020801555,4.484560851630742,0.2615394444616902,0.04299293935979875
MAC000574,Std,Adversity,0,0.16303758293323872,0.6021117566037735,0.10882929022389144,7.765378810159651,0.6567911394006867,3.627596318127221,0.33141104615290035,0.04746638256227875
MAC000350,Std,Adversity,0,0.17601216804111022,1.3149033168508284,0.2179302886215087,8.34483425635359,1.2972408810630327,7.951509207892873,0.1365188254729306,0.06532921705916288
MAC001862,Std,Affluent,1,0.7221329372867396,1.4899336454976309,0.2898236948371115,34.52820221263823,0.3737066165561512,2.055249938372192,0.5275345385453355,0.5982492096669236
MAC003398,Std,Adversity,0,0.22979583503182371,1.0366865421153846,0.22757606449231726,11.009525003461537,0.9504630668435717,4.454884083379933,0.2526038615370687,0.09040697324507034
MAC003518,Std,Adversity,0,0.22045151382801198,0.9804113056530214,0.22921824435751198,10.563395717348925,0.9872254501907007,4.483040315398825,0.25264940651066675,0.13320727030381588
MAC004840,Std,Comfortable,0,0.2976865342097045,1.1749638217076703,0.24912298834418933,14.275228654269172,0.8193515507943077,3.9416210491140395,0.2704863741367121,0.09407805858303749
MAC004712,Std,Affluent,1,0.3851509586797779,1.2321983813765187,0.2847674960826259,18.46256072955466,0.7483140194465681,3.272564718298795,0.32543290620745047,0.13770280675787672
MAC001669,Std,Affluent,0,0.2962982974249264,0.8570046631415243,0.19720804694203256,14.193576979471228,0.5000878022729793,2.511660469668687,0.5079819320369576,0.18279062584526862
MAC000085,Std,Affluent,1,0.575010125162724,1.8845675694103197,0.4778088573550028,27.53503071756757,0.8255532518522161,3.342398597576463,0.3134061101977146,0.19332289111244455
MAC004370,Std,Adversity,0,0.0662439630557466,0.6928772446107786,0.12139277101507677,3.1742470047904194,1.6714965647575377,9.5693816745258,0.1318343703059354,0.02971773934258265
MAC004678,Std,Adversity,0,0.08200412153416313,0.5703400340033502,0.0961397301566809,3.924257956951424,1.0953635656350222,6.529156299927408,0.206975138490551,0.021117740730815973
MAC005335,Std,Adversity,1,0.696603390663716,2.130578020624152,0.5490653902287849,32.75713296160109,0.9084932800004927,3.4592030100247397,0.3367969013681518,0.2966498053522753
MAC005423,Std,Affluent,1,0.6760108368807822,2.2356051916666666,0.5239520015767773,32.34601503756831,0.7922049043398295,3.4604499346530986,0.33345571454789924,0.27386893969065135
MAC004827,ToU,Affluent,0,0.08516563319969837,0.5711192534482757,0.11705048169999772,4.081844828017242,1.307511050833447,6.56885622099647,0.18006466346590277,0.03454480953145097
MAC005001,Std,Affluent,1,0.5205694310649618,1.4750055910489508,0.3306963733453668,24.935802786993005,0.6048449236739893,2.7799272095749874,0.39346047909799,0.19809392375371823
MAC004213,Std,Affluent,0,0.18982863970931524,0.5599290129629629,0.1117844179937086,9.065807099382717,0.58313924000663,2.988866210229398,0.36082376246622905,0.06938397025542034
MAC005287,Std,Adversity,1,0.6502684527963546,2.3962296431596095,0.5787190340425085,30.912840394625402,0.9167664703420383,3.9195611688517094,0.30143127762120425,0.3813510841234326
MAC003247,ToU,Comfortable,1,0.34635394336636166,1.9961226435849055,0.4083812127789536,16.598662264528297,1.1568100088629196,5.829960092353843,0.1934733126543667,0.12421487506298619
MAC000034,Std,Affluent,1,0.5732786573503783,2.8251407548347616,0.8012631448539811,27.181214192778455,1.1307051382667712,4.459721376151613,0.26808555738127965,0.46208899921830604
MAC003276,Std,Comfortable,1,0.453454056556422,2.3611837117424237,0.5215087892236476,21.749327645075756,1.317218911011793,6.225463924689549,0.18692270027996583,0.24728575151158397
MAC002632,Std,Adversity,0,0.08080936340466327,0.43904491002994017,0.08945673197146911,3.864823353143712,1.0991064094492062,5.3934178219149445,0.20899998524587993,0.013645949827994386
MAC002757,Std,Affluent,1,0.43213513558774397,1.5873555240544628,0.3448144460286877,20.68225416520423,0.7823366716660134,3.6516208571276927,0.29608021267047285,0.1222797811471009
MAC003769,ToU,Adversity,0,0.27803789211303814,0.9851823641282564,0.23331231907224526,13.28904208156313,0.8521201954648819,3.650971511688763,0.30022441396041294,0.11254749901278056
MAC002356,Std,Adversity,0,0.13180357023324954,0.716034176077266,0.13097319364089227,6.309114414413076,0.972224825116818,5.337318999372522,0.21766029036568418,0.03571612353981078
MAC003989,ToU,Comfortable,0,0.17306430280884524,0.7223013240066224,0.1464437309096728,8.277501655298014,0.8117818652240951,4.015804587763892,0.28392092315092377,0.05362678942078842
MAC000554,Std,Comfortable,0,0.19355023907756452,0.7620217372463769,0.14358363764820897,9.265259418985504,0.7059365725253792,3.7377419692779537,0.3206511251353107,0.048959617041635324
MAC000740,Std,Adversity,0,0.16419130088379508,0.7477140762463342,0.14902347983489603,7.867373900586508,0.8885850527174854,4.454040476278117,0.24716201869057053,0.04002511527698845
MAC004805,Std,Comfortable,0,0.1851376074446033,0.6278591949712642,0.14278678870584488,8.849156608189656,0.773183903238138,3.399437145354288,0.31945660596926223,0.053783518252690746
MAC002886,ToU,Adversity,0,0.07457570230428368,0.30553047710049414,0.05004276785085609,3.5607133436573313,0.5371208152570486,3.3327831584047414,0.4735594568594288,0.0326668926417006
MAC000693,Std,Affluent,1,0.7230303360958868,1.744580644868035,0.33542810735728634,34.576818177712596,0.6189977955554737,3.0746578288870627,0.3886543594028696,0.435016272643316
MAC000509,Std,Affluent,0,0.18705594666822242,0.769086402691218,0.18593497564987882,8.961211048441927,1.001094261564826,4.254816469507318,0.2758307141679515,0.11186147289726327
MAC000661,Std,Comfortable,1,0.41152794582660907,1.4881877708879185,0.32873762971777737,19.71563318500728,0.793100940029829,3.6363260191268334,0.29343886508124256,0.11644873613958
MAC004215,Std,ACORN-U,0,0.13229739714254052,0.4815524695987654,0.09703042746045545,6.344554013271603,0.7161479910933575,3.858175568354545,0.3022863298686522,0.09625918913123871
MAC004755,ToU,Affluent,1,0.6486139673158439,1.9015498925690029,0.3993037394550723,30.958596600000003,0.6079159839160093,2.941149565940549,0.3676035134881834,0.20973705603023388
MAC003911,ToU,Adversity,0,0.2892702415415581,1.2100653048979593,0.2250424384507069,13.798655102448983,0.7909967878381772,4.2649250329634825,0.2675284506584315,0.10258137280205042
MAC003478,Std,Comfortable,0,0.20878108441781998,0.6259650485436893,0.13583120947382038,9.952273786407764,0.6534814956526958,3.001688156308972,0.36316626246384,0.032686635260590735
MAC000894,Std,Adversity,1,0.2713653680523313,1.5697429410104005,0.35750267654048284,12.992441306537891,1.2521093989039156,5.768682211494938,0.1948926071095717,0.12390482048452987
MAC001948,Std,Comfortable,0,0.26964867290226563,0.6865336620689657,0.21271509020542728,12.880311987192119,0.7974267803365976,2.705366319936732,0.39560526940879515,0.13886813263748865
MAC000760,Std,Adversity,0,0.07042757031518987,0.37908062,0.06646444668838807,3.3635379843410855,0.9086670333210571,5.252883051258464,0.2294350620069166,0.018135094462773598
MAC004388,Std,Affluent,0,0.08461654180833297,0.3635118552301256,0.07083866674051052,4.054917713110182,0.8984440950624465,4.510316696657786,0.27894740009875146,0.03603908456960454
MAC000073,Std,Affluent,0,0.08382940268652204,0.5359140047911548,0.10661618808041076,4.009113021990171,1.0807703580545391,5.680080898137268,0.24892481033742916,0.04993458930924571
MAC000858,Std,Adversity,1,0.3566396749439945,1.567752590962963,0.3815732564149175,17.085749630222224,1.0630526539651595,4.440445853044984,0.2348773376720929,0.08326080858530555
MAC003089,Std,Adversity,0,0.24902235969481595,0.790378626259542,0.1486052215464552,11.90251450412214,0.5839171430006105,3.090801308344456,0.3705907936122521,0.05688046421263101
MAC004445,ToU,Comfortable,0,0.16932958701177192,1.351106507692308,0.2558703551344762,7.424673076479289,1.4520079082882233,7.756557488883881,0.2332137550815302,0.06300918542742656
MAC000366,ToU,Comfortable,0,0.1397335993042546,1.144850209153953,0.2068910260585654,6.698520112621359,1.4279645922579274,7.922881513982469,0.15360609995369176,0.03656086855050867
MAC002432,ToU,Affluent,0,0.2911929435332646,0.7394104480597015,0.15767303106080124,13.915191045074629,0.5327204023779922,2.532620689640285,0.4119729047475984,0.059606541733066024
MAC000708,ToU,Adversity,0,0.16187856987810936,0.5599560114369502,0.11147728111691609,7.74539736026393,0.6614426477235852,3.338140746635274,0.3418369705179992,0.034654578551569906
MAC004214,Std,Comfortable,0,0.29104558886884124,1.049523147222222,0.2404304643700602,13.867336420524685,0.8414206979872301,3.754205887138093,0.29091985963400413,0.11345698633192848
MAC003183,Std,Comfortable,0,0.2811949353442981,0.9199962609345792,0.19462730978641693,13.437601869345794,0.6564733324089387,3.1776078654296858,0.348040510067529,0.11796163018387486
MAC002290,ToU,Affluent,0,0.07152930707770189,0.4857964595870206,0.10197821975385112,3.4271991137168136,1.2522481796309952,6.265104723799408,0.1845102267770226,0.03967684758807278
MAC002849,Std,Comfortable,1,1.0657007250080168,2.99703636030303,0.702334685739092,51.052013637575755,0.677472938048523,2.980096589532847,0.35961839486674013,0.4499417793550681
MAC003169,Std,Comfortable,0,0.06927199937810946,0.3334533582089553,0.06052663744594883,3.3204253731343285,0.844998353941945,4.719207314802536,0.23869571116040328,0.01609183880189482
MAC003705,ToU,Adversity,0,0.16835584073033996,0.6476686630738522,0.12328637622073091,8.051347305788426,0.7263075587073353,3.836957693589058,0.2887935361869084,0.035258180158399155
MAC000112,Std,Affluent,0,0.2682093721414031,1.1750049381481484,0.2219253311218446,12.85867160469136,0.7782811166395754,4.253729843350093,0.2904435150783313,0.09537446321271914
MAC002719,Std,Affluent,0,0.20530852002731093,0.7439622932126698,0.17456565825581122,9.82243891417798,0.8477201120272468,3.621691135206475,0.2995533424324027,0.0539614524861489
MAC001486,Std,Adversity,1,0.3685151719975763,1.3923929118644065,0.2780003973781493,17.646571649306622,0.7479788624014384,3.8109084221445704,0.2824425385455519,0.09727264906887054
MAC003682,ToU,Comfortable,1,0.36738768855795073,1.2176235075697213,0.26078798913943885,17.578149401394423,0.7532886797234922,3.5496092586166967,0.3183550459166594,0.19875588287879534
MAC002772,Std,Affluent,0,0.10425279444376745,0.626264749621785,0.11468032119219324,4.989771557488654,1.0667525550157684,5.9324297640585675,0.2013347090216003,0.034979782405477895
MAC000190,Std,Comfortable,0,0.140985963014349,0.5346900733656176,0.09910937297694665,6.754493947457625,0.6800630200137656,3.6870344635815218,0.30508494552580184,0.03791328477737244
MAC002331,Std,Adversity,0,0.1014578268059237,0.4661905462333826,0.08482284023194489,4.849274740768094,0.7926877188519411,4.444179864450244,0.27644516317290135,0.045171194659997485
MAC000002,Std,Affluent,0,0.2542896962002036,1.0842213448616602,0.2075933744334003,12.056531621936758,0.7969600087829772,4.33341981810588,0.2570683199409207,0.10552555606781618
MAC003664,Std,Adversity,0,0.1520101120284663,0.7480869553359686,0.1319441271884073,7.249847824901187,0.9081058274523334,5.1779913936185045,0.24430722352209258,0.06764041536662807
MAC002629,Std,Adversity,0,0.07149272855110161,0.204717868338558,0.03641750192910862,3.4193040752351105,0.49848855609388565,2.8193998357663768,0.4177447521654974,0.019375580934698242
MAC000569,Std,Affluent,1,0.7565429901426746,1.8648971027536232,0.3705251468017722,36.23476231304348,0.5365282109375287,2.7235135591759145,0.40390442231697005,0.5096529315725332
MAC003821,Std,Adversity,0,0.22741504726276998,0.8529830915458934,0.17120695261296695,10.898830918840574,0.7331904990149065,3.697886539109433,0.2908286834321909,0.05366378594470068
MAC003920,Std,Affluent,0,0.05718920724208651,0.35999187032520324,0.06387298857642756,2.735678862195121,1.0084729515993869,5.70057491300952,0.2334222588808231,0.01998072152198403
MAC000359,Std,Affluent,0,0.27702432103582264,0.9805961254495157,0.20417123857045563,13.271769017150756,0.675710225216068,3.3724300650537637,0.35211660033155173,0.09547531990431568
MAC000895,ToU,Affluent,0,0.020207692682401145,0.2013145400593471,0.03665757998071976,0.9632507418397626,1.8222558122241872,9.943299916947982,0.15122076161033876,0.015734375750047543
MAC003636,Std,Adversity,0,0.15842908974863693,0.5976758893280631,0.11374002905919928,7.57875296422925,0.7063370940852026,3.724784825960977,0.2969472135570752,0.03798882471456598
MAC003418,Std,Adversity,0,0.19571149779342242,0.9284003885880076,0.2006249295738121,9.377317215860733,1.0067128527721116,4.694455194520805,0.2287446703422057,0.04164647611929384
MAC002715,Std,Comfortable,0,0.08971825990737206,0.6197715579425115,0.11296589071123696,4.295328290317701,1.03915567519502,5.762425011747157,0.26549042060290906,0.0452071191973999
MAC000866,Std,Affluent,1,0.31671268196894475,1.1262681462222226,0.23090167103830844,15.109174814962962,0.7301591729003046,3.604892625458299,0.29101712233163496,0.0697988866891203
MAC002495,Std,Affluent,0,0.1488449992246665,1.2151784416356874,0.23389569477519692,7.032133832713754,1.5217905564059742,8.118300167920886,0.16379786678889838,0.05732254774221241
MAC001777,ToU,Adversity,0,0.13195977472886802,0.5116666666666667,0.1066207718505955,6.303844720289852,0.8355673185712698,4.090108656119438,0.29402014638497,0.08307187759454596
MAC002500,Std,Comfortable,1,0.38258652090162604,1.8309485938640133,0.3693735518082784,18.267809288888884,1.0189267939640616,5.095568748342438,0.23463348244924262,0.2009654621018002
MAC005341,ToU,Comfortable,1,0.5795378428728071,2.173452091363023,0.6278038368306594,27.782600533468294,1.062018960939283,3.963399731362981,0.2657605282372561,0.32935814725245977
MAC000438,Std,Affluent,0,0.09198205735900146,0.44997044334975383,0.07863359506736539,4.408576354515598,0.8185403138492774,4.594133551907069,0.3065942534758093,0.033564504770866706
MAC004669,ToU,Comfortable,0,0.1268770182176629,0.6719398000000002,0.14537819523030462,6.0806939804347815,1.1182153239873625,5.280657185856569,0.2179348756290094,0.0487292886378484
MAC002544,Std,Comfortable,1,0.31699951761477607,1.238439266389351,0.2607464108916396,15.190138102995006,0.8471046960330576,4.240079667806035,0.26274870497680003,0.18151702256018432
MAC000716,ToU,Affluent,0,0.15253230870315201,0.7126964819648093,0.13536721588563658,7.307322582258068,0.8325271315583059,4.410143846339636,0.25885028717380365,0.040818494464424086
MAC000368,Std,Affluent,0,0.06067126171057729,0.2532496533980582,0.04765716038017123,2.8999348130374476,0.6970936106028844,3.776918061088156,0.3403953909519943,0.0252695203478836
MAC004361,ToU,Comfortable,0,0.1717307915506035,0.35068662952646246,0.0484618937187776,8.220767409470753,0.27756592061967716,2.020974063556832,0.5275109871295071,0.01858773811763141
MAC005466,Std,Comfortable,0,0.09688471388184272,0.2564846715328467,0.05415070319015262,4.645318248175182,0.551913353462455,2.607698170060041,0.41635035432965894,0.009221639143304249
MAC004465,Std,Adversity,0,0.13944968349290363,0.781277571251549,0.12597824898710763,6.681058241759602,0.7993823591658921,5.05550861497642,0.2560898880567484,0.04222278903604537
MAC000168,Std,Affluent,0,0.04195443782611383,0.2774012046987953,0.055106453221552,2.0051638553012046,1.0562518908659821,5.7677953717459385,0.31141303262461284,0.030344160588268578
MAC001123,Std,Affluent,0,0.22733917796631473,0.9630723986425344,0.18382571147249407,10.890481145701354,0.7985643985403608,4.213578542595133,0.2520582789126711,0.03802339154805795
MAC004265,Std,Adversity,0,0.05673481293764543,0.22461051004636787,0.04931264833295961,2.7072519319938175,0.8499451739387466,4.019000380163207,0.2591465192138383,0.024236886219490713
MAC003584,Std,Affluent,0,0.16035280012041558,0.5374322200392928,0.11780242717790766,7.664013752455796,0.690139918882855,3.2229480455286312,0.331293653872499,0.04823015592346665
MAC001067,Std,Adversity,0,0.09451006282971876,0.286932126546003,0.050054499817993356,4.523914026998492,0.4761445720848579,2.8159717454815842,0.43708226522239274,0.02786299827848849
MAC000186,ToU,Affluent,0,0.08366617632992214,0.32355205811138016,0.06849644359463733,4.006262711864406,0.8312878265953657,4.03155166487303,0.28373583063175084,0.04382713229807557
MAC003359,Std,Comfortable,0,0.10277382333363957,0.33365944881889775,0.0747014048066581,4.877086614173228,0.7133669375669276,3.267427828438828,0.3294700673290738,0.0240788881824733
MAC004997,Std,Affluent,1,0.4796593358896823,1.813623289954338,0.41369187190205736,22.963025126027393,0.8573983069303632,3.8091282356218,0.2765628252071767,0.13023805200360644
MAC001026,Std,Adversity,0,0.21941054654100098,0.6721898360239164,0.13387318656637714,10.478065768908818,0.5992336986129422,3.101996333434203,0.3451254054721104,0.08365639104143872
MAC000999,ToU,Adversity,0,0.0667274546539061,0.2538011958146489,0.04439119797468829,3.1960343796711523,0.6471527111628094,3.697065047179765,0.30969318816555175,0.009722098159479532
MAC004884,Std,Affluent,1,0.5290669542093468,2.4164342272030646,0.6685288830337713,25.282757338697316,1.359371330937717,5.697383795842962,0.21768521238135594,0.3174284290131883
MAC000621,Std,Adversity,0,0.3112477197821131,0.8953947759071117,0.191616623353858,14.874516692888253,0.772403905660791,3.543385472787147,0.3205942489401889,0.2331112112555184
MAC003103,Std,Affluent,0,0.16138581795697002,0.6947767571865444,0.12413842631027656,7.710669723547402,0.7382602546973375,4.22304550615887,0.28556782257065877,0.056110792435342005
MAC004802,Std,Affluent,0,0.10592875288895742,0.4193435122137402,0.06939565727390946,5.069427481679388,0.6768351764313318,4.053775020887659,0.2875806526806117,0.038115935065339265
MAC001329,Std,Affluent,0,0.053831158945379924,0.28754907975460126,0.06289331235741494,2.525085889570552,1.1815944576260726,5.468324747123685,0.2136198041207943,0.01835914047756537
MAC002474,Std,Affluent,0,0.08943602001108078,0.9230358207462687,0.1651673007015044,4.282953730447761,1.7561072605725259,10.220518744591542,0.12444788148764345,0.036803347708110244
MAC003430,ToU,Comfortable,0,0.14613336180568284,0.6171547384912958,0.10890607286469509,6.99159187582205,0.726581335224609,4.103550421419651,0.2998686403016024,0.041675250803579963
MAC000910,ToU,Affluent,0,0.11172786632795752,0.6066201781899111,0.12138557496632799,5.347071216617211,1.078059403300152,5.383746181402361,0.21765122359927025,0.04231029110780263
MAC001201,Std,Comfortable,0,0.09505712487594703,0.4550034129692832,0.08638230692196347,4.534771331058019,0.8560361362942255,4.5436637605916435,0.30263318045481863,0.02651248108667076
MAC005302,Std,Affluent,1,0.6194378935333795,1.7763627823293178,0.41318687089244477,29.680500662248996,0.668791695008733,2.9157964258728146,0.35674283989987404,0.16498299980869843
MAC005166,Std,Adversity,1,0.4329527306583601,1.50356093640625,0.2653891561969188,20.69954687390625,0.6073900351964813,3.4712925645150676,0.3155716891867594,0.08503210699915272
MAC003097,ToU,Adversity,0,0.07434475719005468,0.5327709925190841,0.10474138592342228,3.5656656490076335,1.3896919835237551,7.0726081378330905,0.15824774232848673,0.0215305558816216
MAC001336,ToU,Adversity,0,0.24536906250758056,0.9673669741590211,0.19018923530338477,11.75834556788991,0.7461530534037474,3.879831028527715,0.2897560523647016,0.0663812997922967
MAC002498,Std,Affluent,0,0.06139582628362613,0.3820470588235295,0.07650118070305742,2.911978431372548,1.4055443948609485,7.4549573131040185,0.17690554812230663,0.03866851980786585
MAC002221,Std,Affluent,0,0.1433279654568699,0.8088327872131146,0.14858110091200974,6.861691803114752,1.0167491070885224,5.700375623384605,0.20390113948612243,0.05296523293439613
MAC002948,Std,Adversity,0,0.05075866165422317,0.20501317957166396,0.04329399446002096,2.4170576606260292,0.8311572333293362,3.839325489669981,0.3231318850581723,0.013224677347930763
MAC002765,ToU,Affluent,1,0.33008638525459566,1.2589410001512857,0.2531534278384668,15.776311652496219,0.7602187026949605,3.911094815090678,0.31413269984616865,0.2078615286227719
MAC000691,Std,Comfortable,0,0.08751255801999938,0.20655490483162517,0.04775879108893453,4.177093704245972,0.5551848808197064,2.387102825046038,0.4520166932466383,0.019094508398176696
MAC004229,ToU,Comfortable,0,0.14620637518462426,0.9253101850308644,0.18923721903766313,7.002734567438273,1.289451101940742,6.491255372559362,0.17037012214845138,0.04254947882993313
MAC002124,Std,Adversity,0,0.055007968534964875,0.12195980707395503,0.02602457601541481,2.633795819935692,0.48825283483921655,2.2770509770627716,0.45606473200300945,0.010797078341345774
MAC000162,Std,Adversity,0,0.10158767192588275,0.3698843374698794,0.0777878892608527,4.869312048313254,0.7622548258477418,3.5809909738272423,0.31567122510254486,0.03604668105283656
MAC000840,Std,Affluent,0,0.28008386600415025,1.093303702074074,0.24466307960552564,13.41146814651852,0.8328922826720305,3.9628607662942597,0.29076144764223355,0.1341573883044014
MAC002427,Std,Adversity,0,0.09828176580134201,0.8149195232488821,0.13681620017003107,4.6862369597615485,1.3331031962252753,7.811054316139878,0.19766962924063777,0.027484771585779912
MAC001741,ToU,Affluent,0,0.11650975912942377,0.32286363636363646,0.06822554597748189,5.543059561128528,0.6090144474834409,2.8757623271528168,0.3717692173671852,0.025053588264483253
MAC000857,ToU,Affluent,0,0.064805826160312,0.287685925925926,0.05753011171229987,3.091162962962962,0.8323409097430342,4.210122433150114,0.30085368790312594,0.02341521375572047
MAC002899,Std,Adversity,0,0.07147757952477607,0.20822368421052626,0.042074637330783364,3.417930921052633,0.5698352861029737,2.83759828104601,0.3751925023753774,0.011668060049199038
MAC000710,ToU,Comfortable,0,0.12407874472244756,0.4081862170087975,0.09511686276564046,5.935634897360704,0.7511427763025359,3.2731982667514137,0.3248600277475274,0.0325004268868344
MAC000369,ToU,Comfortable,0,0.29866255424141813,0.7554993066574204,0.1710764286594529,14.31237170416089,0.5408725905412175,2.4467329114240215,0.423781650475621,0.10244716742570342
MAC000767,Std,Affluent,0,0.09871334372720922,0.4041673998531571,0.08766004375980865,4.730666664610867,0.6933156171819073,3.4882313215592484,0.3511697229657365,0.08687234913062773
MAC001270,ToU,Comfortable,0,0.07329548925412753,0.5076255700152209,0.10582425545991178,3.5018127841704714,1.3524731911528423,6.834773289717828,0.17789232105800432,0.04962782840749472
MAC001472,Std,Adversity,0,0.12592517784731314,0.4669153844615384,0.0814787763074919,6.036444615230769,0.5944699139372009,3.4247135776796664,0.40254403681453577,0.04135786535472167
MAC004497,ToU,Adversity,1,0.38150528640650044,1.6598062093167705,0.35994100667371903,18.273844719751548,0.9483872406975736,4.528404144732382,0.2435257794828841,0.14955582269334106
MAC002175,Std,Adversity,0,0.07202136453097387,0.24988187702265371,0.0690564260817523,3.424391585760518,0.8870080082716884,3.425569493606107,0.3329748285641952,0.04400892872716292
MAC003951,ToU,Comfortable,0,0.20728068037006916,0.9661834722314049,0.19438030352063546,9.910122314876036,0.9030166037174899,4.612578682527157,0.23988601629144515,0.08106477744132465
MAC001615,Std,Comfortable,0,0.05991631239073066,0.988525580775194,0.1586427097430662,2.8649581390697665,2.4782072243806224,15.63084572971549,0.11062002438318158,0.032512548407783455
MAC002320,Std,Comfortable,0,0.17928525561197275,0.8388906936484487,0.17348029371410742,8.590375184194977,0.9514767410094587,4.633868296504838,0.2322877102293986,0.04684395309846622
MAC003843,Std,Affluent,0,0.28442402777052445,1.0656666638383838,0.20553603161487663,13.624884843838384,0.7165017806388241,3.7522374380491996,0.287723914048026,0.05879867109505549
MAC003056,Std,Affluent,0,0.08059103842483732,0.49807926966463406,0.08825055564388953,3.854608233079269,0.8475488602435303,4.812217665552549,0.33434334339111604,0.03856419041795603
MAC003594,Std,Adversity,1,0.5896451012609686,2.743875985629921,0.6792968948276636,28.18401576141732,1.3184271390773763,5.511173594828196,0.21421551909907544,0.3194399339038182
MAC003009,Std,Adversity,0,0.06835325822971645,0.5362672408045976,0.09325537035043471,3.27315517183908,1.2846053630823262,7.3994612102475585,0.16182950347487982,0.018048690889334387
MAC000427,Std,Adversity,0,0.030100340612168718,0.24418539325842703,0.04187621141180206,1.4404831460674157,1.2883180007243393,7.455844088913415,0.18434621663140033,0.010142325558096509
MAC002391,Std,Adversity,0,0.1691950059792396,0.6631356186289122,0.13590296536491211,8.079244410730249,0.8015059323511988,3.93461070080711,0.2852646233507234,0.05124431716667265
MAC004435,Std,Adversity,0,0.17192992227193826,0.9300828893048129,0.1943067483172053,8.23791176764706,1.0650452019552732,5.194355726098614,0.23077561926485102,0.07272781956470732
MAC000850,Std,Affluent,1,0.3277272823825512,1.2519214816296294,0.2508050438823231,15.678282963259262,0.754636250800238,3.8069105224700386,0.2811978528459111,0.07772840162598216
MAC005358,Std,Affluent,0,0.12600807568695485,0.4804472971621621,0.09072889151466823,6.035350000135133,0.6869935488474767,3.6764140978683066,0.3187993681384886,0.035545940680093105
MAC003142,Std,Comfortable,0,0.1163512848641479,0.4806828855704698,0.10009499500596432,5.5691392614093935,0.8457122739668539,4.093949954836724,0.27682613106215637,0.04244381517755456
MAC002218,Std,Affluent,0,0.251206820653313,0.7196672175496689,0.1634621104585401,11.805379138576159,0.6452148128027663,2.8477874452719973,0.3910387000525084,0.07233700862485105
MAC001043,Std,Affluent,0,0.019432122128315063,0.0986122754491018,0.020476040376292384,0.9284535928143712,1.0676954226802953,4.927218632223005,0.26199422720337096,0.010776291847740671
MAC003970,Std,Affluent,0,0.10335371216915724,0.48249503211920514,0.11285795768794735,4.945451985927152,1.0670829701593956,4.773957195597922,0.2565130479450774,0.06293946074716214
MAC004498,Std,Adversity,0,0.19373064361097872,1.2979155272049692,0.2551098178190712,9.258633537763973,1.34367087081407,7.031764145850859,0.17003136651694345,0.117416865326377
MAC003477,Std,Comfortable,0,0.14767008723283756,0.7897650477669904,0.1724743064086242,7.073231067572815,1.1499186570825044,5.435981648145973,0.208635059568801,0.05975730086822912
MAC003394,Std,Affluent,1,0.5698207716900232,1.6070480730769225,0.3474909765517105,27.263498064038465,0.6684509884307275,3.0526812923093103,0.35465919304752536,0.31794972358256945
MAC001696,Std,Comfortable,1,0.42175424385245136,1.1788068528037388,0.24497804165789458,20.201742986604362,0.5925144172977045,2.8643449873144236,0.3725339008116404,0.13527896532288078
MAC000721,Std,Comfortable,0,0.22604506869789612,0.8100234604105573,0.16259562431314079,10.797749267008795,0.6947559317422449,3.513999336626321,0.31175187423659295,0.05971754416416808
MAC002797,ToU,Affluent,0,0.15403845233941815,0.7186515150000002,0.13371336081520258,7.363796969545453,0.8262171253051885,4.530140544645999,0.2689941470851053,0.04824750179022904
MAC002468,Std,Comfortable,0,0.13754142887374643,0.4171597011940299,0.07912952674360428,6.59072089522388,0.5565770141849137,2.9445362365367918,0.3766755356115015,0.018967971623192997
MAC005022,ToU,Adversity,1,0.4070098962047327,1.1391874183486237,0.27847204873642084,19.470571428964618,0.7058834274269614,2.9897454415232088,0.36867395397617964,0.22649787995909976
MAC004034,Std,Affluent,0,0.23338587808209846,0.6342086158730158,0.10689343393971093,11.177371881632652,0.4005297399547376,2.4968977930892295,0.5198331163767261,0.09721318977080239
MAC001324,Std,Adversity,0,0.29185047316167256,1.2934052012232413,0.26216200051073035,13.94871101223242,0.8702445815354339,4.371753950927136,0.24813084936473617,0.08364400297500013
MAC002243,ToU,Affluent,1,0.35137616682198847,1.771158824117647,0.34458260152251796,16.83399706014706,0.9791472542925874,5.115041222130551,0.2157942259333077,0.08415333641273519
MAC004790,Std,Comfortable,0,0.11299993994743719,0.28737733142037303,0.039457354037215474,5.40774605451937,0.35633332080316127,2.5673162411433683,0.4585011577111888,0.020891912355975265
MAC001330,Std,Adversity,0,0.21104464804905007,0.961831548545176,0.20612197588024883,10.044733537519143,0.9063369642334945,4.286582184641155,0.27398978069291974,0.10786871876117508
MAC005267,Std,Affluent,1,0.40351435515280376,2.1575683930942895,0.5257777122319209,19.17036122775564,1.300032244719255,5.991958986589986,0.19067661866733449,0.26061240988719636
MAC001995,Std,Affluent,0,0.252362896478448,1.239404458598726,0.3129694989330852,12.093979295700636,1.2733160810528559,5.575247879061125,0.20527263684455155,0.1578245626148347
MAC003293,Std,Comfortable,1,0.3590539194569315,1.1969694066921603,0.25750455886565604,17.218263859082214,0.6844681594423451,3.3136059837738467,0.3294026925635199,0.20622207555687705
MAC004780,Std,Adversity,0,0.21225203489792852,1.040984219368723,0.19610447755474142,10.152542326111908,0.8972458431840443,4.734217676572492,0.24071030625466047,0.06629424172287471
MAC002871,Std,Adversity,0,0.1706093969939683,0.798613600309119,0.15988859717068105,8.16321947295209,0.900820926103125,4.752618939969272,0.2607867267291938,0.09219957953640973
MAC003811,Std,Comfortable,1,0.3357170476419823,1.3495564512096774,0.32536275907930207,16.073903224596776,0.9618176390722573,4.193054206286514,0.2693700817831617,0.17370108891432312
MAC005467,Std,Comfortable,0,0.13417440598930075,0.4023054330396478,0.08875087611513845,6.409829662114538,0.6425308984220216,3.009338693993923,0.3835508228720895,0.07770178042123431
MAC005215,Std,Affluent,0,0.09178161014394169,0.5604498884187084,0.1051377305003996,4.395425389532294,1.111449981800151,5.979805262883431,0.221929496372865,0.03457933953564504
MAC001271,Std,Affluent,1,0.3388233899319904,1.2476423135464232,0.27853247315254465,16.20997108219179,0.8076405095342523,3.6572708283467117,0.2894445191371032,0.09249420241687048
MAC003914,ToU,Affluent,1,0.5883295568933141,1.9139878075203252,0.43435679254201404,28.159502033739834,0.7423892063945404,3.376306245191263,0.31345701716290225,0.21574540770166417
MAC000616,Std,Adversity,0,0.07847072717021414,0.30230188679245273,0.07343885908717629,3.7583715529753254,1.018832806931953,4.325585809572353,0.28010903996895614,0.03675655790452776
MAC004568,ToU,Adversity,0,0.2944751546631332,1.0978333317351598,0.21241496087914505,14.110522829680368,0.7085055378066873,3.697540031389054,0.2878855848487549,0.04615984883381319
MAC002689,Std,Adversity,0,0.14643456488403295,0.45100900900900903,0.09559516122837441,7.005780780780784,0.650048850303276,3.079111314311258,0.34895501616341756,0.032369515339481306
MAC001734,Std,Affluent,1,0.6674956401490666,1.9363286370892019,0.4241336764672114,31.982661971518002,0.6337175525230322,2.9340744245865955,0.36560537023583545,0.21606331607973975
MAC000277,Std,Comfortable,0,0.24134537856127786,0.9329645293315144,0.19529556116005523,11.547788539290588,0.81123839280374,3.9200547574872364,0.2697416841501076,0.06293509698990028
MAC000216,Std,Adversity,1,0.5178239377875291,2.0077184462378637,0.42144400535907833,24.80679126759709,0.8616078766037617,4.141884943775241,0.2626547136017738,0.19062409319256463
MAC004331,ToU,Adversity,0,0.11880527892643064,0.42242280945758004,0.08505342247070372,5.694105702364395,0.6748983160992392,3.390870694703435,0.331828287597725,0.03485451298457484
MAC003526,Std,Adversity,0,0.16841347939100057,0.6515862749019607,0.1308302292594597,8.06738627490196,0.7604585926702224,3.839891649459824,0.2790464537597644,0.04210568403205379
MAC004880,ToU,Affluent,1,0.46610976888645295,1.4261610706375836,0.32159678455521096,22.338771813590604,0.8036977641591649,3.663997720820212,0.31355888057241166,0.3058296644648446
MAC005114,Std,Comfortable,0,0.0949264468175916,0.4053849765258216,0.07460865723052995,4.5476510172143945,0.7659807773327264,4.166152492638099,0.2995055411302875,0.023318365323365713
MAC004159,ToU,Affluent,0,0.16655081939199687,0.5413230770769231,0.08990687294614652,7.978853846307692,0.52296594146949,3.1643200830450624,0.3613155314766122,0.021950956481550394
MAC003874,Std,Affluent,0,0.2320544511542805,0.647083164097363,0.1097021734075516,11.097858012576063,0.45494158793502015,2.7332240604518243,0.4325744985649248,0.05642269334894182
MAC000280,Std,Affluent,1,0.36029502824374043,1.094308744262295,0.22213215787660112,17.251418033606566,0.6108992727774215,3.035334750302505,0.35053751268965,0.06301820041231199
MAC002847,Std,Comfortable,0,0.09978942509567336,0.3454428573214286,0.0680223844596936,4.7769035716071455,0.6352135991228225,3.1575604376988724,0.3929249888664675,0.06366397822257225
MAC002018,Std,Affluent,0,0.12482406737956424,0.5996943222707423,0.11950732505217403,5.984227072925762,0.8499537503515951,4.4677283191395825,0.2874891361832655,0.07165574608152464
MAC004088,Std,Adversity,0,0.15401731263107804,0.9170658494640123,0.1467135447997031,7.36742266508423,0.9084806076804738,5.744168631708293,0.19668699300133446,0.031067457767765136
MAC003376,Std,Adversity,0,0.14152741816831146,0.8840095975047984,0.1659077832669806,6.755723608829177,1.1299156388653004,6.192445893044395,0.18025873684625618,0.03866088996887318
MAC002312,Std,Comfortable,0,0.33879552024163345,0.8793293942392912,0.14709173138260218,16.196350073559827,0.4322985268170342,2.5854703293214247,0.41173302486289487,0.04852040393186271
MAC000260,Std,Comfortable,0,0.15243787670712852,0.4622637363858364,0.11136169143503416,7.3082442009768,0.5903461808824363,2.8888156651228885,0.5050580335267593,0.15761234775478558
MAC000133,Std,Adversity,1,0.45710892536991565,2.380406673918418,0.4901430524369262,21.856063038195305,1.0611828430286045,5.140223150510195,0.21651183259056622,0.11833013271736716
MAC001688,ToU,Comfortable,0,0.05602276557019729,0.19558658346333854,0.03719461754935157,2.684262090483619,0.6261156819402972,3.307614623369399,0.3471324545307691,0.026172382313962607
MAC002603,Std,Affluent,0,0.24680426571643518,1.2622133349999998,0.2962813781258913,11.834901665499999,1.2146985927558174,5.384514447366792,0.20641134791168278,0.1229392911536067
MAC003096,Std,Adversity,0,0.02421264536300147,0.07742137404580154,0.017543118906653173,1.1589419847328246,0.6885524763032872,3.0168409974929955,0.3772309372134,0.006738194438524108
MAC001323,Std,Adversity,1,0.4402525254765456,1.984308398473283,0.44659964356523524,21.10246106961832,1.006576723418406,4.5431798300585635,0.244076753723148,0.13328192238788766
MAC003740,Std,Affluent,0,0.21601522649382843,0.6762140002,0.16418783716677363,10.322086000999997,0.7874489913821967,3.4129444904797532,0.353475673465754,0.16103826368273733
MAC000332,Std,Affluent,0,0.16949992228865052,0.625280991735537,0.1248849861380317,8.126172176308541,0.7283710131523019,3.6819800302673924,0.2910331367248913,0.039644479715682746
MAC004507,Std,Adversity,0,0.1264245242702152,0.6009652171428571,0.11307061143920694,6.045026086459628,0.8160152158787877,4.422498763290222,0.28857613890079514,0.04039970452464036
MAC003949,Std,Affluent,0,0.20232699943579113,0.9356975204958676,0.19580862317954503,9.691695867603308,0.9354590083094249,4.507267558455815,0.2599927116801425,0.07556243292766694
MAC002787,Std,Comfortable,0,0.1746444341327739,0.8843676263237521,0.18167501012350643,8.369677761875945,1.0156010470534544,5.027268681848419,0.22298674402929394,0.06569469337331584
MAC000484,Std,Adversity,0,0.1710416476061541,1.2216028200000004,0.2158924014114979,8.198280285774649,1.298539312475677,7.604197623922336,0.14616312392909406,0.05663462870972817
MAC003564,Std,Adversity,0,0.08087283593891512,0.24860707269155213,0.0437362271539699,3.8704577603143417,0.5320770915484794,3.038605336184799,0.36859484490497296,0.010943796674990987
MAC002640,Std,Comfortable,0,0.22413634004127472,0.9210748495508981,0.17704100267812528,10.714094310928145,0.7400618229300683,3.8950407345893603,0.31753958236783053,0.0923864089417618
MAC001657,Std,Adversity,0,0.06031366520943287,0.33133073338533536,0.060752067624772685,2.885475819188767,1.024204422550076,5.601682619773688,0.20893872978269903,0.018610109959946934
MAC002087,Std,ACORN-U,1,0.6045868560570752,1.20593920016,0.23072413467822817,28.870084797440004,0.3627807349329127,1.9559723607926982,0.5459876789859932,0.1735684210880758
MAC002119,ToU,Adversity,1,0.44626084849668485,1.0120514456591645,0.20901313545666006,21.31968810144694,0.4737551334164846,2.288027200478074,0.45814435934606373,0.10386467161808109
MAC003265,ToU,Adversity,0,0.07698587117854071,0.4508465905303031,0.08740598181887811,3.6782651515151517,1.0149052219039256,5.448902691119388,0.22901085184481162,0.04266144432656285
MAC004224,Std,Adversity,1,0.35056305639442864,1.1329182103395063,0.2312383355875589,16.808942898765434,0.6468229164376811,3.2159947926742443,0.34005007635834983,0.0951622931048508
MAC000759,ToU,Adversity,0,0.08360683641315968,0.47067058838235293,0.09422930445376151,3.999173529558823,1.1205131921953204,5.612289228391802,0.19973577817048657,0.026665098361015546
MAC000421,ToU,Affluent,0,0.05859378194251474,0.3065393257022472,0.05891661665067048,2.8054831459269662,0.8687707952672045,4.2528057311514855,0.32717668528760674,0.032367210514346906
MAC001559,ToU,Comfortable,0,0.19992323785336225,1.0288166394453004,0.2103431838640892,9.57515716302003,0.985628478989794,4.978762355419111,0.21850140922432632,0.06328643880909196
MAC004947,Std,Adversity,0,0.25832575293205684,1.1996632115284975,0.2600758484260729,12.377448185492234,0.9650887402506307,4.520027762885753,0.2520347294884915,0.0950077921866764
MAC002896,Std,Affluent,1,0.37714093162373735,1.271121910214168,0.270375416800019,18.04964909341021,0.7044674045865249,3.3823018745807745,0.3164016764115692,0.09296197999860167
MAC001302,Std,Comfortable,0,0.11707735107068255,0.48667884307458154,0.09660627608826126,5.597330289041096,0.8247316810487969,4.168140013070439,0.27194211577132027,0.03932510982935402
MAC004514,Std,Adversity,1,0.2586202185663703,1.7569452708955229,0.38730047247707033,12.392861937935324,1.490528960064428,6.85944630618714,0.15995519684734205,0.060588919047081094
MAC003861,Std,Adversity,1,0.5748627496359184,1.599537520689655,0.410050969915523,27.53785599310345,0.6898997052830742,2.8082955419342817,0.367452483030257,0.19806952194076557
MAC003073,Std,Affluent,0,0.1873414718288944,0.7936478664634147,0.17240926675193588,8.951943597103659,0.8819746418056992,4.132643247967143,0.2685686155251345,0.08459872668906614
MAC000250,Std,Comfortable,0,0.14896479433503557,0.6302764920828258,0.11998015387663383,7.139114495127893,0.7993959019406768,4.240771574278799,0.2983255436454742,0.06659100170381327
MAC001341,Std,Adversity,0,0.26879042429288125,1.4576437319571869,0.2557244891180082,12.869626910397557,0.938293411275234,5.359261972474681,0.2209276768528192,0.06491786922313668
MAC004557,Std,Comfortable,1,0.34599202707802734,1.3383877783042395,0.2803832240556717,16.583398999750624,0.7940825667952818,3.8331977995933215,0.283806608432125,0.08831129339682975
MAC001916,Std,Affluent,0,0.08377397367467902,0.535777777777778,0.10165028535425844,4.011073015873016,1.112476828875726,6.013764473214679,0.21211788869471596,0.03464272429051318
MAC003155,ToU,Adversity,0,0.15488056847536205,0.5759041666666666,0.10912040931196094,7.386745832916665,0.65207965160172,3.4756936980791666,0.34684249145837004,0.045890669058174106
MAC002438,Std,Adversity,0,0.15671186458679381,0.649754645724907,0.12348674306936865,7.434401486245353,0.7554989500168552,4.027198713932191,0.2865330508525307,0.04006727476487599
MAC000952,Std,Adversity,0,0.10666084502404728,0.747168454058193,0.1329044026592962,5.105702910566616,1.211552102357597,6.936880489102293,0.1694689640828005,0.027762207802571746
MAC002051,Std,Comfortable,1,0.47127221775188854,1.4305239637380192,0.3049801218616739,22.545137381629388,0.6448479180777871,3.0591672922384494,0.346962299137445,0.13639486713664647
MAC001360,ToU,Affluent,0,0.1679152202808975,0.5770091883614088,0.12095061477624511,8.025709035222052,0.7104956659781594,3.4266776560737813,0.3118559767506139,0.040988526469004846
MAC001527,Std,Adversity,0,0.09729862444815691,0.5977041593220339,0.10001638233038668,4.663087826502311,1.0079734098734825,5.964023096566608,0.21263864458123807,0.020540581895425042
MAC002504,Std,Affluent,0,0.15289497394822574,0.2989286898839137,0.04631149132960468,7.313575456053067,0.3090434785239266,1.9419170800614598,0.5676731244671791,0.025685796730542956
MAC001048,Std,Adversity,0,0.24903441574332155,0.6853862278443114,0.1264593285346356,11.891525449850304,0.5038938577215221,2.7209917893108786,0.39492895926311095,0.05107282149589589
MAC001817,Std,Adversity,0,0.09825652949542546,0.4134358153724248,0.08257994796105461,4.705374008557844,0.8058962558800816,3.9960910690443923,0.28588631796084074,0.0285726622896007
MAC004391,Std,Comfortable,0,0.312355028537874,0.8990013980446925,0.1670495050041042,14.966226257122903,0.5252822063563858,2.851608918657423,0.3763316965341519,0.060912560918726266
MAC000625,Std,Affluent,0,0.30606358236174924,1.0052950588662792,0.20443143362874763,14.66198401090116,0.6159046705161093,3.1653214380583155,0.34956379301960067,0.11489781414192039
MAC005206,Std,Affluent,0,0.07919778547156346,0.5503096184453229,0.10019127805597193,3.784808959552044,1.1688070643336363,6.384415987709722,0.21206782388407674,0.03483397043025542
MAC001403,Std,Comfortable,0,0.1260729710811502,0.6630533804270461,0.12702016280497122,6.035637010320284,0.9368391562401083,5.069199628676911,0.253224553043053,0.06575842747385023
MAC003122,Std,Affluent,1,0.3283440773056209,0.9997003048929665,0.24887257448645822,15.732035167125384,0.7680716882480276,3.23835967991134,0.35199900407958706,0.17205659000108697
MAC004743,Std,Adversity,0,0.05504505359733765,0.32184978540772535,0.05891695779592064,2.6362160228898435,1.0211004575698457,5.58309417938674,0.2215210652910291,0.01377011660456084
MAC003451,Std,Affluent,0,0.04157233864379474,0.17108463296213808,0.03551121356741191,1.9925412024498885,0.4436244597348599,2.383276265918684,0.6186324761182471,0.04744449139960484
MAC004227,Std,Affluent,1,0.33537302718784373,1.0199365071428572,0.1993292974895218,16.031376981349204,0.5542509103344979,2.8977970218169524,0.39062129191378026,0.09299290996351238
MAC003780,Std,ACORN-U,0,0.1549604534366699,0.5759739478957915,0.10717772772486749,7.412242485370741,0.6415047295195767,3.5478307510140077,0.3227575186917217,0.043090214780767085
MAC003275,Std,Affluent,0,0.19875413928673372,0.8402518937500001,0.14588119765688862,9.502945075189393,0.7050673808252496,4.111263197122392,0.281327426153984,0.04450143914975597
MAC002589,ToU,Comfortable,0,0.17566791604492746,0.8266216663333332,0.17912040405343024,8.409838332833335,1.0305639873117562,4.867728021235754,0.22977080535104727,0.05681916555353507
MAC003804,Std,Affluent,0,0.23136987358377345,0.9389959701612904,0.2256081532571291,11.066868956854844,0.8680674619284362,3.9619312236453217,0.3071243168119973,0.14129258733101208
MAC003641,Std,Adversity,0,0.1967675253158932,0.8311600784584982,0.16505413240316838,9.430879446047431,0.8283408134765667,4.201798188728095,0.2580127396599183,0.030758980597852828
MAC002751,Std,Affluent,1,0.3083118649702143,1.455470500151286,0.27391792143141214,14.76086081679274,0.8539817782605919,4.6120851787952075,0.24464198304976387,0.08829152513697569
MAC005516,ToU,Adversity,0,0.21635739698172293,0.9017836258771932,0.15602248622120826,10.350735379970763,0.6884314965363411,3.971753745172366,0.31552831068080733,0.03980929933011412
MAC005331,Std,Affluent,0,0.2053100725513971,0.6934709226950354,0.13322116494830896,9.424329079148935,0.6208533972161605,3.2117008746561773,0.38797232912200313,0.04958526429184538
MAC002576,Std,Adversity,0,0.18182009024305548,0.5757216671666666,0.12520673074330188,8.704161664999999,0.665440498987994,3.116197318853934,0.3691839828136,0.0836568034500654
MAC002726,ToU,Affluent,0,0.09234920517261601,0.37278733031674205,0.0721811010488351,4.4126666666666665,0.770744775468635,4.065412557007734,0.27012874931279895,0.017900341034552774
MAC002307,Std,Affluent,0,0.15257048612195814,0.7254088884444444,0.13234882298771897,7.284395554814814,0.8189302121051466,4.582016277348296,0.26653437969011146,0.0493914670641747
MAC001500,Std,Affluent,0,0.11257461708338805,0.5575941365740741,0.10954316759868989,5.379677469753088,0.9863641906604392,5.049898330871534,0.24065184910757623,0.04689866402404494
MAC002992,ToU,Adversity,0,0.11142433165014465,0.5489592764705882,0.08672567607455518,5.304375565610861,0.7748752713506709,4.781790993096249,0.2999135111306722,0.035918664789026264
MAC003575,Std,Adversity,0,0.23070057873913274,0.7721512783889981,0.1621175495482373,11.01969941178782,0.6856225361833621,3.2752825669457897,0.33113664652068703,0.060741773470850274
MAC002821,Std,Adversity,0,0.18521358768976165,0.5085113807283763,0.1286886781607674,8.864113808649469,0.7078773390673699,2.7936322467403945,0.3758609345449697,0.05460594955630913
MAC001629,Std,Comfortable,0,0.03814596162264037,0.21528947330827075,0.05397245223599343,1.825834585338346,1.166492940584686,5.785725890474542,0.34533636003634277,0.04611684241923203
MAC000985,ToU,Affluent,1,1.3517049348201509,2.592481311509717,0.4750448361904968,64.47698354947684,0.3278311113503508,1.876513413293651,0.582567142477634,0.6282030169116777
MAC002274,Std,Adversity,0,0.1544751261005385,0.4674651847407409,0.08867979548488152,7.3123377773333305,0.5578203376113713,2.942356123249409,0.399219195487796,0.039113883800872634
MAC000360,Std,Comfortable,0,0.20006981905832186,0.6964661142461964,0.13950142542044752,9.59001936459198,0.6898343963299903,3.479386058983083,0.30417281305717986,0.049592825285171935
MAC005194,Std,Adversity,0,0.17272255208371037,0.4838263155263158,0.1148657928882808,8.239597368289472,0.6640950022891147,2.8135954229557005,0.37640693886917104,0.05525857904850769
MAC001770,ToU,Adversity,0,0.10420725979571137,0.7999526802839118,0.1651123823884855,4.996651417350157,1.497497403897132,7.500398296556117,0.173413967028009,0.07101737979717658
MAC003727,Std,Adversity,0,0.18138668495898824,0.9384579998,0.19504430576174323,8.689401999400001,1.056648488648511,5.078393186715069,0.21677005042351233,0.048390871614413744
MAC003569,Std,Adversity,0,0.11054570856962384,0.4000019646365423,0.06598461872405695,5.275178781925343,0.5956623451559064,3.623032023141229,0.2964412049685726,0.015040465195682324
MAC003824,Std,Adversity,0,0.20724020197390572,0.7863434335353539,0.16763230383538374,9.906535351313128,0.7836838738855733,3.699278670465751,0.2914540469372431,0.06077109721849285
MAC005346,Std,Affluent,1,0.6754323210454414,1.5667395410256406,0.3245322858830212,32.3027058074224,0.4658038639524486,2.2902111848781637,0.4612215363550935,0.1812795021473263
MAC000212,Std,Adversity,0,0.0709117994640275,0.4043956309466019,0.068035907589871,3.3936432038834954,0.961627886368756,5.873620951495401,0.19621999681354013,0.031503113723702965
MAC004397,Std,Comfortable,0,0.08830122362774898,0.22809523809523805,0.04336777557457007,4.230105042016807,0.48752785306271684,2.5777591681564225,0.4041455430305029,0.010590083811211176
MAC002535,Std,Comfortable,1,0.4100112231260106,2.12032279251248,0.449687141310635,19.56458402595674,1.1021882530435327,5.211607794535846,0.20249205804585663,0.08687578744984623
MAC000601,Std,Adversity,0,0.10790125246385156,0.44029172641509434,0.10199496604309262,5.175238025544266,0.9085228489796006,3.842469340745396,0.2916463703253761,0.03177789502232439
MAC004036,Std,Adversity,0,0.1427446463760362,0.6806423847682117,0.15851464637015475,6.837892384933775,1.0145344484407113,4.565415871233085,0.24830350410218305,0.07410292077114747
MAC004985,Std,Comfortable,0,0.20305149653732202,0.7282920475880054,0.15534553823668107,9.720581487222951,0.7126477226808837,3.3491148439624134,0.34397569956984714,0.08749203108437208
MAC002914,Std,Affluent,0,0.1188629384682874,0.38123228995057656,0.07078762852694369,5.684369028006588,0.6008738948699073,3.206685133307046,0.351627951978216,0.03806191800436426
MAC003591,Std,Comfortable,0,0.2021059259740229,0.5179468507874017,0.08273244193448802,9.675498031692916,0.4058034588509021,2.533897582997279,0.44682517212453,0.02394292470089112
MAC005061,Std,Comfortable,1,0.3114042217385071,1.3100528079207918,0.28645858723287193,14.849082518151812,0.8235905359024904,3.9738856432971903,0.38961215176477587,0.3554768779185478
MAC000933,Std,Comfortable,0,0.14762782746661168,0.3404915773353751,0.0793118793090268,6.939263399693724,0.5344880931210862,2.303017680543615,0.4516470105671431,0.02178016263153167
MAC000968,Std,Affluent,0,0.2105394992895683,0.772079104925373,0.1624297954650999,10.060967164776121,0.7539069456541748,3.626227413924562,0.30456431681392043,0.06106369248376939
MAC004853,Std,Adversity,0,0.16998055255118708,0.7030578611320756,0.12969565958458532,8.133971069308176,0.7176116253961572,3.9783345565975092,0.29211370684052174,0.06165730541371834
MAC001617,Std,Affluent,0,0.13939539908559204,0.626666665576324,0.13485667753063957,6.671077880685357,0.9765942562423721,4.672044200517724,0.2585411393629712,0.07283358957686518
MAC001276,Std,Affluent,0,0.16257292544659502,1.756493149467276,0.349921458014686,7.77976255692542,2.4577131971057056,12.82798680277833,0.09901329119858722,0.09712290364135374
MAC000448,Std,Affluent,0,0.09034657720822054,0.5635949374120955,0.10997008779402483,4.326319269198312,1.1425407242452077,5.633017652628041,0.223799424964003,0.037939478634626704
MAC001037,Std,Adversity,0,0.15679181097050623,0.42126646691616765,0.06828596634710513,7.489935628742518,0.39903146980510656,2.505451887271938,0.49171656833099936,0.03744027959560722
MAC005289,Std,Adversity,0,0.056589488566538955,0.4170093456608812,0.07575052400201968,2.710283043791722,1.2610268352078726,6.863226662719723,0.18630605530158517,0.020853634609533378
MAC000138,Std,Affluent,0,0.17383429653778631,1.106446228182942,0.26149840857960943,8.336557477008652,1.5897783061041562,7.204146063891958,0.1568722291889308,0.10555526832149328
MAC002672,ToU,Comfortable,1,0.41740018665330497,1.4434369360360357,0.30830448997190074,19.940388884084083,0.9086540220246271,4.372066977203999,0.28522270583855575,0.2554184660308745
MAC000500,ToU,Affluent,0,0.07045350282574389,0.3436600566572238,0.07039619611578707,3.3758427762039664,0.9499184870008685,4.690537547944453,0.2621071574572465,0.02760619930518024
MAC005099,Std,Comfortable,0,0.05894671432437788,0.12521951219512192,0.028271912745240574,2.8161756092682935,0.39785846340999087,1.8581314292732756,0.6309007843625962,0.021105355592867654
MAC000143,Std,Comfortable,0,0.18639632946409104,0.6739430696782177,0.13456013870804617,8.933038366831685,0.7301400968343043,3.660240852414404,0.3081024152947884,0.058086403663020085
MAC000300,Std,Affluent,0,0.17826014691612538,1.2393890426027396,0.2457228598874582,8.505915069726024,1.3544648270317936,7.326732368724748,0.1912837761288976,0.13462328098919313
MAC004201,Std,Comfortable,0,0.08717506470762465,0.3951111111111111,0.08003267671553738,4.177871913425928,0.9010323340609422,4.480436637253727,0.23707627507324588,0.025515205850803302
MAC000950,Std,Affluent,0,0.18587517649004334,0.4750895531343283,0.10531016541905228,8.882198508955225,0.559865167120498,2.512333763620615,0.4316068070637657,0.0279119275193563
MAC003085,Std,Comfortable,0,0.24011828686125022,0.6801251911450382,0.14682609863098847,11.431083969465648,0.6059453064780645,2.8172931217095374,0.38931955890679587,0.06419143002275232
MAC001205,Std,Adversity,0,0.2002204913370156,1.182663128376328,0.26240264532761126,9.595095603490135,1.2679233726089285,6.008736623868406,0.19767076893382743,0.13279447901414348
MAC002182,ToU,Comfortable,0,0.1198437849911578,0.8019239478964401,0.19921882973891542,5.748318773300971,1.5945425660750023,7.217652985572387,0.16649205279852958,0.11740842074276747
MAC005489,ToU,Affluent,0,0.17529543503700565,0.5741610531478769,0.11476079906728896,8.400111273352858,0.6341431481523416,3.2255698000312587,0.3430736273104083,0.057759081972313484
MAC001896,Std,Affluent,0,0.23647542961466125,0.6861708851265824,0.13375278857244993,11.312575950158228,0.5491361231529862,2.8941312104827586,0.3967261261237513,0.08716215139408373
MAC000758,Std,Adversity,0,0.08668923810471457,0.42044618038194437,0.0819471288050911,4.145701388541667,0.8881522098399,4.645025421302054,0.2916801917342591,0.04138761462970689
MAC001619,Std,Adversity,0,0.2141125591597944,1.3003782958139531,0.2342371680473005,10.251131785736435,1.0672350382584932,6.048246903948347,0.19605943861927314,0.0542210678052317
MAC001484,Std,Adversity,0,0.24893789092613489,1.089701077503852,0.2222765137166923,11.92228351155624,0.8505465866640113,4.265991527336654,0.25846069569966906,0.07276454679410987
MAC001442,Std,Affluent,0,0.2147247692437949,0.8106278713629403,0.19667757212694767,10.20585298621746,0.8575153240096013,3.8750139852002876,0.2857885984042262,0.13427740782404948
MAC005321,ToU,Affluent,0,0.10306523226884906,0.9965758412080538,0.19670354914247645,4.926123495033556,1.6375309018369135,8.922223504660108,0.26445844064965457,0.08508789094943615
MAC002744,Std,Affluent,0,0.018183375447217695,0.02962052877138414,0.003489921841893312,0.8707667185069992,0.14263410416397815,1.548346339991172,0.7428927119244262,0.005952305968300562
MAC001178,Std,Adversity,0,0.11728654580512571,0.49053776465256793,0.085863826063349,5.598598187613293,0.6873383586477031,3.927455693137503,0.3202527956092792,0.01969730349616866
MAC005048,Std,Comfortable,0,0.18886044278961756,0.8250328508541392,0.1843164676124033,9.039888303416555,0.9466220625758293,4.4683617111414655,0.24395354673673175,0.0857874805101359
MAC001426,Std,Adversity,0,0.07886984890047806,0.2397668711656441,0.03650193188876082,3.7699386498466256,0.37212333004373516,2.6071921446665076,0.500357677199751,0.017193709322104945
MAC000689,Std,Affluent,1,0.2911166607727716,1.0953123148093844,0.2541053379553188,13.93161143856305,0.8311599246709381,3.8112535130002154,0.2890816476578417,0.16085537331742847
MAC004304,Std,Comfortable,0,0.04978490043421903,0.46872488377125193,0.08822072934329168,2.3862952083462132,1.7254377123878317,9.131424885010558,0.13747044887847698,0.01817293366690511
MAC000987,Std,Comfortable,0,0.2829068525856426,1.3115575487294469,0.256424447134114,13.398913303288492,0.8996167028960509,4.658872990466964,0.24549599260641847,0.09093310948704555
MAC001742,Std,Adversity,0,0.17382871039168532,0.5898398747252749,0.1386590549011317,8.324692307692308,0.7892083071178714,3.415171278887181,0.3132977169457464,0.047239380936123405
MAC003606,ToU,Affluent,1,0.3647747895937375,1.1098915173570023,0.22648212165715378,17.46442997771203,0.6128827178460187,3.0209692011523357,0.34959742354072704,0.07443497503559028
MAC005248,Std,Affluent,0,0.16687188590002158,0.8334913903311261,0.1703426961239941,7.997956291523177,0.9170457620638749,4.616024970276854,0.2922013009491903,0.08407225591218408
MAC002596,ToU,Affluent,1,0.28698887004591866,1.170084999166667,0.29154690181237447,13.742730001500004,1.0141523325156165,4.104486983277718,0.2580997692932462,0.11750281229085632
MAC002488,ToU,Adversity,0,0.07568791364857574,0.2458573797678275,0.04252520679550768,3.6256749585406296,0.5446500483353303,3.171819701166443,0.35822843279557975,0.009921851784364711
MAC004878,Std,Adversity,0,0.2980691851411987,1.0819936465057178,0.23624075109903137,14.28858830991105,0.7874901781336077,3.6187305667052514,0.2867029648635001,0.05748691351505265
MAC000548,Std,Adversity,1,0.46043171782496684,1.2823936335745298,0.2574053154705911,22.002518087554265,0.5601760635337245,2.7998998130700783,0.3660086074805786,0.07109839460586564
MAC004592,ToU,Affluent,0,0.07775279069441889,0.49618815435540053,0.09685955279908483,3.7275557498257847,1.1039191666206039,5.9676335463560415,0.23403663929040908,0.04931823001869879
MAC002742,Std,Adversity,0,0.20052216295290365,0.4569713423831068,0.08194971276173135,9.549971342081447,0.3903649323664253,2.2327647701138593,0.48028296699076334,0.046134491214076354
MAC001537,Std,Affluent,1,0.3020977855263584,1.0716714006085193,0.2432069230602662,14.450943201622717,0.7454025439983046,3.64077747835881,0.3014954053198447,0.15079438532128184
MAC000578,Std,Comfortable,0,0.09965750461704585,0.7239304328985509,0.13429933622265214,4.775366664927536,1.3079294615304484,7.042477417672949,0.16041833542667872,0.024748821038623733
MAC000847,ToU,Adversity,0,0.12889490103357315,0.42248071186943614,0.06863806048129115,6.1596691391691385,0.520685924204576,3.211566757149898,0.3540144095099714,0.020412065835041855
MAC005266,ToU,Affluent,0,0.09128130502605415,0.46788180544488717,0.09444823667630758,4.369181938247013,0.9771892515473093,4.919700394656145,0.24084239243907954,0.03972366688514708
MAC004129,Std,Adversity,0,0.18930317457656182,1.0655506145705522,0.21232624352617988,9.059487734202456,1.0514451526589041,5.424491839783367,0.2115085199560687,0.0803445930811207
MAC004084,Std,Affluent,0,0.2036747286016345,0.7373251238095239,0.14152033675577277,9.742620689819375,0.6056993159341311,3.361051739553085,0.38579446344516083,0.09797594694646122
MAC002985,ToU,Adversity,0,0.08532253196927561,0.46285337792421744,0.10086667799197582,4.083420099835255,1.022145833849209,5.218273027717405,0.21921315449795042,0.06612668122528417
MAC001785,Std,Adversity,0,0.15510334264958459,0.6529242894321766,0.12623350499316238,7.426589904574133,0.775651579509228,4.104001007693997,0.27806580194026664,0.04738011255020412
MAC001145,Std,Affluent,1,1.3516988742880882,3.5248610238670692,0.897148291596238,64.52900149652568,0.8543569913539728,3.299946130181213,0.35773866899116497,0.7188065230491752
MAC002898,Std,Adversity,0,0.0426167529003271,0.21771828665568368,0.0426414523876553,2.0374579901153216,0.8986092978725115,4.6187001418548785,0.2911188654658927,0.026748768718424264
MAC000507,Std,Adversity,0,0.2251776915108806,0.5507549579320113,0.09286071333033348,10.773116147733713,0.41107235426474703,2.43262281031294,0.4427722772862997,0.03351194893193347
MAC003239,Std,Affluent,0,0.15794059327897095,0.5511981126415095,0.12191172212177273,7.567966036603773,0.7371413867510078,3.4024793992883806,0.31781556211097317,0.04404307458708413
MAC003259,ToU,Comfortable,1,0.28908290883498156,1.4757315678638938,0.31597031956735283,13.824408312287334,1.0834373482490112,5.143184734399915,0.2074257349852825,0.07555360710243775
MAC001732,Std,Adversity,0,0.07724389409572176,0.2197183098591549,0.047295346144399376,3.6944037558685454,0.6127318976720894,2.8469717457856807,0.36949596042479044,0.014157246696186466
MAC002927,ToU,Comfortable,0,0.2781320296974829,0.957294892421746,0.20949985413820704,13.282434925205937,0.7531141533912261,3.5025373465919163,0.30430416826308065,0.08036263026303109
MAC000599,Std,Adversity,0,0.1327045847258078,0.7231295480349346,0.1535965462384607,6.351919941630277,1.0956634066267779,5.370747715768003,0.23878534919368158,0.06160479938204326
MAC002986,Std,Adversity,0,0.0685523923025693,0.477184514003295,0.07903061526187688,3.276128500823723,1.1107913582146187,6.7306801920543,0.19178723492167976,0.01987519518671815
MAC004645,Std,Affluent,0,0.11464123197569587,0.4265986628762541,0.08336384728807505,5.495006689632107,0.6443388958908923,3.453128876950489,0.38325286394201497,0.04620318195642767
MAC002700,Std,Adversity,0,0.14341509218081658,1.277284212481203,0.23698214723738084,6.856631579849624,1.6229521093909927,8.98869189366013,0.15194701785581152,0.07228654267252672
MAC001729,Std,Comfortable,0,0.1420162002222555,0.7339420964006258,0.14275158967470183,6.794384975899843,0.990905615689711,5.175670050115526,0.21725042466972894,0.04502620366613491
MAC002379,Std,Adversity,0,0.23325989577971015,0.7347563157503715,0.14350457695540705,11.141080238632988,0.6685400008958113,3.4157980467345506,0.3495046662439368,0.1081335567465111
MAC004868,Std,Comfortable,0,0.24901810016085787,1.1493341762025313,0.2510867716468607,11.9282683535443,1.0428437868685017,4.962101139090578,0.22172800971450837,0.09455398429647568
MAC001046,Std,Adversity,1,0.41096518870681287,1.3095685151603491,0.3455956009226104,19.6992186728863,0.9057914193113874,3.9712000554311935,0.2964274757051483,0.27700694652595736
MAC004849,Std,Affluent,0,0.09954154697170926,0.6573547169811319,0.13138039211670616,4.76848050327044,1.314712462327523,6.617740044677325,0.163827732348703,0.023413456059314625
MAC004359,Std,Adversity,0,0.11980785439058213,0.4211197772980501,0.11123845494441696,5.742324512674095,0.9150581061874385,3.5900098787571393,0.3088829214963094,0.05560554365543895
MAC004291,Std,Adversity,0,0.16289867857103713,0.3551962905718702,0.04497768539478259,7.779146831530138,0.2825136815454609,2.2056274824136133,0.49692876516727164,0.026069005960056887
MAC004806,Std,Affluent,1,0.3712051308236966,1.0821853448275862,0.1776144984104474,17.74641522758621,0.5527261042957398,3.348501274317583,0.4126215613248074,0.2648841928482692
MAC002354,Std,Comfortable,0,0.2011873220753874,0.9271200014814817,0.18406441720275402,9.593364446222225,0.9004565965250246,4.614470132867572,0.24898150562941412,0.06365852227736804
MAC004990,ToU,Affluent,0,0.18236516799426541,0.5138187743155149,0.10590203793037628,8.738019556584096,0.5704120756501031,2.784545168760804,0.3795647359941915,0.02678205739131276
MAC005521,Std,Affluent,0,0.1752697170725691,1.477941349560117,0.2583205439908872,8.39896480777126,1.3827394348753306,7.974151102292769,0.16658966148210422,0.06824643310151828
MAC000557,Std,Affluent,1,1.3647026487550749,1.957065220144927,0.290831242197036,64.80905073666666,0.22955999909263594,1.4436110052998208,0.7076144095588235,0.25293937055898547
MAC004432,Std,Affluent,0,0.10940426418404657,0.539755882647059,0.11087713008600499,5.236105882647059,1.0256409042962986,5.063422778272424,0.22608243586982385,0.03364941902806028
MAC001968,Std,Adversity,1,0.3075723715343263,1.2426679983999998,0.2613199917133153,14.7069859982,0.8401377374432942,4.020180945377143,0.26793314505495597,0.07785377310542553
MAC001764,Std,Comfortable,0,0.3074301894317863,0.9927695942006268,0.22912279232572422,14.710263324294674,0.7545029748527237,3.282927044196216,0.31925441438789626,0.07018879991079427
MAC002994,Std,Comfortable,0,0.17118767176395785,0.9650264471074383,0.19465959696214727,8.201441322975207,1.1100510072199463,5.574564858433604,0.20185902389683716,0.036773567537551094
MAC002214,Std,Affluent,0,0.17906072769857176,0.6974157119476269,0.14213281456327043,8.553193125531912,0.7784304831698272,3.915493955113277,0.2848859119231706,0.06677568819000045
MAC002066,Std,Affluent,0,0.1205484461026241,0.44808640031999986,0.09607649206811465,5.78285120016,0.7485628520495389,3.494982645825291,0.33232461116706813,0.030725871862762082
MAC000036,Std,Affluent,0,0.05559670553486634,0.27410403916768666,0.06312987795791884,2.6649681762545905,1.1464196151037531,5.003324367943743,0.2081998347678092,0.007300823729551392
MAC001088,Std,Comfortable,0,0.0691705869783811,0.21818099547511308,0.03561707296146082,3.3140573152337853,0.5072072308180801,3.139680314962238,0.3469112383226827,0.008001385480143803
MAC000598,ToU,Affluent,0,0.12524955492453202,0.40338751857764865,0.07286477367583466,5.996104499564587,0.5607207026830284,3.095941957533134,0.37608835910709243,0.023110447732927534
MAC000653,ToU,Adversity,0,0.059819476111623415,0.5675000001453488,0.09731312885966903,2.8587034883720936,1.477079931606189,8.503261462992791,0.17866881771160822,0.022426895489415857
MAC000770,Std,Affluent,0,0.12383126193967142,0.5675018472324724,0.1234962606553326,5.850453876752769,0.9730285636275323,4.597428740891585,0.2497389882089525,0.05630321178162011
MAC004599,Std,Adversity,0,0.07057975401041351,0.4872520868113523,0.09624141006680893,3.384115191986645,1.3447110986386759,6.892175094185072,0.15936546402768623,0.01720929221174078
MAC003046,Std,Affluent,0,0.11215267958486046,0.383455793140244,0.07933287850617281,5.371458841920733,0.6597700961795545,3.215147618377803,0.35942020410893166,0.0399655820574156
MAC002819,Std,Adversity,0,0.22125345739176505,0.9175106072727273,0.18522711920270668,10.571281820151516,0.8135887852239164,4.146583316356065,0.25948494436050334,0.06776449038866543
MAC001369,ToU,Comfortable,0,0.12920117689288216,0.7367621361650483,0.16435448677562237,6.184813107038837,1.2955400722160233,5.89920613269011,0.1780137265473005,0.030027853259453105
MAC005497,Std,Affluent,1,0.48683823909859597,1.323074561988304,0.28094262266307063,23.319020464912274,0.6101159437922227,2.880366410572403,0.390414747353052,0.19981340183238022
MAC003647,Std,Adversity,0,0.18836514286538303,0.9938043470355731,0.19883984321207526,9.023432804150199,1.0037555933797169,5.198286463119954,0.2206250627819335,0.07155508790245668
MAC002608,Std,Affluent,0,0.1456781222697605,0.3818833328333334,0.06458583633391783,6.978348333333333,0.41359279369415736,2.5237649085333413,0.43123055811746513,0.03327932633883138
MAC003913,Std,Adversity,0,0.21277177087499996,0.8043799974999999,0.2170444340371158,10.177145001999998,1.027889427723023,4.010905647563833,0.2765070329347729,0.1116975312171309
MAC002448,ToU,Adversity,0,0.05513048298811247,0.126796711509716,0.028039034295627256,2.6340568011958148,0.5020656518157983,2.364180538040944,0.4753253860535902,0.024634545803688974
MAC000804,Std,Affluent,0,0.12567328489382862,0.5516118525925925,0.11678490740132734,6.014880000444443,0.9100984066242205,4.38281348582991,0.27301408153045814,0.0621339378684745
MAC002038,Std,Adversity,0,0.179347020739308,0.6640829347687399,0.1333098880811945,8.59185007974482,0.7219016694003572,3.6565807256806866,0.29225805457219933,0.04664086003508026
MAC005086,Std,Affluent,0,0.14155053403456422,0.5735187501562499,0.1280313456935951,6.7801765625,0.8814832500905142,4.030970329168396,0.2775608326276339,0.05000486125855762
MAC000285,Std,Adversity,0,0.06859434773264561,0.24128005464480876,0.05946224999491568,3.2851953551912567,0.8348399826251449,3.4161766214534315,0.325026910830471,0.022907893269354856
MAC000628,ToU,Affluent,1,0.3649895713512031,1.3294040694767446,0.2527340034533569,17.38747819636628,0.9832254545478329,5.041627656591422,0.2570790351794993,0.2606795126283474
MAC000994,ToU,Affluent,0,0.1820800199462359,0.6041031391629297,0.13158977401354555,8.712838565171898,0.693667454053554,3.25321165240679,0.3539646284591052,0.07311478791281903
MAC000935,ToU,Affluent,0,0.07335127178822201,0.1976731343283582,0.03811003029955368,3.505226865671642,0.5315005550765681,2.6551757501955224,0.4465924998784075,0.0314521250781734
MAC003428,Std,Affluent,1,0.545324276862182,1.4242959357833658,0.34041068547093817,26.10692650038684,0.6569570871207732,2.6988146646158593,0.4095892351802516,0.2986490088769317
MAC004217,Std,Comfortable,1,0.33315171365167046,1.0283117283950616,0.20627441954724288,15.926325619907413,0.6446975038170017,3.2629547631533633,0.32483337058368145,0.18829582270909773
MAC005503,Std,Adversity,0,0.1409485165088678,0.8323786552631579,0.16222039349948247,6.726102339766083,1.1056673895541254,5.7564517385180975,0.20417362242375195,0.04303226773120026
MAC001920,Std,Affluent,0,0.2368775174566768,0.9114088751188595,0.19829982148436598,11.345497624088747,0.9516294257169655,4.447955764949039,0.26076099706886746,0.17115429114656344
MAC005381,Std,Adversity,0,0.1362981775329834,0.5094075697234351,0.09670317487784048,6.518218340902473,0.6874128096083199,3.599835329800477,0.32117819915839696,0.04283777723189031
MAC004018,Std,Adversity,0,0.16433718392464247,0.7627029726072606,0.19245209227255014,7.874099019801983,1.0553486734258164,4.957776827405476,0.2516445544118858,0.11730540137202763
MAC004325,Std,Affluent,1,0.31418579375845584,1.3250166885952714,0.2678678875289903,15.060343534075104,0.8315941525884843,4.272910233435256,0.25271065715984387,0.12037537185552681
MAC000367,Std,Affluent,0,0.07834077411691799,0.36950346740638,0.07036610205146479,3.7553869625520107,0.8825615268187083,4.631670113052809,0.23898151636424025,0.011034420466173419
MAC000187,ToU,Adversity,0,0.1763176381927895,0.7393002421307505,0.15667645438855127,8.45267191283293,0.8560982016646824,4.082469025439694,0.27939761715684464,0.056420404838342215
MAC000673,ToU,Affluent,0,0.312899902397993,1.0297510973645687,0.2153016409760773,14.952471448023426,0.6860659446416454,3.320287700263055,0.32872628258211006,0.09485914705499329
MAC002244,Std,Affluent,0,0.09168547932431276,0.3274115044247788,0.06071654766438114,4.388499999999999,0.6326772514204831,3.4936129501655215,0.33876907024621855,0.024556496678882996
MAC000540,Std,Affluent,0,0.2141811218994084,0.8930850448680352,0.19232250637432186,10.240821114369503,0.8624275138292652,4.170846382838101,0.27874100881731917,0.08822254749197128
MAC002936,Std,Adversity,0,0.17673122062298477,0.660325081848185,0.12416955168781357,8.387132012706275,0.6723190408284331,3.6001938846058636,0.3203208502742379,0.042286450076531354
MAC003715,Std,Comfortable,0,0.23947754460243864,1.0549600788423157,0.21377322066106355,11.464139720558883,0.8844584649849732,4.448760968274145,0.2456460431687941,0.0681900701227174
MAC002844,Std,Comfortable,1,0.4854497696711721,2.0156249922169804,0.46634342301099346,23.254356129716985,0.9718295935837846,4.2278166240342925,0.2471160544289701,0.11498442566028355
MAC001767,ToU,Affluent,0,0.08220538605121705,0.500291797791798,0.09032576599371755,3.933793375078865,1.0078770154202241,5.715145480680091,0.22474105296249647,0.028046234872249266
MAC001380,Std,Adversity,1,0.4487183963021477,1.274602447094801,0.25211999768719273,21.486551992507646,0.5401640223339322,2.814861346705514,0.3780341583412167,0.10902009368452775
MAC004579,Std,Affluent,0,0.23327704799968926,0.4100477395728645,0.06331930715972764,11.190542714949748,0.3408282782712226,1.954101009415896,0.5806347081752299,0.293406607839848
MAC003227,Std,Adversity,0,0.17417908833888984,0.7460941623352166,0.1302119005458498,8.339804143314502,0.7354831028621073,4.183481538683484,0.29690325466315237,0.023262143792915788
MAC004486,Std,Adversity,0,0.27345660230090496,0.8898594033391918,0.1713857042429151,12.32259051142355,0.6382310121980798,3.227123828272204,0.3616690492834117,0.05256551725603444
MAC004472,Std,Comfortable,0,0.2464710726065478,0.8743197009913257,0.19445771733582443,11.797328375092938,0.7934085169258012,3.606056935475019,0.30362189329997713,0.08971603706536707
MAC000597,Std,Adversity,0,0.07878932298782443,0.2772815249266861,0.07080305598172683,3.7344809384164224,0.8581679313634085,3.4904950553137493,0.3159713645570674,0.016989654917455004
MAC003939,Std,Adversity,0,0.23651218118552536,1.359168596528925,0.28654749627521886,11.324910745785122,1.1919800906212,5.733087268391683,0.19455068997855773,0.06787479029207956
MAC002547,Std,Adversity,0,0.19257347373575562,0.6483660572379368,0.15051623336979136,9.209692180366059,0.7736714066592637,3.3563354292846577,0.3238701179731969,0.05463443707251149
MAC000796,Std,Adversity,0,0.038431458677644685,0.294,0.06485891432618722,1.8357174557692302,1.6817533664912725,8.005900745711717,0.1373975173886656,0.023807018929525355
MAC000432,Std,Comfortable,0,0.11933348082975972,0.624,0.10576297465942885,5.717328488372092,0.8429331993302406,5.013501158314578,0.24834509164952695,0.03753225378151391
MAC003918,Std,Adversity,0,0.16180679344683377,0.5380426823170731,0.09486441561580933,7.725573170731709,0.5659855104721578,3.24965715443228,0.3470053266209928,0.03537364888766084
MAC004264,ToU,Comfortable,0,0.11129070347618887,0.676253477743431,0.12850904066716834,5.333049459350851,1.110064843518195,5.896809151943377,0.19342686256608166,0.03247265997363886
MAC002609,ToU,Affluent,0,0.12050826384722226,0.6651683316666669,0.15275058424878868,5.768929997999999,1.142391853434125,5.157330982096049,0.27530870841000676,0.08045207057569416
MAC003554,Std,Affluent,0,0.04494566048397822,0.13631192660550456,0.02692514802586976,2.077926605504587,0.47105863911734125,2.530150220400401,0.5762074481081304,0.036463178811312204
MAC004032,Std,Comfortable,0,0.1758212104206296,0.62307450397351,0.11738575800598562,8.418034769205294,0.6458308424892331,3.4469646134268888,0.3310522155808988,0.03737514912614761
MAC000805,ToU,Comfortable,0,0.09252646889127714,0.4272470411242602,0.08526467893618114,4.42564201139053,0.7981606606274402,4.070396867551911,0.31637564141132996,0.05396812986254398
MAC004198,Std,Affluent,1,0.8100672653710688,2.071960497089397,0.43459290497869574,38.75370270602911,0.5360692270044263,2.6165251619876333,0.41455900794071743,0.370797950589178
MAC000467,ToU,Comfortable,0,0.08268323517116664,0.5872698148397978,0.11970519318185312,3.956234401854974,1.3815495556969557,6.9343495929203085,0.1884961035534895,0.0487475691795938
MAC005478,Std,Adversity,0,0.16896540500346055,0.7670145983941604,0.15451383905997979,8.096296349489053,0.9200815739586338,4.658883827191213,0.23465149576820069,0.05993494278306773
MAC001103,ToU,Comfortable,0,0.1064386729056527,0.3555414781297133,0.06999374304249076,5.100092006033184,0.6293474081237297,3.1961288674591164,0.36201158999934,0.02336485237361406
MAC001365,Std,Adversity,0,0.1262609060728462,0.37150458730886843,0.08982065041484351,6.047059633180428,0.7040493775167428,2.9649219412030465,0.35079949107783476,0.025883851926549357
MAC002334,ToU,Affluent,0,0.13564186494299077,0.8349970441654355,0.181130176111925,6.493116689364844,1.3446092393774833,6.5708151062897535,0.18759954356468078,0.07857701914700171
MAC001397,Std,Adversity,0,0.20356408528470457,0.643541283944954,0.13078534075605003,9.746262995871557,0.5988978167087067,3.0729703463693294,0.3580652619484063,0.08362604933219392
MAC001196,Std,Affluent,0,0.23019453260577472,1.3153245271698113,0.28579424831593137,10.93894339698113,1.2351005393543697,6.315559808276577,0.20649812523490735,0.19990947911812765
MAC002976,Std,Adversity,0,0.01609352530541012,0.041769633507853406,0.011849083126662583,0.7646282722513089,0.7960345464630154,3.6244866469936485,0.29700201954856986,0.027158528253437765
MAC000232,Std,Comfortable,0,0.052940094621658884,0.2030741190765492,0.04170048429390896,2.536662211421628,0.7773138665277051,3.8027402522502953,0.3052522280728835,0.013990884843796368
MAC000336,ToU,Affluent,0,0.1617570428436829,0.915116724390244,0.18725633372547693,7.750118467944253,1.1725166937261882,5.934788101982607,0.19939554044482982,0.09727031779637968
MAC005490,Std,Affluent,1,0.3504996775612661,1.1781432730994152,0.23966020654578885,16.801356723391812,0.6767748837800133,3.3601511450286115,0.3110155379800395,0.06278773317398156
MAC005368,ToU,Adversity,0,0.1098179796419763,0.5719391071718538,0.10462507953150703,5.261575101488499,0.8982226843991767,4.79086752522872,0.30086479479571043,0.022291670815820015
MAC004178,Std,Affluent,0,0.2707177516790823,0.8827140386986302,0.1895269076036308,12.963953763698632,0.5595676077523196,2.8659552075443187,0.446430205082222,0.16245342018688333
MAC002638,Std,Adversity,0,0.12258381795587157,0.8112604787425147,0.16602858407374294,5.862872754940119,1.4431379116206533,7.618928459910317,0.15820775099511844,0.12116952873992892
MAC003104,Std,Adversity,0,0.06456660436341731,0.21651755740458017,0.04215064026179779,3.0943709925190848,0.6217695805166027,3.1887749684505327,0.34899411535143643,0.010363004737350313
MAC001298,Std,Adversity,0,0.16432776061243887,0.6992530484756098,0.13831606035679994,7.868216463109755,0.8125448151085042,4.187532566508487,0.2657625282807097,0.048222203724830645
MAC005392,Std,Affluent,0,0.20048254995754328,0.5441156472108842,0.11293097200391337,9.605991837823128,0.5705466728413837,2.72031088659367,0.40991965609265785,0.07915182419323928
MAC004520,Std,Adversity,0,0.030060828126621992,0.13798880597014926,0.028951557508579792,1.441016169154229,0.9576826135448896,4.564394564796706,0.24218254729800462,0.0073810740712982525
MAC000725,ToU,Comfortable,0,0.18776129654076051,0.7781378299120234,0.14879114000055174,8.969266862316713,0.7736174550248756,4.06687375011973,0.2775260023617266,0.05550229644471787
MAC001768,Std,Affluent,1,0.34114428990327544,1.4744542597791797,0.3318941938956244,16.349004735804414,0.9594391238150339,4.351461262115852,0.24326478493400333,0.10274692978129649
MAC005104,Std,Adversity,0,0.06467082776511802,0.10059594383775348,0.016681851973735163,3.0956271450858046,0.255940868881447,1.5249980181024425,0.7115515276697845,0.015324426474889576
MAC004134,Std,Comfortable,0,0.11115354992179195,0.6261236322378715,0.12997317193560032,5.298760564162755,1.0918296473957532,5.494109898558147,0.2209069013162482,0.06587118117230806
MAC005115,Std,Adversity,0,0.15516722729231996,1.0592805101426308,0.21463807324528278,7.308337561806655,1.3651496287842269,6.885465215132579,0.19167776730850888,0.053037759001149785
MAC002790,Std,Affluent,0,0.24410313701824554,0.9497443245083206,0.22173038943800497,11.691037818003029,0.9096181557997437,3.975839127662745,0.27106628901617474,0.07631448843767925
MAC001511,Std,Adversity,0,0.22015979505524866,0.7015416669753087,0.132015496875844,10.516867284413578,0.5919970739993532,3.1620271648435883,0.3369616893736565,0.04079414248915439
MAC000525,ToU,Affluent,1,0.2896783283704192,1.2644431832386365,0.2732409172936993,13.885910513636363,0.9261656810230486,4.31177569914777,0.2509135375847949,0.0821787868478471
MAC003304,Std,Comfortable,0,0.16267699922465328,0.3577175572519084,0.05835190220660956,7.769744274809159,0.5909093705295178,2.876012248985519,0.44487491624803993,0.13753425935856636
MAC001343,ToU,Adversity,0,0.22850542322563652,0.6887905201834863,0.12467593599871224,10.936074924159024,0.5262415003100426,2.983917534112135,0.36793185621701324,0.056747669053279874
MAC001752,Std,Adversity,0,0.23782976403490888,0.6914779176656153,0.1461994695538904,11.168607255205043,0.6280439478064417,2.9582601134424547,0.35920000784668643,0.04259695565357616
MAC001788,Std,Affluent,0,0.09860577892045605,0.5660770684210525,0.11407060105416351,4.719390978007518,1.0906264123361478,5.5269962239706105,0.230028386341253,0.049626949863527975
MAC004402,Std,Affluent,0,0.08916110131996056,0.46393277282913176,0.09833383252003483,4.269985994397758,1.0062285917257847,5.043171777604272,0.3203884100140375,0.061656290078641054
MAC000808,Std,Affluent,1,0.3321081825092277,1.2413091723372782,0.3069748811314796,15.845118344674555,0.9250032675855157,3.7702776250985988,0.30373821026848963,0.2009362614164292
MAC005386,Std,Adversity,1,0.2832033431361672,2.1954488943370167,0.5394239703494224,13.387508289364638,1.8761063636325224,8.091596565933095,0.13106185236157644,0.17266385872336076
MAC005113,Std,Affluent,0,0.1796662693244319,0.4738587124018837,0.15976720519388365,8.614816326216642,0.8689700792319375,2.932941754322573,0.37541106370602306,0.11719636844828393
MAC001356,Std,Comfortable,0,0.08683236687726584,0.46810550428134545,0.08761785405592652,4.160371559327218,0.9541608778239012,5.184418888753804,0.22056026175137802,0.02719801634921972
MAC002099,ToU,Affluent,1,0.3894537798517669,1.4216388475120387,0.3143985151547153,18.68699197897271,0.7798585568401566,3.639823442065453,0.3136111308497867,0.19174410856080323
MAC002685,Std,Adversity,0,0.11290606424261275,0.6295127436281861,0.11317713048264307,5.3942488749625195,0.9499818982101699,5.28358808352053,0.23431290208259142,0.038558847350897006
MAC004720,ToU,Affluent,1,0.34299419288938804,1.95262482467903,0.4410299837411848,16.438757492724687,1.1661347966271354,5.473499277610665,0.2055382522958415,0.32010882882411673
MAC004841,Std,Adversity,0,0.2551523774876459,0.6577402030478955,0.11955932802258377,12.183169810885346,0.4641149269958515,2.5371681311243153,0.4270078687963735,0.03942484946992519
MAC004412,Std,Comfortable,1,0.4816641938423153,0.9206764708683475,0.14566199566564536,23.07996638697479,0.30154932674806756,1.9110169292990165,0.5333422572868864,0.05345442117208407
MAC004844,Std,Comfortable,0,0.14439394392285737,0.8258842248914616,0.16698971875487625,6.918871199276411,1.0959031250425673,5.657671944376875,0.22606243914338298,0.0744786426057111
MAC004232,Std,Adversity,0,0.19267114649001837,0.7727608024691358,0.15313281282456348,9.232108024691358,0.7567385180905972,3.9221044115448525,0.28542958459482365,0.057016189086048726
MAC004973,Std,Affluent,0,0.11922813392597584,0.5784775386023294,0.12924928759594537,5.716660566722128,1.0299307234429886,4.639934160188569,0.269793057389919,0.08053257112956673
MAC000223,Std,Adversity,0,0.12102197167750163,0.2462557601382489,0.04763754165965594,5.8025783403225795,0.37816109133270437,2.130195581270731,0.5521527386451999,0.08813576140251188
MAC000958,Std,Affluent,0,0.10265711849641998,0.45649104447761196,0.0868259834385415,4.917649252686568,0.9718875762528372,5.181467621747012,0.2385019164112443,0.1378589832061424
MAC004162,Std,Affluent,1,0.3269289267331238,1.064955383692308,0.2497885751497629,15.651064614923074,0.785511564216811,3.3819572536835425,0.3345981718631491,0.1477359588570409
MAC001454,Std,Affluent,0,0.086034952954306,0.3376427013071896,0.07240446866244192,4.11167755969499,0.8185417789829251,3.8141517954492534,0.3134985157312739,0.03613962731222106
MAC002991,Std,Adversity,0,0.212400223618973,0.8995297039603961,0.1735864926802389,10.160480198514852,0.809227645952453,4.230636624401855,0.2501022978440085,0.039544309822735955
MAC004054,ToU,Affluent,1,0.5795997910433792,1.9046865701492548,0.4113097348817111,27.777134329850746,0.7088684492929921,3.302948331587121,0.33084628514176323,0.1772568530991523
MAC001404,Std,Affluent,1,0.3584999515028559,2.111783217482516,0.433392326602971,16.882192310839162,1.4354913329368713,7.450463259535093,0.18166132781536254,0.23957513508067496
MAC005169,Std,Comfortable,0,0.09877045178989492,0.5311111118935837,0.1084990043758012,4.716266041940532,1.0051448980950197,5.048375617994971,0.2531912504031532,0.04320812857086631
MAC000735,Std,Adversity,0,0.1551270108587973,0.5661689378746594,0.10735705771549824,7.414381471117165,0.6663333913649688,3.5282649500925505,0.315954861605824,0.032736270947857006
MAC000861,Std,Affluent,0,0.19350576784634507,0.6958696294814815,0.1548470193498622,9.260957036592593,0.785757499322888,3.6032853235247932,0.358792367824306,0.0967803413441356
MAC001585,Std,Comfortable,0,0.1470214117462144,0.6531114541795665,0.12542731541884003,7.039125386377708,0.8122226113582427,4.271256972629275,0.2629810533300904,0.04825459009837847
MAC004527,Std,Affluent,0,0.31335676369836507,0.9806052285180574,0.18117112057612766,15.016109586301368,0.46360495681673364,2.7197995715061194,0.48424568952650465,0.15302661881957327
MAC004187,Std,Adversity,0,0.1852675362024391,1.3514446158461533,0.22366588348885488,8.856616924307692,1.1864002677554806,7.246011017852051,0.1776081946445157,0.06549874333974998
MAC000418,ToU,Affluent,0,0.1122437228568802,0.49966713525280904,0.10615930286686483,5.373387640870786,0.8923316167275036,4.289591154977438,0.2577592707603095,0.11302593585572483
MAC005236,Std,Adversity,0,0.11776027471973094,0.48690079351851845,0.11225061112932803,5.634464285582011,0.9540572667013725,4.130427352748378,0.26038724195290136,0.021654897605982694
MAC001658,ToU,Adversity,0,0.15352561868989223,0.7371105926791279,0.13188058451967924,7.329115265576323,0.8378186439430052,4.647432426475706,0.25353210771302,0.04308629349158936
MAC001496,Std,Adversity,0,0.1611983655947093,0.700211093836672,0.13113024699201947,7.7172080121725735,0.8039735738931814,4.309287957085237,0.2520572644917827,0.03275599170339283
MAC003196,ToU,Affluent,0,0.1769102825082168,0.6904050617088608,0.14214836302209544,8.480620251898735,0.9008525516488112,4.310088052961862,0.26442117461464854,0.07292641901290414
MAC000757,Std,Adversity,0,0.08690579285951319,0.29622613817914834,0.053754187187624855,4.156218796035242,0.48255819369730696,2.8752852673283065,0.4709577287578033,0.04639586738909989
MAC002704,Std,Comfortable,0,0.22236497765758434,0.6828586466165413,0.12545192378303316,10.613231578796993,0.5501279124380456,2.9959143135030337,0.376342483099196,0.04616749931646119
MAC000111,Std,Adversity,0,0.21380097079914345,0.8351693448702102,0.1465859303406887,10.25251174313968,0.6531287045298848,3.7467809537404415,0.31185991133876817,0.05831875600786629
MAC002998,Std,Comfortable,1,0.39371138865482297,1.3775098995049502,0.27911324082611044,18.841264029207924,0.6885004205563164,3.488483882704267,0.3127342432100576,0.12731634345165277
MAC002746,Std,Comfortable,0,0.06861775101213664,0.33480513595166156,0.06396230210205267,3.2651132930513604,0.8834553642061831,4.7795074390430505,0.2529144276977325,0.03377818720477299
MAC001652,Std,Affluent,0,0.12420456871146447,0.715660964385692,0.12820579321458295,5.939334370451012,0.9783754395117935,5.54010775079321,0.21755177068537315,0.03610434538980531
MAC002239,Std,Comfortable,0,0.16368405719489101,0.5310426470588236,0.12316083854314737,7.815404411764707,0.7403806547444136,3.2620555391419863,0.33067984744620676,0.05055580936772462
MAC000152,Std,Affluent,0,0.19395303655741394,0.8166991566787004,0.17593809845027472,9.294748494344164,0.8182509454018337,3.9153307119059795,0.316763729992089,0.09794322002943433
MAC002840,Std,Adversity,1,0.34354602269922546,1.9039497710806703,0.38247570892140553,16.443678838660578,1.1570529438437656,5.845481462084717,0.19771767578681385,0.12136462460593511
MAC001425,Std,Affluent,1,0.3544481245565103,1.3420137817764166,0.2953494283313877,16.981451757427255,0.8045667109873823,3.7565040529548828,0.28309508641352626,0.11513620437707699
MAC001845,Std,Adversity,0,0.11652997909866095,0.5019968398104266,0.09856042349722058,5.566570299368091,0.8050911882850555,4.085756842878537,0.302383986276658,0.05018767495054191
MAC003396,ToU,Adversity,0,0.17068327615176238,0.7804596142307689,0.14753587489100273,8.085609611923077,0.8010788104933161,4.348713601458627,0.26655277054263127,0.06642423733333726
MAC004734,Std,Adversity,0,0.291363243611468,0.8428912729613732,0.180858090172796,13.956183118025756,0.613020384499346,2.875438455757109,0.36827484166346125,0.06357221058415609
MAC000328,ToU,Comfortable,0,0.09115349657973418,0.44541460055096416,0.08706556246722091,4.368122589393941,0.9264672213772881,4.815408384068143,0.23351824949917263,0.030303909574171096
MAC001035,Std,Adversity,0,0.12502661502826623,0.4853877244011976,0.09664328321209142,5.957399700449104,0.7423684238384198,3.7942794496734322,0.2963653461253629,0.04100124112553414
MAC000683,ToU,Adversity,0,0.15270264724078894,0.7925519765739385,0.15814737132627252,7.297455343923865,1.0021992651355236,5.155446352324781,0.21369334838239035,0.04485532344561205
MAC004558,Std,Adversity,1,0.35230450461025203,2.5941030902061852,0.48839500715303835,16.891766324226808,1.3494785991102818,7.214685638632718,0.16105767120464448,0.07293692913687413
MAC005174,Std,Comfortable,0,0.16071568613235118,0.35920657276995305,0.07264423455757989,7.694948356807513,0.46035642905748847,2.2461165480494603,0.47175814802656185,0.02595481635082537
MAC003063,Std,Affluent,0,0.1898816695885866,0.7888795740853657,0.17180214510112843,9.079332317682926,0.878525631083171,4.140722320035368,0.2712332793013001,0.06993961918634353
MAC002466,Std,Comfortable,0,0.2349378208390732,1.030649700598803,0.21311364882008593,11.22308682649701,0.8863478721497223,4.348244366732548,0.24811391077785355,0.06986487613072499
MAC003467,ToU,Adversity,0,0.17278098172644069,0.6422330099029128,0.13396304656480704,8.281951456504853,0.7954261009068552,3.841856276351888,0.2942302597230732,0.054648216066551264
MAC002401,Std,Comfortable,1,0.33734443421704535,1.0956453061102835,0.23306717647945294,16.12940834426229,0.6809665302600189,3.288911972619456,0.3283777961892225,0.12818738129002655
MAC004419,ToU,Adversity,0,0.2348030891763999,0.9994229701680674,0.16698939850911274,11.249002801540614,0.6758617157091212,4.1219206262362516,0.2896543740043777,0.05992408316232018
MAC000439,ToU,Comfortable,0,0.25893165027836385,1.4290590725738401,0.24847690753333737,12.388744023488046,0.9529249607154022,5.489361338045367,0.20015720280290447,0.042929394939501764
MAC003897,ToU,Comfortable,0,0.16272107406446407,0.35200000000000004,0.0677875591334858,7.775101626016263,0.4162515535353553,2.1537272183760163,0.49225112806731397,0.0266918483240239
MAC000606,Std,Affluent,0,0.19561469797805,0.5797060699680512,0.10611444108082997,9.341463259424923,0.5204169520991838,2.8723287223585237,0.39034653907830685,0.06135959342856983
MAC002390,Std,Affluent,0,0.10537328686295046,0.4069642324888227,0.08649861245124976,5.039415797317436,0.8318220268293038,3.9509316912917747,0.2814596975631525,0.028514552126628335
MAC004854,Std,Affluent,0,0.13216996550738144,0.5203132530120481,0.15411602324868046,6.265448193253011,1.1710384042665465,5.611654196290072,0.29133258121767747,0.17898092269870922
MAC000539,Std,Comfortable,0,0.037844502046770714,0.1457727930535456,0.027502981939627774,1.8144240231548479,0.8260046092265543,4.341895268648959,0.30102847291617457,0.01555490853470261
MAC005182,Std,Affluent,0,0.08384694754608495,0.3217092105263158,0.053393343347029394,4.01641052631579,0.6206436943317856,3.720642526334826,0.3142082034146381,0.020088015712055002
MAC001090,Std,Comfortable,0,0.24687744762182703,0.9931463052790345,0.20242452398413505,11.837760180241329,0.8049831578106836,4.013378440926474,0.26566809893391974,0.05266435925791364
MAC003168,Std,Adversity,0,0.22784688128018762,0.9645391466192171,0.23102523589176752,10.914418149822062,1.0010212318115694,4.256455222038942,0.24599027321806932,0.06268065885847418
MAC001489,Std,Adversity,0,0.12636678813383306,0.37397226502311237,0.08269045991849226,6.035411402157166,0.6576630676592485,2.9950859697872634,0.3538667259711625,0.024454889522903905
MAC001372,ToU,Comfortable,0,0.03329223693704318,0.12117278256880727,0.027909852372576486,1.5931544339449542,0.9028795715396926,3.841139819189905,0.3228146344345718,0.023343121390681638
MAC005091,ToU,Affluent,1,0.6314511999549222,1.8830155978159127,0.43165889088157927,30.255822140717637,0.6607374541438069,2.9736738550654915,0.3713380816918081,0.23224548085285138
MAC005329,Std,Affluent,0,0.27225860438344573,0.9459946087601078,0.1999421547271488,13.050818059164424,0.7299246935239102,3.522141770578587,0.3122132923409549,0.0954130342754899
MAC005238,Std,Affluent,0,0.26212017976404917,1.0929656079365075,0.21474795745040628,12.493875659126983,0.7997910918057949,4.061172003592135,0.28561561340555497,0.08225375870115215
MAC000089,Std,Comfortable,0,0.14925485748737596,0.6360591130541872,0.14199937150653766,7.150321428817734,0.8868246817158032,4.098058956678382,0.3043517969283649,0.07905820372529604
MAC002727,Std,Affluent,0,0.2261949321631354,0.8739375942161339,0.18610060542597995,10.692902585083715,0.772243442687739,3.714791490622689,0.32813118628687,0.09755770570213818
MAC004238,Std,Affluent,0,0.11709822328350915,0.5903024691358024,0.11115017177627322,5.563259259413581,0.9053983538481367,4.810884759070797,0.25028517022856717,0.04427687478101508
MAC002864,ToU,Affluent,1,0.4134060820929373,1.2922999993939397,0.19702038448411519,19.706074240909096,0.46556487649502315,3.0364322566203565,0.41505575510263304,0.09069065755435199
MAC002160,Std,Affluent,0,0.12559787568732655,0.5934306443548388,0.1227046189129549,6.02107903129032,1.1064042623749504,5.324509946579087,0.2483700173647494,0.10343793891994245
MAC001036,Std,Comfortable,1,0.7942502547735311,2.116793410329341,0.4131791881358791,38.0235239504491,0.5081561451563781,2.6463443625322065,0.39321278746621324,0.1618726984227347
MAC000156,Std,Comfortable,0,0.23838624266467387,0.6368929008423585,0.12121217790243101,11.422108303971122,0.5013703349889668,2.646858634204556,0.4013786592922263,0.03667209058303071
MAC001279,ToU,Affluent,0,0.17457148854355656,0.5992899227906975,0.11862011377986198,8.353175194108529,0.6272251061589642,3.2307337580234154,0.35920225847276793,0.054815910565069736
MAC005260,Std,Adversity,0,0.10536425512766766,0.36613262599469504,0.07432794097279222,5.042876657824933,0.6934417564013949,3.4020677989434276,0.3320541576871523,0.017465466628564717
MAC003883,Std,Adversity,0,0.08047028746952284,0.3003813389452332,0.06155323984359878,3.848182555983773,0.7494334966011285,3.6277521694327044,0.3089739134215541,0.016833777272453554
MAC005150,ToU,Comfortable,0,0.23839687040111643,1.5951064158059467,0.2965066721762585,11.399964004381845,1.2381046849353485,6.666950703768583,0.17421630459749896,0.06725929800037168
MAC005293,Std,Affluent,1,0.3063279270679087,1.2606715595460616,0.30977381001554244,14.677544723230982,1.039718064860125,4.394577575697159,0.24228844415999973,0.14617569994316654
MAC002926,ToU,Adversity,0,0.08688409214654153,0.48206801032745605,0.08614661547127865,4.1492770780856425,0.8723529720040644,4.985125392469495,0.2659573558351168,0.03785789404690076
MAC003367,Std,Comfortable,0,0.08101967408794607,0.43532437619961617,0.092306905573921,3.8824529750479853,1.1245398979935068,5.452414172504771,0.20747128229748638,0.031174652215448826
MAC000824,Std,Comfortable,0,0.20040252803685424,1.3107233733727812,0.27295695653742735,9.600294380917163,1.3900804247977374,6.776424546751743,0.1654229940766676,0.053853075575995
MAC002943,Std,Affluent,0,0.18351978847901085,0.7642033064462808,0.17014255949927437,8.784927272396695,0.8916760287913494,3.989645179294357,0.28465912111058117,0.08802792674370163
MAC003302,Std,Comfortable,1,0.4292411338990366,1.8494904555343517,0.4187174656769291,20.51325763339695,0.9941451914587415,4.49509856337828,0.2402158426307519,0.14905821925182652
MAC003156,ToU,Affluent,0,0.010712482975825674,0.1052191011235955,0.02599750489894242,0.5141460674157304,1.552014304564194,7.686320656703523,0.21247248565735596,0.031591814999799205
MAC001926,Std,Comfortable,0,0.28961692304668485,0.9919761926984125,0.17356955569803664,13.846076193174609,0.5889096924372684,3.4014542055129424,0.3380864525222809,0.07669318390439597
MAC004512,Std,Affluent,0,0.14567786316373477,0.661766169154229,0.13055683687457378,6.966648010820897,0.8830398523599902,4.569586864508054,0.26302520499685417,0.04839221542778871
MAC000756,Std,Affluent,0,0.17885959774928267,0.3766989720998532,0.07322973724297376,8.563790014684287,0.44621848419286714,2.3785635291561467,0.4767100029190206,0.07246972048970857
MAC002209,Std,Adversity,0,0.22080117662916224,0.6418680783387622,0.12601356000155145,10.561309446416937,0.5738020840241065,2.9028464085872736,0.3812740051040345,0.051552130250032725
MAC005255,ToU,Affluent,0,0.31569620958405664,0.9657015919098145,0.2027278921728161,15.127785147877985,0.6460761343298864,3.0913968480697185,0.33825024569732637,0.07105691616901276
MAC001550,Std,Adversity,0,0.2737596170188535,1.0169167953775033,0.17379140234666743,13.07716949167951,0.695096097332312,3.604024067356831,0.47204880976404184,0.3091590603849011
MAC005379,Std,Comfortable,0,0.13163625537744172,0.7940569078590788,0.15044640978952828,6.309800809078592,1.0706284520954314,5.749551567022529,0.20822464109501423,0.04941285989848728
MAC002713,ToU,Affluent,0,0.16723421237016353,0.6089276018099549,0.13028401202621528,8.001779788838615,0.7462752960341248,3.5398263994687924,0.31408380720527174,0.04712323277685855
MAC005383,Std,Affluent,0,0.11225879363505853,0.2780379403794037,0.05662508247387971,5.370983739837398,0.48674810378749905,2.429871369531454,0.4514879839820436,0.022687126570814765
MAC000859,ToU,Comfortable,0,0.09731820888066607,0.3342681481481481,0.06974951195486309,4.6595022222222235,0.7173557709088438,3.449323216560106,0.3067814637196641,0.022851600891740893
MAC000463,Std,Affluent,1,0.4434104062598143,1.6601634746086955,0.3795765607533837,21.248133906434784,0.7925141629566201,3.5783005337985663,0.3356042262157909,0.18047946776296303
MAC004293,Std,Adversity,0,0.09873731105105524,0.6678166011583012,0.11310138487998976,4.73485521042471,1.1034445705054823,6.5066494329151805,0.2485235861545693,0.05066121532194058
MAC002164,ToU,Affluent,1,0.2938097968287682,1.185703225806452,0.26666823686613317,14.084069357903221,0.9061143043538569,4.19820536481962,0.25944041191491635,0.12353278224933062
MAC002519,Std,Affluent,0,0.20361568278637265,1.5879401011647256,0.3595494624780889,9.768510815307819,1.8084760598608576,8.142584443392659,0.1316314923008868,0.05840339311577574
MAC000645,Std,Adversity,0,0.0852189194220451,0.5558720931686049,0.10489370389756526,4.08545930247093,1.15641375799416,6.17012941313958,0.2114521488578742,0.028712770445740717
MAC002430,Std,Comfortable,0,0.07241958392273565,0.43201192235469454,0.09876007258221461,3.466354694336811,1.1861450874921249,5.471466823872583,0.2172979182226229,0.03894135146630191
MAC000207,Std,Adversity,1,0.31299009824532936,1.1636654535757576,0.24880147031434213,14.98123999939394,0.7575175648468938,3.6345783605170188,0.3060858399283737,0.10722969547530951
MAC000147,ToU,Comfortable,0,0.13770612976191998,0.6405330929001204,0.11570049590825336,6.604387485679902,0.8079072982126556,4.514695133695305,0.2718048913319609,0.03511918923164812
MAC001144,Std,Affluent,0,0.16611649937126835,0.9309999978851963,0.18115272446019332,7.934776432930514,1.0744564018338307,5.63508907219252,0.19601352762468957,0.041235494200322846
MAC005513,Std,Adversity,1,0.43918200541758234,1.6447446138461537,0.3210098410323203,20.991596919384612,0.7186107031208749,3.7786492879991433,0.2855356014171572,0.1282693302549102
MAC005384,ToU,Affluent,0,0.1699467584844007,0.5997325896935933,0.12039461959685782,8.138325904317549,0.7734835899971629,3.762573185243958,0.3007982758651176,0.08237484621527638
MAC000996,Std,Comfortable,0,0.29795468176926915,0.8832008980509742,0.1821292450375228,14.25775261964018,0.5709743187829056,2.8648088572853947,0.37574696900499677,0.09044030234315224
MAC001531,Std,Comfortable,0,0.21403573489240132,0.8249614802773497,0.13578812749050378,10.257383668104778,0.6181391776456406,3.7527825364474316,0.31206645536266986,0.028161517256086604
MAC004614,Std,Affluent,0,0.2325157838265802,1.2020617692821367,0.28203860525089575,10.981834724707845,1.1237320890139708,5.135500741330683,0.2599264488092205,0.15898520733703414
MAC004448,ToU,Affluent,0,0.14129498764127002,0.7188050479663394,0.13169049644170636,6.763591864936886,0.8927786009021061,4.912447683149058,0.23937735070252328,0.039646120058905374
MAC004469,Std,Adversity,1,0.6040748034859407,2.4905229242874842,0.6402554699323967,28.806359358116485,1.102411709548298,4.385080361292966,0.24005444567271297,0.24162740091511511
MAC000090,Std,Adversity,1,0.3386962396397237,1.6050985243842362,0.3497225140221613,16.236899012192115,1.1165093085126203,5.466858103311997,0.20918655132179292,0.14393388367625248
MAC002133,Std,Affluent,0,0.07024445227049474,0.41517202620578786,0.07619428915785606,3.353635048713827,1.04663134913763,5.649580282658833,0.21496867329994665,0.021773743239952105
MAC003171,Std,Comfortable,0,0.25928760944967655,0.8070298498134333,0.19797665168430556,12.394356341231344,0.7794974027221191,3.3111849533086115,0.34905818252985144,0.12936206216083324
MAC002525,Std,Affluent,0,0.1455713126839581,0.587920132279534,0.1234939159677523,6.972307819301168,0.8401430812780876,3.9748920789632236,0.28001730391181534,0.03535853782720565
MAC002686,ToU,Affluent,0,0.2052495095724744,0.8011049490254869,0.1780227555365063,9.750845578110944,0.7945055678416063,3.860969895266629,0.30368051282421843,0.12765342899789103
MAC001487,ToU,Affluent,0,0.04891088563600166,0.31665947596302,0.05681180207813229,2.3363836670261944,1.0776565992284968,5.888426045275625,0.22665553283002735,0.014615693416860883
MAC000441,Std,Affluent,0,0.21443532799286288,0.6636413506329114,0.16514860716530605,10.267285515330519,0.755287101391619,3.3441399010572597,0.3481814148250359,0.1545558543875392
MAC005563,Std,Adversity,0,0.1602916666666667,0.674,0.12930789408087665,7.6800000000000015,0.7818634844397059,3.681620839363242,0.2646329365079365,0.0
MAC003717,Std,Comfortable,1,0.49522205051455065,2.0834491035928138,0.547880298514159,23.73057086047904,1.218803504096412,5.351790114100392,0.25483555738164987,0.32036680318056654
MAC005052,Std,Adversity,1,0.4166491906242406,1.1709096580996883,0.293044497374247,19.88316510700935,0.7076607245671721,2.852022510334636,0.36407949857500793,0.09034799640576986
MAC002648,Std,Affluent,1,0.3000044780891388,1.3016701399305552,0.286617707159326,14.337633683506946,0.918560246644364,4.301401041267827,0.2610194555255052,0.11436618686483772
MAC001493,Std,Adversity,0,0.2064634529021052,0.946463790292758,0.18240981005963913,9.87651155577812,0.8451824187410676,4.477033716284603,0.25583738500648573,0.07169192083760591
MAC005126,Std,Comfortable,0,0.17918533191280864,0.7012281245312499,0.1348029142912679,8.572828124374999,0.7579646480238421,3.922027372530601,0.27696546963768703,0.030231600013625334
MAC003049,ToU,Adversity,0,0.12241985506514116,0.5161783538109755,0.11508834109169429,5.867964939176828,0.9167422699894914,4.155675828011182,0.27173349389350715,0.03161331633935752
MAC003614,Std,Comfortable,1,0.25334057200573684,1.4491282013806708,0.2920158212221178,12.123047329783036,1.1688998503212717,6.019380392612828,0.2074828900164875,0.21229463994107606
MAC000182,Std,Affluent,0,0.12655698810814173,0.7785902969002696,0.1447774885288144,6.067025607547168,1.115143502668955,6.17645240026657,0.18439692575035985,0.04864706918379529
MAC004089,Std,Adversity,0,0.1417598583205717,0.5813139347626343,0.10546512061272355,6.795042877794792,0.7212884570406131,3.9556352566791344,0.32167935190349534,0.04240159208714787
MAC002889,Std,Comfortable,0,0.10732084862452025,0.5840741352553541,0.10372613903016682,5.139685338550247,0.9082986780351106,5.257309626416567,0.24330749511745647,0.03315482295920782
MAC002761,Std,Affluent,0,0.027497216102292634,0.07549016641452345,0.017233971727456162,1.31589258698941,0.5511827701149049,2.490755745131826,0.5190960986911204,0.013332539499774747
MAC003881,Std,Comfortable,1,0.49013040085232085,1.078584178498986,0.2999731377074426,23.48053348539554,0.8102728549869596,3.185383210349836,0.44466763639122275,0.465842686839588
MAC004940,Std,Affluent,0,0.15685471509681906,0.8688730585492226,0.1468015757640035,7.512011658678754,0.9055612561060011,5.379651828949064,0.25187142953008823,0.045662220813791475
MAC002062,Std,Comfortable,1,0.3340384023407286,1.6166948853035146,0.35411872755285745,15.999298716453671,1.0615453990096397,4.923493696475175,0.21276314517955686,0.06757988958301567
MAC004404,Std,Affluent,0,0.12533096588824363,0.6010350135854343,0.13114963648442035,6.000530811904762,0.9334084875121166,4.525800106481935,0.29421857411267266,0.07701658518816766
MAC002328,Std,Adversity,0,0.03623437869385345,0.22262500000000002,0.042895201864971914,1.7320083333333338,1.05718915403535,5.1280440625727,0.29824037834679995,0.0176173540354834
MAC005330,Std,Comfortable,0,0.1377958564784596,0.6844110513477089,0.1428491919277909,6.601319407142858,0.9975015491076048,4.944374632085104,0.2354634281267327,0.05024177005885634
MAC001208,Std,Comfortable,0,0.08932058029668317,0.4804946901365707,0.08743894614711376,4.274936267374811,0.8252908969990667,4.878414111498165,0.3093960321207798,0.051112252973394556
MAC003937,Std,Comfortable,0,0.17937059595671415,0.7739603307438018,0.17277480393760852,8.564925620165292,0.9367576617620403,4.231025821967888,0.2786805474280206,0.07139203125778065
MAC002199,ToU,Affluent,0,0.22378293451136366,0.7327121956097561,0.18170679927570846,10.705009751707317,0.6833422838437422,2.9608228253949074,0.37436808268513977,0.1329526699819786
MAC004332,Std,Affluent,0,0.20772575014566738,1.6210264239221144,0.30245846588288366,9.953791374130738,1.3690793324660624,7.351876420100576,0.15882866362532727,0.0723245361586756
MAC003447,Std,Comfortable,0,0.06998344342352829,0.286734496124031,0.06689193665479938,3.3510678294573633,0.9390081954482739,4.019374791739594,0.2730089015590644,0.015908378403911298
MAC001712,ToU,Affluent,0,0.1470193356464288,0.5770650878698226,0.10104289681328948,7.0237988147929,0.6392946413960198,3.773051258890394,0.32762755381320313,0.061797092603429145
MAC000517,Std,Affluent,0,0.1051838490073362,0.4914327226299692,0.10285614288937792,5.028010704587156,0.9591467719597213,4.465600268382345,0.28126119866287264,0.07139895685026315
MAC001877,Std,Comfortable,0,0.17523904854158942,0.5213803488114104,0.09889033409441865,8.363052298098257,0.5581173243849896,2.961410500117527,0.3588699373631691,0.024449926608626885
MAC005192,Std,Affluent,0,0.12633256730589768,0.40529999999999994,0.06787866612480041,6.051831578947371,0.5252198048021851,3.1099878108994554,0.38930145723751103,0.02488563273960444
MAC000864,Std,Affluent,0,0.16639957204417266,0.43402818991097936,0.08608753769153578,7.9396557863501505,0.5153041427400593,2.592864226082929,0.4109210628028615,0.026647661448403647
MAC003031,Std,Adversity,0,0.01674049636080359,0.0866996951219512,0.022356529605735434,0.7985060975609757,1.383241834997089,5.55245734468304,0.19500004952818137,0.006373139547750157
MAC002533,ToU,Affluent,0,0.17236132232154444,0.7425557410981696,0.13828852681318798,8.246008320798671,0.769162445050645,4.131341846331754,0.27399698368297154,0.044383200421704884
MAC005184,ToU,Affluent,1,0.4521611560804117,1.5885789492105262,0.3284807938043577,21.679976315789478,0.7077363377890741,3.490652893631272,0.3156646115349914,0.14736594940369271
MAC005231,Std,Affluent,0,0.061626744770793454,0.4212923283068784,0.07650700959824716,2.9496957674603173,1.1637319504519212,6.3703665352586025,0.20518063663613637,0.022710757266495008
MAC001843,Std,Affluent,1,0.3752916219800107,1.4312998397129184,0.2834329287629754,17.631291862679426,0.7293196817198145,3.7085121775960483,0.3321814642181441,0.11540957483198988
MAC003091,Std,Comfortable,0,0.16094271611814637,0.5606162067278286,0.11282826596041977,7.703996941437308,0.6814576392990456,3.3570791359224588,0.35401888432855483,0.03841782295205856
MAC000620,ToU,Comfortable,0,0.12279303666912222,0.7005915691860465,0.13015621682383124,5.849936046220932,1.045448584007069,5.688063572924694,0.20249667746037067,0.030950039837571663
MAC000178,Std,Adversity,0,0.23776298542283789,1.0720591789855072,0.20003043208035426,11.397123188647342,0.830996383519466,4.402337258693508,0.2908289958101317,0.07006372010219483
MAC003465,Std,Affluent,0,0.0784835962742718,0.933671843883495,0.17310754725787403,3.763499028932038,2.2408716816695904,12.294150545637267,0.08763578929185865,0.028891737372923526
MAC004787,Std,Adversity,0,0.1886678566867734,0.5976771885222381,0.09678431549674188,9.035975610329986,0.4877284028996199,3.0298154035428997,0.40504647318816256,0.033656259426033196
MAC002017,ToU,Affluent,0,0.08870009814023856,0.4194096001599999,0.08860975783005991,4.242531200479999,0.7945122655812616,3.9531673616675964,0.31788781879269623,0.045852309958996744
MAC003644,Std,Adversity,0,0.2472102443232158,0.8963853733201582,0.18197186281148967,11.808185768379447,0.7331706752687084,3.6224415504922542,0.2923470765591523,0.056655224088469784
MAC002115,Std,Comfortable,0,0.22784034905126171,1.3005160795819932,0.23636241776766156,10.907964632958198,1.0181478359613456,5.627625277577402,0.206176296808034,0.06447935467524053
MAC002494,Std,Affluent,0,0.25395561790199417,0.9423399683250411,0.20113809602481103,12.146349917578773,0.8343584181606638,3.984039239733269,0.2907632344117007,0.12468512969593423
MAC000498,Std,Comfortable,0,0.30059668686731505,1.1331784668555243,0.20578771896175127,14.413351270396594,0.6439404625051053,3.53115958889221,0.36096118935273974,0.07287963679359331
MAC001206,ToU,Affluent,0,0.10364668802762309,0.4363338391502275,0.08267536314616843,4.959678300455234,0.7208280732715064,3.8566265205787675,0.3537455716070191,0.042870524371497826
MAC000865,Std,Adversity,0,0.16752680335709316,0.7925240170305679,0.1514584553327156,7.997401745414848,0.8598641189906655,4.579201318190798,0.2590073023791875,0.052154775101592964
MAC002620,Std,Affluent,0,0.3273287664844716,0.8972185618263475,0.17548237101249894,15.66748951946108,0.5235853487004741,2.7196931351981632,0.38083734761051447,0.0673948563990635
MAC003793,Std,Adversity,0,0.18048489599668163,1.0303004008064514,0.18146742466473778,8.615747981653227,1.020432190258607,5.862976472662025,0.18454013515114265,0.03311689423765463
MAC004818,ToU,Adversity,0,0.16811864111320735,0.45859339080459777,0.09543726943368579,8.05482471264368,0.5676783505517637,2.7301946717954264,0.38464710296772503,0.020484099178359867
MAC002597,Std,Affluent,0,0.06275417636625671,0.760571429166667,0.14204816580205729,2.9939503996031736,1.7557958766700188,9.610261369742158,0.1934085614884591,0.04171943396063366
MAC002794,ToU,Comfortable,0,0.30050824369839635,0.8517231468986386,0.14460888608396372,14.356175491376698,0.4675381214521669,2.787111219144397,0.3887354678941398,0.05254874668203504
MAC005019,Std,Adversity,0,0.16527850807955993,0.7200353840000001,0.15065660989333457,7.914515384000001,0.8327100534872365,4.134119987397634,0.2793435696726164,0.06561477033904316
MAC001257,Std,Adversity,0,0.07483765174436625,0.2855890410958905,0.05729403032066684,3.585578386605784,0.7836327952356781,3.8167180780213164,0.3029353410879548,0.029852627173337403
MAC002037,Std,Comfortable,1,0.33560313992399404,1.3908354605431312,0.3041555186816222,16.098498401757187,0.8864162497268642,4.1461462949168775,0.26158751039755035,0.10176404766928025
MAC005163,Std,Adversity,0,0.1527331824790497,0.78604062484375,0.17792488507936408,7.312043749531249,1.144098627137399,5.290187278426151,0.22124867507525164,0.08727243530436082
MAC001499,Std,Affluent,0,0.2105187197434306,0.9501725724191062,0.20803677746149668,10.088734975192601,0.8866282633342841,4.159751998850792,0.3098499874453973,0.16896035618402283
MAC003830,Std,Comfortable,0,0.08072226063315144,0.2674707070707071,0.04459180267482231,3.8579131313131327,0.5366168017347064,3.215564122856106,0.3579548984499682,0.012629938976127452
MAC003390,ToU,Adversity,0,0.110256399978462,0.5722980778846154,0.12015244436054309,5.279442308076922,0.9806938624112782,5.273723697056726,0.24781262824873107,0.06868829914698676
MAC001152,Std,Affluent,0,0.22721365565145224,1.1345317234138967,0.2694130186626138,10.819306647129908,1.2698052241295592,5.903612958977957,0.21056753251679666,0.18149863851635667
MAC001285,ToU,Adversity,0,0.10515680425302525,0.47523287701674266,0.09740957383767253,5.01066057869102,0.92761134409578,4.5420310423513595,0.2437680135040719,0.03223885550912119
MAC000713,Std,Affluent,0,0.2483667656056787,0.977318181671554,0.2011395416885605,11.886079178005868,0.7845259574162375,3.9488205613957352,0.30312742720608676,0.11275298775191207
MAC005436,Std,Adversity,0,0.13064355778417375,0.6197933036390101,0.11261559919391519,6.252593886171761,0.8157358009446142,4.592341479938959,0.2604177456761432,0.04350837863772093
MAC004766,Std,Comfortable,0,0.2251391868596055,0.9379871073065902,0.20684793393867631,10.764303726934095,0.9063590106087546,4.1369766669142685,0.2575301242181897,0.07129153286263079
MAC003147,Std,Affluent,1,0.50081334757589,1.8768053704697987,0.47140090406228213,24.01349328036913,1.0706388549083097,4.309552385025104,0.2642968260230801,0.22452404665561881
MAC003628,Std,Adversity,0,0.2525399814009738,0.9282643,0.15628441850927946,12.08284023550296,0.6215755053212507,3.717871310065818,0.30047257255064835,0.06558850455601678
MAC001643,Std,Adversity,1,0.30239468751176685,1.2217573878693624,0.25102487253091027,14.45893623639191,0.8680751184311807,4.288729939576491,0.26341348612014165,0.13084095895094897
MAC002258,Std,Adversity,0,0.023508738398692122,0.28726253643067856,0.04870094979648873,1.1228805305309733,1.9354717196606115,10.967424366848341,0.1384302465787092,0.01252022372774857
MAC003746,Std,Affluent,1,0.9480897343922736,2.481969996399999,0.5527406931270505,45.3230439922,0.5709307525295907,2.6341126049436627,0.40501806497541554,0.4014464099950571
MAC002023,Std,Adversity,0,0.2583667895157576,1.2059771233660128,0.28147631412303026,12.374094771732029,1.0719785958460109,4.728782922529802,0.23696747928463688,0.10717692499666934
MAC002692,ToU,Comfortable,0,0.17084071396090517,0.843062968965517,0.18344178093127772,8.18668066011994,1.037955894701459,4.867980391302135,0.22919201233235476,0.06472506008767871
MAC002139,Std,Adversity,0,0.14667987232236812,2.124426040836013,0.3339486674772178,7.03238423794212,2.2066046044241263,14.09339292454661,0.1146757897405683,0.05011562697980733
MAC000911,Std,Adversity,0,0.19766575475019332,0.7999569080237743,0.16811604590590765,9.44656463566122,0.8129210681675352,3.9214923908159514,0.28726484391283535,0.06110549788432379
MAC000971,Std,Adversity,0,0.05624028935594741,0.3072776120895523,0.05820272513000741,2.687128358358209,0.9516450527020143,4.917563265825055,0.2499543674486393,0.026533782445403806
MAC001891,Std,Comfortable,0,0.22286422355622382,0.8854849443740095,0.17443099434864595,10.630472266719496,0.7568181523068671,3.8865920119997646,0.28713158990044135,0.061950707270414594
MAC002106,ToU,Affluent,0,0.2614711858221486,0.8490369187800964,0.151909370145856,12.534573034349918,0.5685550082969,3.2010987534755464,0.3448657134003807,0.05202316401065461
MAC002358,Std,Affluent,0,0.24724349907118764,0.7207789311572702,0.14585092983493617,11.757882790949553,0.5316707399226246,2.984248040901631,0.39143176420838116,0.1592702300026697
MAC000892,Std,Affluent,1,0.47137623915692906,1.4009614224035611,0.302424977969614,22.514235900593476,0.6561628354336679,3.0700604325309304,0.35791391780144055,0.22361142661302577
MAC004687,ToU,Affluent,0,0.07532076884741382,0.7517688435510888,0.1545018434026883,3.599936346566165,1.7746287710009412,9.28306259377234,0.15353681493282612,0.05661510820684184
MAC003201,ToU,Affluent,0,0.2261293900141295,1.1212209715355805,0.22752032290014193,10.836153552059926,0.9820742190580048,4.928087710361166,0.21939984218405237,0.07684253102999329
MAC001900,Std,Comfortable,0,0.14891133887471117,0.6446487330696202,0.15920574083448902,7.122613923417719,0.9984103347288575,4.357941070106392,0.26743560816776357,0.08991890120446272
MAC004228,Std,Adversity,0,0.22726819654012945,0.996662036882716,0.2102390457125605,10.830896606790125,0.9211375816551192,4.396870847687249,0.24790535549414597,0.06323350423826586
MAC004114,Std,Comfortable,0,0.20198939300951796,0.7084831283742333,0.1557055597760442,9.686193251073622,0.7665345672471762,3.4732683805307443,0.31275398636107304,0.03791940958425952
MAC001811,Std,Adversity,0,0.25890829048452035,0.6767397468454259,0.19103289807228288,12.375033125867507,0.7565099120205593,2.8838323417812424,0.37848052333027826,0.15287556252173015
MAC003015,Std,Adversity,0,0.1510831031525591,0.7490411597560976,0.16399402316320666,7.246333842530486,1.0815677618385346,5.088053843608709,0.21368511760944486,0.05344706135914791
MAC004584,Std,Affluent,0,0.06718556414202237,0.2686918238993711,0.053545562967188765,3.221246540880503,0.7810156075322893,3.995565512575496,0.27086550319244324,0.019368571761066992
MAC004636,Std,Comfortable,1,0.9134902062583194,1.8569197301003346,0.352940270155155,43.77299163143814,0.43682437373493344,2.1956017407784563,0.4814837011377653,0.3947542654404647
MAC003413,Std,Adversity,0,0.3063725229278493,1.0511547386847193,0.21605809659477915,14.65290909110252,0.7048184559676277,3.4434487725875265,0.3049191321658379,0.04583126240966774
MAC002784,Std,Affluent,0,0.16019829469830144,1.1377655090771561,0.21783548909795122,7.638871407110442,1.3272441427616375,7.186699219185291,0.17306577604048537,0.07016414523803133
MAC003300,Std,Adversity,1,0.3979611508577956,1.1877499984732824,0.26147279844417715,19.025694656297702,0.65067126931344,2.9815321163967052,0.34862721314116973,0.07728565382707922
MAC003797,Std,Adversity,0,0.05879144414178678,0.42870967741935495,0.07856756140727868,2.815739919354839,1.329497615682034,7.312777520083338,0.1584042558456359,0.020359661927096845
MAC002536,ToU,Affluent,0,0.20551679538919082,0.8880698836938438,0.18520826678463162,9.789369384692183,0.8715881786889492,4.262928722955256,0.274041783727778,0.07569145253046027
MAC005247,Std,Comfortable,0,0.2818816697256003,0.9337232267037553,0.19236433121483912,13.509029206815018,0.6910755603604903,3.430945427245464,0.3264783640086821,0.09692270160991631
MAC004076,ToU,Adversity,1,0.3916189807448,1.2480030638591113,0.2738165467232018,18.760823892036758,0.6897415376124469,3.160469213829133,0.34143732660462134,0.08653537083873042
MAC004801,Std,Comfortable,0,0.1187239692068249,0.3826685796269727,0.0947456019556033,5.6864447632711626,0.7743029891267111,3.1979581820202228,0.3311416201244218,0.03634851801751157
MAC003249,Std,Adversity,1,0.32510490304800316,1.1293264177358489,0.23012755887482317,15.572186796981136,0.7142428833450497,3.4867178792766986,0.3006055950134387,0.08496986117828165
MAC005081,Std,Comfortable,0,0.24282873418217046,0.7458627140405618,0.1375489871779398,11.636371294383771,0.5553489351272001,3.0312284692259643,0.35237689881839573,0.04685317786141672
MAC000201,Std,Comfortable,0,0.18298026740336235,0.8406387873939392,0.15976983035064943,8.773866665818185,0.8596332108329898,4.55486270824095,0.239368095824178,0.04220839184634763
MAC000549,ToU,Adversity,0,0.07368949649736944,0.4472057971014492,0.08071092367131584,3.5187536231884065,1.0855806370505854,5.98963685171312,0.21909658256890685,0.025472414250443408
MAC002257,Std,Affluent,0,0.083215035416131,0.3714741506646972,0.05604252406751821,3.9821935007385534,0.6407433884737156,4.311525878887277,0.2863160164982656,0.015985430224397478
MAC001863,Std,Adversity,0,0.058997813298792674,0.19774565560821486,0.04173313148793839,2.8217093206951023,0.729962972301985,3.298303232779333,0.32511623867562384,0.026715496689866017
MAC004902,Std,Comfortable,1,0.4597710245663734,3.625057910810811,0.7725108230801642,21.747664088931792,1.6246353958785817,7.976634214655176,0.13407671022821047,0.2614923103539341
MAC000381,Std,Comfortable,0,0.30040309176573576,0.9232486106944445,0.18268534961764568,14.401848611527779,0.6243172235077618,3.1631999353325044,0.34271528129904383,0.08728899894254348
